=== BEIR 5-dataset snapvec h2h ===
model=Stffens/bge-small-rrf-v3 dim=384 backends=['sqlite-vec', 'snapvec', 'snapvec-ivfpq'] datasets=['scifact', 'nfcorpus', 'scidocs', 'fiqa', 'arguana']

[1/2] embedding corpora + queries ...
  [scifact] 5183 docs (cached embeddings)
  [scifact] queries=1109 qrels=300
  [nfcorpus] 3633 docs (cached embeddings)
  [nfcorpus] queries=3237 qrels=323
  [scidocs] 25657 docs (cached embeddings)
  [scidocs] queries=1000 qrels=1000
  [fiqa] 57638 docs (cached embeddings)
  [fiqa] queries=6648 qrels=648
  [arguana] 8674 docs (cached embeddings)
  [arguana] queries=1406 qrels=1406

[2/2] evaluating ...
  [sqlite-vec/scifact] ...
    NDCG@10=0.7721  p50=15.92ms  ingest=0.61s
  [sqlite-vec/nfcorpus] ...
    NDCG@10=0.3775  p50=7.11ms  ingest=0.37s
  [sqlite-vec/scidocs] ...
slow query: 131.4ms query=A Direct Search Method to solve Economic Dispatch Problem wi… results=100 vec_w=0.90 fts_w=0.10
slow query: 102.1ms query=Issues in predicting and explaining usage behaviors with the… results=100 vec_w=0.90 fts_w=0.10
slow query: 149.7ms query=Genetic algorithms and Machine Learning results=100 vec_w=0.90 fts_w=0.10
    NDCG@10=0.1955  p50=50.68ms  ingest=2.61s
  [sqlite-vec/fiqa] ...
slow query: 182.1ms query=Where should I park my rainy-day / emergency fund? results=100 vec_w=0.89 fts_w=0.11
slow query: 107.9ms query=Tax considerations for selling a property below appraised va… results=100 vec_w=0.90 fts_w=0.10
slow query: 138.0ms query=Can the Delta be used to calculate the option premium given … results=100 vec_w=0.90 fts_w=0.10
slow query: 100.1ms query=What does a high operating margin but a small but positive R… results=100 vec_w=0.90 fts_w=0.10
slow query: 132.9ms query=Should you keep your stocks if you are too late to sell? results=100 vec_w=0.90 fts_w=0.10
slow query: 116.4ms query=What is the difference between a 'trader' and a 'stockbroker… results=100 vec_w=0.90 fts_w=0.10
slow query: 106.0ms query=Definitions of leverage and of leverage factor results=100 vec_w=0.90 fts_w=0.10
slow query: 144.9ms query=What does it mean if “IPOs - normally are sold with an `unde… results=100 vec_w=0.90 fts_w=0.10
slow query: 115.9ms query=How to donate to charity that will make a difference? results=100 vec_w=0.90 fts_w=0.10
slow query: 108.7ms query=Do brokers execute every trade on the exchange? results=100 vec_w=0.90 fts_w=0.10
slow query: 114.2ms query=Why can't house prices be out of tune with salaries results=100 vec_w=0.90 fts_w=0.10
slow query: 131.0ms query=Steps and timing of the SEIS investment (in the UK) results=100 vec_w=0.90 fts_w=0.10
slow query: 115.4ms query=How much should I be contributing to my 401k given my employ… results=100 vec_w=0.90 fts_w=0.10
slow query: 115.0ms query=Is there any emprical research done on 'adding to a loser' results=100 vec_w=0.90 fts_w=0.10
slow query: 117.8ms query=What is the difference between fixed-income duration and equ… results=100 vec_w=0.90 fts_w=0.10
slow query: 109.6ms query=What can I do with a physical stock certificate for a now-mu… results=100 vec_w=0.90 fts_w=0.10
slow query: 111.7ms query=Should you always max out contributions to your 401k? results=100 vec_w=0.90 fts_w=0.10
slow query: 107.9ms query=Paying Off Principal of Home vs. Investing In Mutual Fund results=100 vec_w=0.90 fts_w=0.10
slow query: 111.3ms query=How to incorporate dividends while calculating annual return… results=100 vec_w=0.90 fts_w=0.10
slow query: 112.9ms query=If I invest in securities denominated in a foreign currency,… results=100 vec_w=0.90 fts_w=0.10
slow query: 136.3ms query=How do I set up Quickbooks for a small property rental compa… results=100 vec_w=0.90 fts_w=0.10
slow query: 127.1ms query=Why big clients want the contractor to be incorporated befor… results=100 vec_w=0.90 fts_w=0.10
slow query: 119.1ms query=Put-Call parity - what is the difference between the two rep… results=100 vec_w=0.90 fts_w=0.10
slow query: 108.3ms query=Should I give to charity by check or credit card? results=100 vec_w=0.90 fts_w=0.10
slow query: 131.0ms query=Why are auto leases stubbornly strict about visa status and … results=100 vec_w=0.90 fts_w=0.10
slow query: 105.2ms query=Can I pay taxes using bill pay from my on-line checking acco… results=100 vec_w=0.90 fts_w=0.10
slow query: 101.7ms query=Why are US target retirement funds weighted so heavily towar… results=100 vec_w=0.90 fts_w=0.10
slow query: 118.8ms query=Is freelance income earned by a U.S. citizen while living ab… results=100 vec_w=0.90 fts_w=0.10
slow query: 126.3ms query=Is it a good investment for a foreigner to purchase a flat/a… results=100 vec_w=0.90 fts_w=0.10
slow query: 108.6ms query=When applying for a mortgage, can it also cover outstanding … results=100 vec_w=0.90 fts_w=0.10
slow query: 114.5ms query=Should I pay a company who failed to collect VAT from me ove… results=100 vec_w=0.90 fts_w=0.10
slow query: 101.5ms query=Should I wait a few days to sell ESPP Stock? results=100 vec_w=0.90 fts_w=0.10
slow query: 115.6ms query=What exchange rate does El Al use when converting final paym… results=100 vec_w=0.89 fts_w=0.11
slow query: 105.7ms query=When do I sell a stock that I hold as a long-term position? results=100 vec_w=0.90 fts_w=0.10
slow query: 156.9ms query=If I believe a stock is going to fall, what options do I hav… results=100 vec_w=0.90 fts_w=0.10
slow query: 117.2ms query=Will one’s education loan application be rejected if one doe… results=100 vec_w=0.89 fts_w=0.11
slow query: 119.3ms query=How FTB and IRS find mistakes in amended tax returns? Are th… results=100 vec_w=0.90 fts_w=0.10
slow query: 110.6ms query=US citizen transferring money to Indian fiance to buy proper… results=100 vec_w=0.89 fts_w=0.11
slow query: 130.1ms query=Opening a Roth IRA account, what is the fee structure for Va… results=100 vec_w=0.89 fts_w=0.11
slow query: 118.6ms query=Why do gas stations charge different amounts in the same loc… results=100 vec_w=0.90 fts_w=0.10
slow query: 131.2ms query=How to finance necessary repairs to our home in order to sel… results=100 vec_w=0.90 fts_w=0.10
slow query: 107.4ms query=Learning investing and the stock market results=100 vec_w=0.90 fts_w=0.10
slow query: 137.9ms query=Is it wise to have plenty of current accounts in different b… results=100 vec_w=0.90 fts_w=0.10
slow query: 123.3ms query=Why are historical prices of stocks different on different w… results=100 vec_w=0.90 fts_w=0.10
slow query: 102.8ms query=Why use accounting software like Quickbooks instead of Excel… results=100 vec_w=0.90 fts_w=0.10
slow query: 101.2ms query=Interest charges on balance transfer when purchases are invo… results=100 vec_w=0.90 fts_w=0.10
slow query: 107.2ms query=How to pay with cash when car shopping? results=100 vec_w=0.90 fts_w=0.10
slow query: 147.4ms query=What credit card information are offline US merchants allowe… results=100 vec_w=0.90 fts_w=0.10
slow query: 106.5ms query=How come we can find stocks with a Price-to-Book ratio less … results=100 vec_w=0.90 fts_w=0.10
slow query: 119.5ms query=I have around 60K $. Thinking about investing in Oil, how to… results=100 vec_w=0.90 fts_w=0.10
slow query: 146.1ms query=Can the risk of investing in an asset be different for diffe… results=100 vec_w=0.90 fts_w=0.10
slow query: 120.3ms query=What are some good books for learning stocks, bonds, derivat… results=100 vec_w=0.90 fts_w=0.10
slow query: 105.8ms query=Rollover into bond fund to do dollar cost averaging [duplica… results=100 vec_w=0.90 fts_w=0.10
slow query: 127.7ms query=HSBC Hong Kong's “Deposit Plus” Product: What is it, and wha… results=100 vec_w=0.88 fts_w=0.12
slow query: 122.0ms query=What does “profits to the shareholders jumped to 15 cents a … results=100 vec_w=0.87 fts_w=0.13
slow query: 123.1ms query=What is the average cost of a portfolio on a trading site? results=100 vec_w=0.90 fts_w=0.10
slow query: 114.5ms query=Why government bonds fluctuate so much, even though interest… results=100 vec_w=0.90 fts_w=0.10
slow query: 124.9ms query=What should I do with my $25k to invest as a 20 years old? results=100 vec_w=0.90 fts_w=0.10
slow query: 130.8ms query=What are the consequences of IRS “reclassification” on both … results=100 vec_w=0.90 fts_w=0.10
slow query: 138.0ms query=Are there any consequences for investing in Vanguard's Admir… results=100 vec_w=0.90 fts_w=0.10
slow query: 123.3ms query=Is there a way to open a U.S. bank account for my LLC remote… results=100 vec_w=0.90 fts_w=0.10
slow query: 102.1ms query=How to stress test an investment plan? results=100 vec_w=0.90 fts_w=0.10
slow query: 148.7ms query=what is the best way to do a freelancing job over the summer… results=100 vec_w=0.90 fts_w=0.10
slow query: 113.5ms query=Does financing a portfolio on margin affect the variance of … results=100 vec_w=0.90 fts_w=0.10
slow query: 102.7ms query=Intentions of Deductible Amount for Small Business results=100 vec_w=0.90 fts_w=0.10
slow query: 133.5ms query=Paid part of my state refund back last year; now must declar… results=100 vec_w=0.90 fts_w=0.10
slow query: 110.9ms query=How to bet against the London housing market? results=100 vec_w=0.90 fts_w=0.10
slow query: 128.7ms query=How can all these countries owe so much money?  Why & where … results=100 vec_w=0.90 fts_w=0.10
slow query: 146.4ms query=Better to get loan from finance company or bank considering … results=100 vec_w=0.90 fts_w=0.10
slow query: 108.8ms query=Dalbar: How can the average investor lose money? results=100 vec_w=0.90 fts_w=0.10
slow query: 131.9ms query=Why does the calculation for percentage profit vary based on… results=100 vec_w=0.90 fts_w=0.10
slow query: 103.1ms query=What is vested stock and yearly dividends? results=100 vec_w=0.90 fts_w=0.10
slow query: 141.0ms query=Am I “cheating the system” by opening up a tiny account with… results=100 vec_w=0.90 fts_w=0.10
slow query: 123.4ms query=How do you determine the dividend payout date for Mutual Fun… results=100 vec_w=0.90 fts_w=0.10
slow query: 116.4ms query=Am I required to have a lawyer create / oversee creation of … results=100 vec_w=0.90 fts_w=0.10
slow query: 136.4ms query=How to account for money earned and spent prior to establish… results=100 vec_w=0.90 fts_w=0.10
slow query: 108.6ms query=What happens when a calendar spread is assigned in a non-mar… results=100 vec_w=0.90 fts_w=0.10
slow query: 114.3ms query=Is it ever a good idea to close credit cards? results=100 vec_w=0.90 fts_w=0.10
slow query: 118.0ms query=Why is OkPay not allowed in the United States? results=100 vec_w=0.90 fts_w=0.10
slow query: 157.2ms query=Is it bad practice to invest in stocks that fluctuate by sin… results=100 vec_w=0.90 fts_w=0.10
slow query: 117.2ms query=How and Should I Invest (As a college 18 year old with minim… results=100 vec_w=0.90 fts_w=0.10
slow query: 106.7ms query=Is ScholarShare a legitimate entity for a 529 plan in Califo… results=100 vec_w=0.88 fts_w=0.12
slow query: 138.3ms query=What is the term for the quantity (high price minus low pric… results=100 vec_w=0.90 fts_w=0.10
slow query: 126.0ms query=Is it impossible to get a home loan with a poor credit histo… results=100 vec_w=0.90 fts_w=0.10
slow query: 125.2ms query=what is the best way of investment which gives returns forev… results=100 vec_w=0.90 fts_w=0.10
slow query: 146.3ms query=Cheapest way to “wire” money in an Australian bank account t… results=100 vec_w=0.89 fts_w=0.11
slow query: 110.6ms query=Should I finance a car to build credit for a mortgage next y… results=100 vec_w=0.90 fts_w=0.10
slow query: 120.3ms query=What are the tax benefits of dividends vs selling stock results=100 vec_w=0.90 fts_w=0.10
slow query: 106.2ms query=How do you translate a per year salary into a part-time per … results=100 vec_w=0.90 fts_w=0.10
slow query: 150.2ms query=What are the ins/outs of writing-off part of one's rent for … results=100 vec_w=0.90 fts_w=0.10
slow query: 138.6ms query=Does it make any sense to directly contribute to reducing th… results=100 vec_w=0.90 fts_w=0.10
slow query: 122.0ms query=Tax implications of exercising ISOs and using proceeds to ex… results=100 vec_w=0.90 fts_w=0.10
slow query: 127.1ms query=Where to find CSV or JSON data for publicly traded companies… results=100 vec_w=0.90 fts_w=0.10
slow query: 104.5ms query=Choosing the limit when making a limit order? results=100 vec_w=0.90 fts_w=0.10
slow query: 111.1ms query=AVS Address Verification System of BOTH Credit and Debit Car… results=100 vec_w=0.90 fts_w=0.10
slow query: 132.4ms query=I am not VAT registered. Do I need to buy from my supplier w… results=100 vec_w=0.90 fts_w=0.10
slow query: 226.7ms query=If I have a lot of debt and the housing market is rising, sh… results=100 vec_w=0.90 fts_w=0.10
slow query: 115.3ms query=Paid by an American company but working from France: where s… results=100 vec_w=0.90 fts_w=0.10
slow query: 129.8ms query=How to graph the market year over year? for example Dow Jone… results=100 vec_w=0.90 fts_w=0.10
slow query: 108.2ms query=Is there a reason to buy a 0% yield bond? results=100 vec_w=0.90 fts_w=0.10
slow query: 104.0ms query=Are personal finance / money management classes taught in hi… results=100 vec_w=0.90 fts_w=0.10
slow query: 103.1ms query=What typically happens to unvested stock during an acquisiti… results=100 vec_w=0.90 fts_w=0.10
slow query: 110.3ms query=Looking for good investment vehicle for seasonal work and sa… results=100 vec_w=0.90 fts_w=0.10
slow query: 104.2ms query=What approaches are there for pricing a small business? results=100 vec_w=0.90 fts_w=0.10
slow query: 117.4ms query=How do currency markets work? What factors are behind why cu… results=100 vec_w=0.90 fts_w=0.10
slow query: 129.1ms query=Is it possible to see option prices from the past? results=100 vec_w=0.90 fts_w=0.10
slow query: 104.3ms query=How to rescue my money from negative interest? results=100 vec_w=0.90 fts_w=0.10
slow query: 123.9ms query=Would the effects of an anticipated default by a nation be m… results=100 vec_w=0.90 fts_w=0.10
slow query: 115.6ms query=Tax implications of holding EWU (or other such UK ETFs) as a… results=100 vec_w=0.90 fts_w=0.10
slow query: 111.7ms query=Should I take a student loan to pursue my undergraduate stud… results=100 vec_w=0.90 fts_w=0.10
slow query: 122.4ms query=How would I go about selling the stock of a privately held c… results=100 vec_w=0.90 fts_w=0.10
slow query: 133.6ms query=What happened in Argentina in 2001 bank sector? did the bank… results=100 vec_w=0.90 fts_w=0.10
slow query: 125.8ms query=Can a car company refuse to give me a copy of my contract or… results=100 vec_w=0.90 fts_w=0.10
slow query: 148.0ms query=How to calculate the value of a bond that is priced to yield… results=100 vec_w=0.90 fts_w=0.10
slow query: 122.1ms query=Buy/Selling prices at the stock exchange represent someone S… results=100 vec_w=0.90 fts_w=0.10
slow query: 124.6ms query=Funds in closed bank account have gone to the government results=100 vec_w=0.90 fts_w=0.10
slow query: 115.3ms query=What does it mean “sell on ask” , “sell on bid” in stocks? results=100 vec_w=0.87 fts_w=0.13
slow query: 117.9ms query=Can PE ratio of stocks be compared to other investments? results=100 vec_w=0.90 fts_w=0.10
slow query: 100.7ms query=Can a Roth IRA be used as a savings account? results=100 vec_w=0.90 fts_w=0.10
slow query: 134.8ms query=What happens if stock purchased on margin plummets below wha… results=100 vec_w=0.90 fts_w=0.10
slow query: 137.4ms query=Pay off car loan entirely or leave $1 until the end of the l… results=100 vec_w=0.90 fts_w=0.10
slow query: 133.0ms query=Why should one only contribute up to the employer's match in… results=100 vec_w=0.90 fts_w=0.10
slow query: 115.3ms query=Is there any public data available to determine an ETF's hol… results=100 vec_w=0.90 fts_w=0.10
slow query: 116.7ms query=Stock Options for a company bought out in cash and stock results=100 vec_w=0.90 fts_w=0.10
slow query: 154.3ms query=What is the best way to get a “rough” home appraisal prior t… results=100 vec_w=0.90 fts_w=0.10
slow query: 101.6ms query=Applying for and receiving business credit results=100 vec_w=0.90 fts_w=0.10
slow query: 113.6ms query=Net Cash Flows from Selling the Bond and Investing results=100 vec_w=0.90 fts_w=0.10
slow query: 106.8ms query=Is there anything comparable to/resembling CNN's Fear and Gr… results=100 vec_w=0.90 fts_w=0.10
slow query: 124.4ms query=What are the consequences of not respecting a notice period … results=100 vec_w=0.90 fts_w=0.10
slow query: 131.5ms query=Is there any instance where less leverage will get you a bet… results=100 vec_w=0.90 fts_w=0.10
slow query: 133.8ms query=Why would anyone want to pay off their debts in a way other … results=100 vec_w=0.90 fts_w=0.10
slow query: 108.9ms query=Rationale behind using 12, 26 and 9 to calculate MACD results=100 vec_w=0.88 fts_w=0.12
slow query: 104.4ms query=A-B-C Class Shares: What's the difference? results=100 vec_w=0.90 fts_w=0.10
slow query: 101.6ms query=Where can end-of-day data be downloaded for corporate bonds? results=100 vec_w=0.90 fts_w=0.10
slow query: 136.2ms query=Does the expense ratio of a fund-of-funds include the expens… results=100 vec_w=0.90 fts_w=0.10
slow query: 100.6ms query=Do I need a new EIN since I am hiring employees for my LLC? results=100 vec_w=0.90 fts_w=0.10
slow query: 120.0ms query=Is there a more flexible stock chart service, e.g. permittin… results=100 vec_w=0.90 fts_w=0.10
slow query: 127.3ms query=How do I research, analyze, and choose the right mutual fund… results=100 vec_w=0.90 fts_w=0.10
slow query: 139.0ms query=How can I buy and sell the same stock on the same day? results=100 vec_w=0.90 fts_w=0.10
slow query: 137.0ms query=My friend wants to put my name down for a house he's buying.… results=100 vec_w=0.90 fts_w=0.10
slow query: 132.1ms query=Paying for things on credit and immediately paying them off:… results=100 vec_w=0.90 fts_w=0.10
slow query: 117.3ms query=Advantage of credit union or local community bank over large… results=100 vec_w=0.89 fts_w=0.11
slow query: 117.4ms query=Can I deduct interest and fees on a loan for qualified medic… results=100 vec_w=0.90 fts_w=0.10
slow query: 117.0ms query=How does Vanguard determine the optimal asset allocation for… results=100 vec_w=0.90 fts_w=0.10
slow query: 113.4ms query=Paying off a loan with a loan to get a better interest rate results=100 vec_w=0.90 fts_w=0.10
slow query: 137.6ms query=Given advice “buy term insurance and invest the rest”, how s… results=100 vec_w=0.88 fts_w=0.12
slow query: 145.2ms query=How to work around the Owner Occupancy Affidavit to buy anot… results=100 vec_w=0.90 fts_w=0.10
slow query: 126.4ms query=How does the bank/IRS know whether a bank transfer over $14k… results=100 vec_w=0.90 fts_w=0.10
slow query: 127.2ms query=What ways are there for us to earn a little extra side money… results=100 vec_w=0.90 fts_w=0.10
slow query: 119.1ms query=Why is early exercise generally not recommended for an in-th… results=100 vec_w=0.90 fts_w=0.10
slow query: 114.6ms query=Explain the details and benefits of rebalancing a retirement… results=100 vec_w=0.90 fts_w=0.10
slow query: 120.7ms query=Need a formula to determine monthly payments received at tim… results=100 vec_w=0.90 fts_w=0.10
slow query: 115.7ms query=Better to rent condo to daughter or put her on title? results=100 vec_w=0.90 fts_w=0.10
slow query: 123.9ms query=To pay off a student loan, should I save up a lump sum payof… results=100 vec_w=0.90 fts_w=0.10
slow query: 158.6ms query=Found an old un-cashed paycheck. How long is it good for? Wh… results=100 vec_w=0.90 fts_w=0.10
slow query: 117.3ms query=Why deep in the money options have very low liquidity results=100 vec_w=0.90 fts_w=0.10
slow query: 119.5ms query=What are my chances at getting a mortgage with Terrible cred… results=100 vec_w=0.90 fts_w=0.10
slow query: 122.0ms query=What does Chapter 11 Bankruptcy mean to an investor holding … results=100 vec_w=0.90 fts_w=0.10
slow query: 138.1ms query=What is a reasonable salary for the owner and sole member of… results=100 vec_w=0.90 fts_w=0.10
slow query: 115.2ms query=How to know precisely when a SWIFT is issued by a bank? results=100 vec_w=0.90 fts_w=0.10
slow query: 109.9ms query=Does the bid/ask concept exist in dealer markets? results=100 vec_w=0.90 fts_w=0.10
slow query: 120.8ms query=Will my father still be eligible for SNAP if I claim him as … results=100 vec_w=0.90 fts_w=0.10
slow query: 140.6ms query=How to read bond yield quotes? What do the time, coupon, pri… results=100 vec_w=0.90 fts_w=0.10
slow query: 134.1ms query=Pros/cons of borrowing money using a mortgage loan and inves… results=100 vec_w=0.90 fts_w=0.10
slow query: 108.0ms query=How should I prepare for the next financial crisis? results=100 vec_w=0.90 fts_w=0.10
slow query: 120.3ms query=How do I calculate tax liability on the turnover of a small … results=100 vec_w=0.90 fts_w=0.10
slow query: 114.1ms query=What should I be doing to protect myself from identity theft… results=100 vec_w=0.90 fts_w=0.10
slow query: 103.0ms query=Are there “buy and hold” passively managed funds? results=100 vec_w=0.87 fts_w=0.13
slow query: 125.9ms query=How do I notify the IRS of a new member to an LLC? results=100 vec_w=0.90 fts_w=0.10
slow query: 100.8ms query=Will an ETF immediately reflect a reconstitution of underlyi… results=100 vec_w=0.89 fts_w=0.11
slow query: 129.0ms query=For insurance, why should you refuse $4,000/year for only 10… results=100 vec_w=0.90 fts_w=0.10
slow query: 113.9ms query=Is this mortgage advice good, or is it hooey? results=100 vec_w=0.90 fts_w=0.10
slow query: 105.3ms query=How long do credit cards keep working after you disappear? results=100 vec_w=0.90 fts_w=0.10
slow query: 105.2ms query=What type of returns Vanguard is quoting? results=100 vec_w=0.90 fts_w=0.10
slow query: 161.5ms query=28 years old and just inherited large amount of money and re… results=100 vec_w=0.90 fts_w=0.10
slow query: 106.6ms query=Will the ex-homeowner still owe money after a foreclosure? results=100 vec_w=0.90 fts_w=0.10
slow query: 134.5ms query=Why are there many small banks and more banks in the U.S.? results=100 vec_w=0.90 fts_w=0.10
slow query: 116.5ms query=What do the points in a stock market index epresent? results=100 vec_w=0.90 fts_w=0.10
slow query: 111.6ms query=Mortgage loan implications when tearing down existing house … results=100 vec_w=0.90 fts_w=0.10
slow query: 115.4ms query=What accounted for DXJR's huge drop in stock price? results=100 vec_w=0.90 fts_w=0.10
slow query: 134.9ms query=Since many brokers disallow investors from shorting sub-$5 s… results=100 vec_w=0.90 fts_w=0.10
slow query: 125.3ms query=Can saving/investing 15% of your income starting age 25, lik… results=100 vec_w=0.90 fts_w=0.10
slow query: 122.3ms query=How can I deposit a check made out to my business into my pe… results=100 vec_w=0.90 fts_w=0.10
slow query: 103.3ms query=Interactive Brokers: IOPTS and list of structured products results=100 vec_w=0.89 fts_w=0.11
slow query: 123.1ms query=What's the difference, if any, between stock appreciation an… results=100 vec_w=0.90 fts_w=0.10
slow query: 137.1ms query=Has the likelihood of getting a lower interest rate by calli… results=100 vec_w=0.90 fts_w=0.10
slow query: 113.2ms query=How do you find an ethical, honest independent insurance bro… results=100 vec_w=0.90 fts_w=0.10
slow query: 136.8ms query=Clarification on student expenses - To file the tax for the … results=100 vec_w=0.90 fts_w=0.10
slow query: 115.5ms query=Frequency of investments to maximise returns (and minimise f… results=100 vec_w=0.89 fts_w=0.11
slow query: 151.1ms query=If an index goes up because an underlying company issues mor… results=100 vec_w=0.90 fts_w=0.10
slow query: 158.2ms query=Why don't share prices of a company rise every other Friday … results=100 vec_w=0.90 fts_w=0.10
slow query: 121.3ms query=Is it true that 90% of investors lose their money? results=100 vec_w=0.90 fts_w=0.10
slow query: 123.8ms query=Is working on a W2 basis, with benefits paid to me, a good i… results=100 vec_w=0.90 fts_w=0.10
slow query: 140.8ms query=What are my best options if I don't have a lot of credit lin… results=100 vec_w=0.90 fts_w=0.10
slow query: 117.9ms query=Any reason to keep around my account with my old, 'big' bank… results=100 vec_w=0.90 fts_w=0.10
slow query: 149.6ms query=Does it make sense to trade my GOOGL shares for GOOG and poc… results=100 vec_w=0.90 fts_w=0.10
slow query: 125.8ms query=Are non-residents or foreigners permitted to buy or own shar… results=100 vec_w=0.90 fts_w=0.10
slow query: 140.0ms query=What is the rough estimate of salary value for a taxpayer to… results=100 vec_w=0.90 fts_w=0.10
slow query: 140.8ms query=What were the main causes of the spike and drop of DRYS's st… results=100 vec_w=0.90 fts_w=0.10
slow query: 117.1ms query=Is is possible to take a mortgage using Bitcoin as collatera… results=100 vec_w=0.90 fts_w=0.10
slow query: 115.2ms query=Work on the side for my wife's company results=100 vec_w=0.90 fts_w=0.10
slow query: 109.2ms query=Claiming mileage allowances, what are the rules/guidelines? results=100 vec_w=0.90 fts_w=0.10
slow query: 116.1ms query=Is it possible to buy commodity ETFs (e.g. silver) through Q… results=100 vec_w=0.90 fts_w=0.10
slow query: 101.4ms query=Can I trust the Motley Fool? results=100 vec_w=0.89 fts_w=0.11
slow query: 111.2ms query=How to correct a tax return filed electronically and already… results=100 vec_w=0.90 fts_w=0.10
slow query: 121.0ms query=Can I calculate stock value with Williams%R if I know the la… results=100 vec_w=0.90 fts_w=0.10
slow query: 103.2ms query=How much should a graduate student attempt to save? results=100 vec_w=0.90 fts_w=0.10
slow query: 116.6ms query=Are solar cell panels and wind mills worth the money? results=100 vec_w=0.89 fts_w=0.11
slow query: 106.4ms query=Pros and Cons of Interest Only Loans results=100 vec_w=0.90 fts_w=0.10
slow query: 109.7ms query=Advice on strategy for when to sell results=100 vec_w=0.90 fts_w=0.10
slow query: 112.6ms query=Does the currency exchange rate contain any additional infor… results=100 vec_w=0.90 fts_w=0.10
slow query: 109.1ms query=Transfer $50k to another person's account (in California, US… results=100 vec_w=0.90 fts_w=0.10
slow query: 104.0ms query=Does doing your “research”/“homework” on stocks make any sen… results=100 vec_w=0.89 fts_w=0.11
slow query: 102.1ms query=Rules for SEP contributions in an LLC? results=100 vec_w=0.90 fts_w=0.10
slow query: 117.9ms query=What margin is required to initiate and maintain a short sal… results=100 vec_w=0.90 fts_w=0.10
slow query: 120.2ms query=When can you adjust for (and re-allow) a disallowed year-end… results=100 vec_w=0.90 fts_w=0.10
slow query: 122.5ms query=Where to request ACH Direct DEBIT of funds from MY OWN perso… results=100 vec_w=0.90 fts_w=0.10
slow query: 118.1ms query=How long to wait after getting a mortgage to increase my cre… results=100 vec_w=0.90 fts_w=0.10
slow query: 105.7ms query=How is the Dow divisor calculated? results=100 vec_w=0.89 fts_w=0.11
slow query: 102.1ms query=What are some well known or well regarded arguments against … results=100 vec_w=0.90 fts_w=0.10
slow query: 109.6ms query=Where to find free Thailand stock recommendations and resear… results=100 vec_w=0.90 fts_w=0.10
slow query: 135.0ms query=What is the theory behind Rick Van Ness's risk calculation i… results=100 vec_w=0.89 fts_w=0.11
slow query: 131.3ms query=Buy a parking spot and rent it out, or invest savings in an … results=100 vec_w=0.90 fts_w=0.10
slow query: 102.2ms query=How and where do companies publish financial reports? results=100 vec_w=0.90 fts_w=0.10
slow query: 112.2ms query=How can I determine if a FHA loan refinance offer is from a … results=100 vec_w=0.90 fts_w=0.10
slow query: 122.7ms query=Is there an advantage to a traditional but non-deductable IR… results=100 vec_w=0.90 fts_w=0.10
slow query: 129.0ms query=How do auto-loan payments factor into taxes for cars that ar… results=100 vec_w=0.90 fts_w=0.10
slow query: 100.7ms query=Typically how many digits are in a cheque number? results=100 vec_w=0.90 fts_w=0.10
slow query: 116.5ms query=Pay off credit cards in one lump sum, or spread over a few m… results=100 vec_w=0.90 fts_w=0.10
slow query: 127.3ms query=What should I do with the 50k I have sitting in a European b… results=100 vec_w=0.90 fts_w=0.10
slow query: 109.4ms query=Approximate IT company valuation (to proximate stock options… results=100 vec_w=0.90 fts_w=0.10
slow query: 133.9ms query=What are some way to transfer money from Hong Kong to India … results=100 vec_w=0.90 fts_w=0.10
slow query: 123.3ms query=Calculation, timing, and taxes related to profit distributio… results=100 vec_w=0.90 fts_w=0.10
slow query: 142.2ms query=In US, is it a good idea to hire a tax consultant for doing … results=100 vec_w=0.90 fts_w=0.10
slow query: 112.9ms query=How does spot-futures arbitrage work in the gold market? results=100 vec_w=0.90 fts_w=0.10
slow query: 119.6ms query=Why are we taxed on revenue and companies on profit? results=100 vec_w=0.90 fts_w=0.10
slow query: 128.4ms query=How do you calculate return on investment for a share of sto… results=100 vec_w=0.90 fts_w=0.10
slow query: 117.0ms query=What is the difference between fund and portfolio? results=100 vec_w=0.90 fts_w=0.10
slow query: 125.0ms query=Why might it be advisable to keep student debt vs. paying it… results=100 vec_w=0.90 fts_w=0.10
slow query: 123.4ms query=Strategies to recover from a bad short-term call options pur… results=100 vec_w=0.90 fts_w=0.10
slow query: 107.4ms query=Are Australian mutual fund fees large compared to US? results=100 vec_w=0.90 fts_w=0.10
slow query: 112.6ms query=How to change a large quantity of U.S. dollars into Euros? results=100 vec_w=0.90 fts_w=0.10
slow query: 148.3ms query=Any Tips on How to Get the Highest Returns Within 4 Months b… results=100 vec_w=0.90 fts_w=0.10
slow query: 127.9ms query=How can I live outside of the rat race of American life with… results=100 vec_w=0.90 fts_w=0.10
slow query: 162.8ms query=Is it possible to transfer stock I already own into my Roth … results=100 vec_w=0.90 fts_w=0.10
slow query: 107.1ms query=I have more than $250,000 in a US Bank account… mistake? results=100 vec_w=0.90 fts_w=0.10
slow query: 145.9ms query="When people say 'Interest rates are at all time low!"" … Wh… results=100 vec_w=0.90 fts_w=0.10
slow query: 133.4ms query=What is the tax treatment of scrip dividends in the UK? results=100 vec_w=0.90 fts_w=0.10
slow query: 161.8ms query=Why could the serious financial woes of some EU member state… results=100 vec_w=0.90 fts_w=0.10
slow query: 108.0ms query=May I claim money earned but not received in 2012 results=100 vec_w=0.90 fts_w=0.10
slow query: 103.5ms query=What will my taxes be as self employed? results=100 vec_w=0.90 fts_w=0.10
slow query: 176.1ms query=How to minimise the risk of a reduction in purchase power in… results=100 vec_w=0.90 fts_w=0.10
slow query: 109.4ms query=Is there any flaw in this investment scheme? results=100 vec_w=0.90 fts_w=0.10
slow query: 115.4ms query=How does revenue shared with someone else go into my tax ret… results=100 vec_w=0.90 fts_w=0.10
slow query: 175.2ms query=Is it a good idea to get an unsecured loan to pay off a cred… results=100 vec_w=0.90 fts_w=0.10
slow query: 116.5ms query=How is the opening-day price of a stock decided? results=100 vec_w=0.90 fts_w=0.10
slow query: 118.2ms query=When should you use an actively managed mutual fund in a 401… results=100 vec_w=0.90 fts_w=0.10
slow query: 128.0ms query=Why is the stock market rising after Trump's attack on the T… results=100 vec_w=0.90 fts_w=0.10
slow query: 134.1ms query=Can another tax loss be used to offset capital gains taxes? … results=100 vec_w=0.90 fts_w=0.10
slow query: 149.5ms query=What happens with the “long” buyer of a stock when somebody … results=100 vec_w=0.90 fts_w=0.10
slow query: 120.9ms query=Who are the sellers for the new public stocks? results=100 vec_w=0.90 fts_w=0.10
slow query: 126.4ms query=How are various types of income taxed differently in the USA… results=100 vec_w=0.90 fts_w=0.10
slow query: 152.7ms query=Is there any site you can find out about the 'bonus features… results=100 vec_w=0.90 fts_w=0.10
slow query: 143.5ms query=As an investor what are side effects of Quantitative Easing … results=100 vec_w=0.90 fts_w=0.10
slow query: 107.4ms query=Can capital expenses for volunteer purposes be deducted from… results=100 vec_w=0.90 fts_w=0.10
slow query: 139.1ms query=What can my relatives do to minimize their out of pocket exp… results=100 vec_w=0.90 fts_w=0.10
slow query: 141.6ms query=Do I have to pay a capital gains tax if I rebuy the same sto… results=100 vec_w=0.90 fts_w=0.10
slow query: 121.3ms query=Why would you elect to apply a refund to next year's tax bil… results=100 vec_w=0.90 fts_w=0.10
slow query: 102.8ms query=What are reasonable administrative fees for an IRA? results=100 vec_w=0.90 fts_w=0.10
slow query: 126.6ms query=How and why does the exchange rate of a currency change almo… results=100 vec_w=0.90 fts_w=0.10
slow query: 117.4ms query=I made an investment with a company that contacted me, was i… results=100 vec_w=0.90 fts_w=0.10
slow query: 148.4ms query=Is the contribution towards Employment Insurance (EI) wasted… results=100 vec_w=0.90 fts_w=0.10
slow query: 117.7ms query=What to ask Warren Buffet at the Berkshire Hathaway sharehol… results=100 vec_w=0.89 fts_w=0.11
slow query: 136.1ms query=My previous and current employers both use Fidelity for 401(… results=100 vec_w=0.90 fts_w=0.10
slow query: 126.6ms query=Is it best to exercise options shares when they vest, or wai… results=100 vec_w=0.90 fts_w=0.10
slow query: 169.6ms query=What is the best way to invest in gold as a hedge against in… results=100 vec_w=0.90 fts_w=0.10
slow query: 140.0ms query=Which colors can one use to fill out a check in the US? results=100 vec_w=0.90 fts_w=0.10
slow query: 130.1ms query=What happens to all of the options when they expire? results=100 vec_w=0.90 fts_w=0.10
slow query: 104.9ms query=Best way to buy Japanese yen for travel? results=100 vec_w=0.90 fts_w=0.10
slow query: 125.1ms query=Can somebody explain “leveraged debt investment positions” a… results=100 vec_w=0.87 fts_w=0.13
slow query: 105.0ms query=Selling mutual fund and buying equivalent ETF: Can I 1031 ex… results=100 vec_w=0.90 fts_w=0.10
slow query: 129.3ms query=Where to find the 5 or 10 year returns for a mutual fund? results=100 vec_w=0.90 fts_w=0.10
slow query: 115.9ms query=LLC: Where should the funds for initial startup costs come f… results=100 vec_w=0.90 fts_w=0.10
slow query: 105.5ms query=What is considered high or low when talking about volume? results=100 vec_w=0.90 fts_w=0.10
slow query: 108.5ms query=Lost credit card replaced with new card and new numbers. Cre… results=100 vec_w=0.90 fts_w=0.10
slow query: 121.2ms query=What is the formula for the Tesla Finance calculation? results=100 vec_w=0.90 fts_w=0.10
slow query: 107.7ms query=Can vet / veterinary bills be considered deductions (tax-ded… results=100 vec_w=0.89 fts_w=0.11
slow query: 119.9ms query=does interest payment on loan stay the same if I pay early results=100 vec_w=0.90 fts_w=0.10
slow query: 101.8ms query=Invest in low cost small cap index funds when saving towards… results=100 vec_w=0.90 fts_w=0.10
slow query: 116.1ms query=If early exercise is a bad idea, why American option is more… results=100 vec_w=0.90 fts_w=0.10
slow query: 127.3ms query=Why do stocks priced above $2.00 on the ASX sometimes move i… results=100 vec_w=0.89 fts_w=0.11
slow query: 151.7ms query=0% APR first 12 months on new credit card. Can I exceed that… results=100 vec_w=0.90 fts_w=0.10
slow query: 171.1ms query=Why can't you just have someone invest for you and split the… results=100 vec_w=0.90 fts_w=0.10
slow query: 141.1ms query=Online tool to connect to my bank account and tell me what I… results=100 vec_w=0.90 fts_w=0.10
slow query: 101.5ms query=Purchasing ETFs when (pretty much) everything else is maxed … results=100 vec_w=0.90 fts_w=0.10
slow query: 104.3ms query=Is investing exlusively in a small-cap index fund a wise inv… results=100 vec_w=0.89 fts_w=0.11
slow query: 100.9ms query=Investing in commodities, pros and cons? results=100 vec_w=0.90 fts_w=0.10
slow query: 143.8ms query=What are the ins/outs of writing equipment purchases off as … results=100 vec_w=0.90 fts_w=0.10
slow query: 101.4ms query=How to exclude stock from mutual fund results=100 vec_w=0.90 fts_w=0.10
slow query: 101.0ms query=Are “hard money loans” meant only for real estate? results=100 vec_w=0.88 fts_w=0.12
slow query: 169.6ms query=Can the beta of a stock be used as a lagging indicator for t… results=100 vec_w=0.90 fts_w=0.10
slow query: 145.0ms query=Are bond ETF capital gains taxed similar to stock or stock f… results=100 vec_w=0.90 fts_w=0.10
slow query: 121.5ms query=What are the common moving averages used in a “Golden Cross”… results=100 vec_w=0.89 fts_w=0.11
slow query: 110.1ms query=Do high interest rates lead to higher bond yields or lower? results=100 vec_w=0.90 fts_w=0.10
slow query: 116.5ms query=Should I make extra payments to my under water mortgage or i… results=100 vec_w=0.90 fts_w=0.10
slow query: 102.2ms query=Alternative means of salary for my employees results=100 vec_w=0.90 fts_w=0.10
slow query: 147.8ms query=How are the best way to make and save money at 22 years old results=100 vec_w=0.90 fts_w=0.10
slow query: 108.1ms query=Pay off mortgage or invest in high value saving account results=100 vec_w=0.90 fts_w=0.10
slow query: 119.8ms query=California tells me I didn't file documents for an LLC that … results=100 vec_w=0.90 fts_w=0.10
slow query: 106.0ms query=What happens to bonds values when interest rates rise? [dupl… results=100 vec_w=0.90 fts_w=0.10
slow query: 127.8ms query=Best way to make most of savings with ISA and Offset mortgag… results=100 vec_w=0.90 fts_w=0.10
slow query: 107.7ms query=What items are exempt from the VAT? [U.K.] results=100 vec_w=0.90 fts_w=0.10
slow query: 104.9ms query=Do individual investors use Google to obtain stock quotes? results=100 vec_w=0.90 fts_w=0.10
slow query: 127.9ms query=What explains the enormous increase in gold price in the ear… results=100 vec_w=0.89 fts_w=0.11
slow query: 129.3ms query=Is there any US bank that does not charge for incoming wire … results=100 vec_w=0.90 fts_w=0.10
slow query: 102.7ms query=Money-market or cash-type ETFs for foreigners with U.S broke… results=100 vec_w=0.90 fts_w=0.10
slow query: 127.7ms query=Why does Yahoo Finance's data for a Vanguard fund's dividend… results=100 vec_w=0.90 fts_w=0.10
slow query: 150.6ms query=Probablity of touching In the money vs expiring in the money… results=100 vec_w=0.90 fts_w=0.10
slow query: 110.1ms query=Where does the money go when I buy stocks? results=100 vec_w=0.90 fts_w=0.10
slow query: 104.0ms query=How to calculate my estimated taxes. 1099 MISC + Self Employ… results=100 vec_w=0.89 fts_w=0.11
slow query: 130.9ms query=How should I save money if the real interest rate (after inf… results=100 vec_w=0.90 fts_w=0.10
slow query: 103.5ms query=what would you do with $100K saving? results=100 vec_w=0.90 fts_w=0.10
slow query: 110.3ms query=What's an economic explanation for why greeting cards are so… results=100 vec_w=0.90 fts_w=0.10
slow query: 172.4ms query=Do common stocks and preferred stocks have any differences i… results=100 vec_w=0.90 fts_w=0.10
slow query: 112.5ms query=How do you determine “excess cash” for Enterprise Value calc… results=100 vec_w=0.88 fts_w=0.12
slow query: 116.7ms query=Are all financial advisors compensated in the same way? results=100 vec_w=0.90 fts_w=0.10
slow query: 107.7ms query=Do stock option prices predicate the underlying stock's move… results=100 vec_w=0.90 fts_w=0.10
slow query: 136.4ms query=What is the proper way to report additional income for taxes… results=100 vec_w=0.90 fts_w=0.10
slow query: 103.9ms query=Have plenty of cash flow but bad credit results=100 vec_w=0.90 fts_w=0.10
slow query: 113.2ms query=What are “upstream investments” and “downstream investments”… results=100 vec_w=0.83 fts_w=0.17
slow query: 108.9ms query=How does a bank make money on an interest free secured loan? results=100 vec_w=0.90 fts_w=0.10
slow query: 163.8ms query=How to contribute to Roth IRA when income is at the maximum … results=100 vec_w=0.90 fts_w=0.10
slow query: 170.1ms query=Buying an investment property in Australia - what are the ad… results=100 vec_w=0.90 fts_w=0.10
slow query: 127.1ms query=Does the IRS reprieve those who have to commute for work? results=100 vec_w=0.90 fts_w=0.10
slow query: 139.4ms query=Is it okay to be married, 30 years old and have no retiremen… results=100 vec_w=0.90 fts_w=0.10
slow query: 104.7ms query=Reasons behind a large price movement of a penny stock witho… results=100 vec_w=0.90 fts_w=0.10
slow query: 106.1ms query=As a 22-year-old, how risky should I be with my 401(k) inves… results=100 vec_w=0.90 fts_w=0.10
slow query: 121.5ms query=What to do with an old building to get money results=100 vec_w=0.90 fts_w=0.10
slow query: 123.6ms query=Formula that predicts whether one is better off investing or… results=100 vec_w=0.90 fts_w=0.10
slow query: 111.2ms query=What fiscal scrutiny can be expected from IRS in early retir… results=100 vec_w=0.90 fts_w=0.10
slow query: 122.9ms query=Are there index tracking funds that avoid the “buy high - se… results=100 vec_w=0.89 fts_w=0.11
slow query: 149.2ms query=How does the importance of a cash emergency fund change when… results=100 vec_w=0.90 fts_w=0.10
slow query: 110.2ms query=Are stories of turning a few thousands into millions by trad… results=100 vec_w=0.90 fts_w=0.10
slow query: 121.5ms query=Why would this kind of penny stock increase so much in value… results=100 vec_w=0.90 fts_w=0.10
slow query: 108.6ms query=What is the US Fair Tax? results=100 vec_w=0.90 fts_w=0.10
slow query: 170.9ms query=What is the PEG ratio? How is the PEG ratio calculated? How … results=100 vec_w=0.90 fts_w=0.10
slow query: 128.2ms query=What is the difference between a structured collar and a nor… results=100 vec_w=0.90 fts_w=0.10
slow query: 109.2ms query=What is market order's relation to bid ask spread? results=100 vec_w=0.90 fts_w=0.10
slow query: 135.6ms query=In the US, does getting a loan with a cosigner, help your cr… results=100 vec_w=0.90 fts_w=0.10
slow query: 109.2ms query=Which is better when working as a contractor, 1099 or incorp… results=100 vec_w=0.90 fts_w=0.10
slow query: 119.2ms query=Is a public company allowed to issue new shares below market… results=100 vec_w=0.90 fts_w=0.10
slow query: 100.4ms query=How can I calculate a “running” return using XIRR in a sprea… results=100 vec_w=0.88 fts_w=0.12
slow query: 115.7ms query=Does a company's stock price give any indication to or affec… results=100 vec_w=0.90 fts_w=0.10
slow query: 122.2ms query=What could happen to Detroit Municipal bonds because of Detr… results=100 vec_w=0.90 fts_w=0.10
slow query: 118.4ms query=What options are available for a home loan with poor credit … results=100 vec_w=0.90 fts_w=0.10
slow query: 140.9ms query=Do investors go long option contracts when they cannot cover… results=100 vec_w=0.90 fts_w=0.10
slow query: 120.1ms query=If our economy crashes, and cash is worthless, should i buy … results=100 vec_w=0.90 fts_w=0.10
slow query: 103.7ms query=What causes US Treasury I bond fixed interest to increase? results=100 vec_w=0.90 fts_w=0.10
slow query: 112.1ms query=What's the difference between Market Cap and NAV? results=100 vec_w=0.90 fts_w=0.10
slow query: 118.0ms query=Why do people buy US dollars on the black market? results=100 vec_w=0.90 fts_w=0.10
slow query: 106.0ms query=understanding the process/payment of short sale dividends results=100 vec_w=0.90 fts_w=0.10
slow query: 108.9ms query=How can I detect potential fraud in a company before investi… results=100 vec_w=0.90 fts_w=0.10
slow query: 124.5ms query=Is it possible for US retail forex traders to trade exotic c… results=100 vec_w=0.90 fts_w=0.10
slow query: 148.6ms query=I don't live in America. How can I buy IPO stock of newly li… results=100 vec_w=0.90 fts_w=0.10
slow query: 121.8ms query=How is taxation for youtube/twitch etc monetization handled … results=100 vec_w=0.89 fts_w=0.11
slow query: 143.4ms query=What is the best way to help my dad consolidate his credit c… results=100 vec_w=0.90 fts_w=0.10
slow query: 171.3ms query=Can you explain why it's better to invest now rather than wa… results=100 vec_w=0.90 fts_w=0.10
slow query: 115.0ms query=Historical stock prices: Where to find free / low cost data … results=100 vec_w=0.90 fts_w=0.10
slow query: 149.3ms query=What to do when a job offer is made but with a salary less t… results=100 vec_w=0.90 fts_w=0.10
slow query: 110.0ms query=Why sometimes payable date is BEFORE the ex-dividend date? results=100 vec_w=0.90 fts_w=0.10
slow query: 100.4ms query=FX losses on non-UK mortgage for UK property - tax deductabl… results=100 vec_w=0.90 fts_w=0.10
slow query: 109.1ms query=Receive credit card payment sending my customer details to a… results=100 vec_w=0.90 fts_w=0.10
slow query: 113.6ms query=Is there a dollar amount that, when adding Massachusetts Sal… results=100 vec_w=0.90 fts_w=0.10
slow query: 120.9ms query=Which U.S. online discount broker is the best value for mone… results=100 vec_w=0.90 fts_w=0.10
slow query: 106.8ms query=Will there always be somebody selling/buying in every stock? results=100 vec_w=0.90 fts_w=0.10
slow query: 107.1ms query=How to calculate ownership for property with a partner results=100 vec_w=0.90 fts_w=0.10
slow query: 110.7ms query=How to fix Finance::Quote to pull quotes in GnuCash results=100 vec_w=0.90 fts_w=0.10
slow query: 112.7ms query=Investing in hemp producers in advance of possible legalizat… results=100 vec_w=0.89 fts_w=0.11
slow query: 146.8ms query=What are a few sites that make it easy to invest in high int… results=100 vec_w=0.90 fts_w=0.10
slow query: 103.6ms query=How long can I convert 401(k) to Roth 401(k)? results=100 vec_w=0.90 fts_w=0.10
slow query: 108.8ms query=Investing/business with other people's money: How does it wo… results=100 vec_w=0.90 fts_w=0.10
slow query: 105.6ms query=How to sell a stock in a crashing market? results=100 vec_w=0.90 fts_w=0.10
slow query: 165.8ms query=If I were to get into a life situation where I would not be … results=100 vec_w=0.90 fts_w=0.10
slow query: 132.4ms query=What extra information might be obtained from the next highe… results=100 vec_w=0.90 fts_w=0.10
slow query: 131.0ms query=What are the risks & rewards of being a self-employed indepe… results=100 vec_w=0.90 fts_w=0.10
slow query: 108.9ms query=Net loss not distributed by mutual funds to their shareholde… results=100 vec_w=0.90 fts_w=0.10
slow query: 102.7ms query=Fees aside, what factors could account for performance diffe… results=100 vec_w=0.90 fts_w=0.10
slow query: 102.7ms query=What's the fuss about identity theft? results=100 vec_w=0.90 fts_w=0.10
slow query: 114.1ms query=How do I calculate the quarterly returns of a stock index? results=100 vec_w=0.90 fts_w=0.10
slow query: 113.3ms query=What's the difference between Term and Whole Life insurance? results=100 vec_w=0.90 fts_w=0.10
slow query: 108.4ms query=Why naked call writing is risky compare to Covered call? results=100 vec_w=0.90 fts_w=0.10
slow query: 142.7ms query=How do I deal with a mistaken attempt to collect a debt from… results=100 vec_w=0.90 fts_w=0.10
slow query: 117.3ms query=To whom should I report fraud on both of my credit cards? results=100 vec_w=0.90 fts_w=0.10
slow query: 113.5ms query=Can a trade happen “in between” the bid and ask price? results=100 vec_w=0.89 fts_w=0.11
slow query: 110.9ms query=Pros / cons of being more involved with IRA investments [dup… results=100 vec_w=0.90 fts_w=0.10
slow query: 102.6ms query=Warren Buffett and Charles Munger advice for small investors… results=100 vec_w=0.86 fts_w=0.14
slow query: 128.2ms query=Is it possible to create a self-managed superannuation fund … results=100 vec_w=0.89 fts_w=0.11
slow query: 111.8ms query=Can a bunch of wealthy people force Facebook to go public? results=100 vec_w=0.90 fts_w=0.10
slow query: 136.7ms query=Accidentally opened a year term CD account, then realized I … results=100 vec_w=0.90 fts_w=0.10
slow query: 150.3ms query=If the U.S. defaults on its debt, what will happen to my ban… results=100 vec_w=0.90 fts_w=0.10
slow query: 110.0ms query=How can I determine if a debt consolidation offer is real or… results=100 vec_w=0.90 fts_w=0.10
slow query: 125.6ms query=Where to find the full book of outstanding bids/asks for a s… results=100 vec_w=0.90 fts_w=0.10
slow query: 105.9ms query=Merits of buying apartment houses and renting them results=100 vec_w=0.90 fts_w=0.10
slow query: 124.2ms query=Close to retirement & we may move within 7 years. Should we … results=100 vec_w=0.90 fts_w=0.10
slow query: 115.5ms query=Has anyone created a documentary about folks who fail to sav… results=100 vec_w=0.90 fts_w=0.10
slow query: 130.2ms query=How to deposit a cheque issued to an associate in my busines… results=100 vec_w=0.90 fts_w=0.10
slow query: 116.0ms query=Can increasing my tax withholding from my full-time job cove… results=100 vec_w=0.90 fts_w=0.10
slow query: 132.6ms query=Is there a standard or best practice way to handle money fro… results=100 vec_w=0.90 fts_w=0.10
slow query: 143.8ms query=Does freedom to provide services allow me contracting in Ger… results=100 vec_w=0.90 fts_w=0.10
slow query: 155.4ms query=IS it the wrong time to get into the equity market immediate… results=100 vec_w=0.90 fts_w=0.10
slow query: 131.7ms query=Would it make sense to sell a stock, then repurchase it for … results=100 vec_w=0.90 fts_w=0.10
slow query: 119.8ms query=What's the formula for profits and losses when I delta hedge… results=100 vec_w=0.90 fts_w=0.10
slow query: 117.7ms query=What evidence do I need to declare tutoring income on my inc… results=100 vec_w=0.90 fts_w=0.10
slow query: 138.2ms query=UK sole trader who often buys products/services on behalf of… results=100 vec_w=0.90 fts_w=0.10
slow query: 126.4ms query=How high should I set my KickStarter funding goal in order t… results=100 vec_w=0.90 fts_w=0.10
slow query: 123.0ms query=Can I get a discount on merchandise by paying with cash inst… results=100 vec_w=0.90 fts_w=0.10
slow query: 113.0ms query=Should an ADR that is being delisted be sold off? results=100 vec_w=0.90 fts_w=0.10
slow query: 111.4ms query=Should I re-allocate my portfolio now or let it balance out … results=100 vec_w=0.90 fts_w=0.10
slow query: 123.2ms query=What investments are positively related to the housing marke… results=100 vec_w=0.90 fts_w=0.10
slow query: 113.5ms query=How to calculate new price for bond if yield increases results=100 vec_w=0.90 fts_w=0.10
slow query: 109.2ms query=If I deposit money as cash does it count as direct deposit? results=100 vec_w=0.90 fts_w=0.10
slow query: 119.8ms query=What percentage of my company should I have if I only put mo… results=100 vec_w=0.90 fts_w=0.10
slow query: 106.6ms query=What tax software automatically determines the best filing s… results=100 vec_w=0.90 fts_w=0.10
slow query: 131.2ms query=What is the easiest way to back-test index funds and ETFs? results=100 vec_w=0.90 fts_w=0.10
slow query: 115.3ms query=Dealership made me the secondary owner to my own car results=100 vec_w=0.90 fts_w=0.10
slow query: 175.7ms query=Can I open a bank account in the US remotely? Will I pay tax… results=100 vec_w=0.90 fts_w=0.10
slow query: 118.4ms query=Why do put option prices go higher when the underlying stock… results=100 vec_w=0.90 fts_w=0.10
slow query: 117.2ms query=Why do some companies report how well their EBITDA performed… results=100 vec_w=0.90 fts_w=0.10
slow query: 267.5ms query=Is is possible to dispute IRS underpayment penalties? results=100 vec_w=0.89 fts_w=0.11
slow query: 148.9ms query=As an employee, when is it inappropriate to request to see y… results=100 vec_w=0.90 fts_w=0.10
slow query: 158.7ms query=How can I determine if my rate of return is “good” for the m… results=100 vec_w=0.90 fts_w=0.10
slow query: 170.3ms query=Where can I buy stocks if I only want to invest a little bit… results=100 vec_w=0.90 fts_w=0.10
slow query: 116.1ms query=Using credit card points to pay for tax deductible business … results=100 vec_w=0.90 fts_w=0.10
slow query: 107.6ms query=How to find cheaper alternatives to a traditional home telep… results=100 vec_w=0.89 fts_w=0.11
    NDCG@10=0.4652  p50=109.66ms  ingest=5.27s
  [sqlite-vec/arguana] ...
slow query: 5267.0ms query=Being vegetarian helps the environment  Becoming a vegetaria… results=100 vec_w=0.90 fts_w=0.10
slow query: 1897.6ms query=It is immoral to kill animals  As evolved human beings it is… results=100 vec_w=0.90 fts_w=0.10
slow query: 711.7ms query=Vegetarianism is healthier  There are significant health ben… results=100 vec_w=0.90 fts_w=0.10
slow query: 235.8ms query=Being vegetarian reduces risks of food poisoning  Almost all… results=100 vec_w=0.90 fts_w=0.10
slow query: 204.4ms query=There are problems with being vegetarian  A vegetarian or ve… results=100 vec_w=0.90 fts_w=0.10
slow query: 406.4ms query=Survival of the fittest  It is natural for human beings to f… results=100 vec_w=0.90 fts_w=0.10
slow query: 451.8ms query=Humans can choose their own nutrition plan  Humans are omniv… results=100 vec_w=0.90 fts_w=0.10
slow query: 273.1ms query=Animal research causes severe harm to the animals involved  … results=100 vec_w=0.90 fts_w=0.10
slow query: 308.3ms query=Animals shouldn’t be harmed  The difference between us and o… results=100 vec_w=0.90 fts_w=0.10
slow query: 176.5ms query=It isn’t necessary  We don’t know how we will be able to dev… results=100 vec_w=0.90 fts_w=0.10
slow query: 102.6ms query=Most animals can suffer more than some people  It’s possible… results=100 vec_w=0.90 fts_w=0.10
slow query: 108.7ms query=People will die if we don’t do animal testing  Every year, 2… results=100 vec_w=0.90 fts_w=0.10
slow query: 140.0ms query=Research animals are well treated  Animals used in research … results=100 vec_w=0.90 fts_w=0.10
slow query: 149.2ms query=Animal research is only used when it’s needed  EU member sta… results=100 vec_w=0.90 fts_w=0.10
slow query: 180.9ms query=Testing is needed for really new drugs  The real benefit of … results=100 vec_w=0.90 fts_w=0.10
slow query: 119.0ms query=Animals don’t have human rights  Humans have large brains, f… results=100 vec_w=0.90 fts_w=0.10
slow query: 164.4ms query=Poaching is becoming more advanced  A stronger, militarised … results=100 vec_w=0.90 fts_w=0.10
slow query: 323.1ms query=The justice system does not currently work  A major failing … results=100 vec_w=0.90 fts_w=0.10
slow query: 209.9ms query=Natural habitats being are destroyed  A tougher approach to … results=100 vec_w=0.90 fts_w=0.10
slow query: 215.8ms query=Endangered animals are a source of pride for African countri… results=100 vec_w=0.90 fts_w=0.10
slow query: 306.0ms query=Poaching is linked to terrorism  Stronger protection of anim… results=100 vec_w=0.90 fts_w=0.10
slow query: 174.5ms query=Fewer human deaths  Fewer large beasts will lead to fewer de… results=100 vec_w=0.90 fts_w=0.10
slow query: 380.7ms query=Heavy handed approaches do not solve the motivations for poa… results=100 vec_w=0.90 fts_w=0.10
slow query: 439.1ms query=Legalising the trade of horns, ivory, furs and pelts would b… results=100 vec_w=0.90 fts_w=0.10
slow query: 214.7ms query=African countries have little money to spare  Africa has som… results=100 vec_w=0.90 fts_w=0.10
slow query: 1697.2ms query=Underground Nuclear Storage is Safe  Underground nuclear was… results=100 vec_w=0.90 fts_w=0.10
slow query: 848.7ms query=Underground Nuclear Storage is Necessary  Even states withou… results=100 vec_w=0.90 fts_w=0.10
slow query: 602.1ms query=There Are Better Alternatives to Underground Nuclear Waste S… results=100 vec_w=0.90 fts_w=0.10
slow query: 533.0ms query=Nuclear waste should be reused to create more electricity.  … results=100 vec_w=0.90 fts_w=0.10
slow query: 351.5ms query=Underground Nuclear Storage is Expensive.  Underground nucle… results=100 vec_w=0.90 fts_w=0.10
slow query: 238.1ms query=Developing world  Developing countries such as China and Ind… results=100 vec_w=0.90 fts_w=0.10
slow query: 395.7ms query=450 PPM  The IPCC's Fourth Assessment Report determined that… results=100 vec_w=0.90 fts_w=0.10
slow query: 599.6ms query=Failure to reach global accord  The Kyoto Protocol failed to… results=100 vec_w=0.90 fts_w=0.10
slow query: 555.8ms query=Consequences of increased GHGs  Increased GHGs in the atmosp… results=100 vec_w=0.90 fts_w=0.10
slow query: 273.8ms query=Earth's Resiliency  All the conclusions about the effects of… results=100 vec_w=0.90 fts_w=0.10
slow query: 344.8ms query=New Technology  Humanity has revolutionized the world repeat… results=100 vec_w=0.90 fts_w=0.10
slow query: 391.5ms query=Carbon Trading Schemes  The EU ETS is an example of a viable… results=100 vec_w=0.90 fts_w=0.10
slow query: 266.9ms query=An immense boost to DRC’s economy  The Grand Inga dam would … results=100 vec_w=0.90 fts_w=0.10
slow query: 395.8ms query=The dam would power Africa  Only 29% of Sub Saharan Africa’s… results=100 vec_w=0.90 fts_w=0.10
slow query: 500.2ms query=Will enable the rebuilding of DRC  DR Congo has been one of … results=100 vec_w=0.90 fts_w=0.10
slow query: 162.9ms query=A dam could make the Congo more usable  While the Congo is m… results=100 vec_w=0.90 fts_w=0.10
slow query: 266.6ms query=A dam would damage the environment  Dams due to their genera… results=100 vec_w=0.90 fts_w=0.10
slow query: 352.8ms query=The cost is too high  The Grand Inga is ‘pie in the sky’ as … results=100 vec_w=0.90 fts_w=0.10
slow query: 213.8ms query=Dams displace communities  Dams result in the filling of a l… results=100 vec_w=0.90 fts_w=0.10
slow query: 363.6ms query=Such a big project is beyond DRC’s capacity  The Grand Inga … results=100 vec_w=0.90 fts_w=0.10
slow query: 585.6ms query=Prioritizing donors creates an incentive to become a donor  … results=100 vec_w=0.90 fts_w=0.10
slow query: 637.8ms query=A Practical Solution  There are many mechanisms by which thi… results=100 vec_w=0.90 fts_w=0.10
slow query: 577.7ms query=Organ donors are more deserving of organs  Reciprocity is a … results=100 vec_w=0.90 fts_w=0.10
slow query: 396.5ms query=People ought to donate their organs anyway  Organ donation, … results=100 vec_w=0.90 fts_w=0.10
slow query: 277.9ms query=This system will punish people for a past decision they cann… results=100 vec_w=0.90 fts_w=0.10
slow query: 327.3ms query=People may have valid religious reasons not to donate organs… results=100 vec_w=0.90 fts_w=0.10
slow query: 329.5ms query=Denying organs to non-donors is unduly coercive.  For the st… results=100 vec_w=0.90 fts_w=0.10
slow query: 501.8ms query=The right to access healthcare is absolute  Healthcare is a … results=100 vec_w=0.90 fts_w=0.10
slow query: 112.2ms query=If personhood accrues at birth, then abortion after inducing… results=100 vec_w=0.90 fts_w=0.10
slow query: 342.4ms query=The foetus feels pain  Partial-birth abortion is disgusting.… results=100 vec_w=0.90 fts_w=0.10
slow query: 321.3ms query=Abortion is wrong per se when there are alternatives such as… results=100 vec_w=0.90 fts_w=0.10
slow query: 236.6ms query=Banning partial birth abortions is in line with popular and … results=100 vec_w=0.90 fts_w=0.10
slow query: 219.3ms query=Opposition to partial birth abortion is part of a strategy i… results=100 vec_w=0.90 fts_w=0.10
slow query: 372.1ms query=Partial birth abortions are safer than any available alterna… results=100 vec_w=0.90 fts_w=0.10
slow query: 231.7ms query=The concept of "foetal rights" is an attack on the autonomy … results=100 vec_w=0.90 fts_w=0.10
slow query: 261.8ms query=It’s in the interests of employees  It’s in the interests of… results=100 vec_w=0.90 fts_w=0.10
slow query: 593.7ms query=It’s in the interests of employers  It’s in the interests of… results=100 vec_w=0.90 fts_w=0.10
slow query: 308.3ms query=It’s in the interests of co-workers  It’s in the interests o… results=100 vec_w=0.90 fts_w=0.10
slow query: 272.0ms query=Tackling HIV requires a responsible and active position by e… results=100 vec_w=0.90 fts_w=0.10
slow query: 407.4ms query=The risks of ignorance and prejudice are too high  This meas… results=100 vec_w=0.90 fts_w=0.10
slow query: 220.8ms query=It is a disincentive to get tested in the first place  The r… results=100 vec_w=0.90 fts_w=0.10
slow query: 937.4ms query=Employers have no right to private medical information  Empl… results=100 vec_w=0.90 fts_w=0.10
slow query: 202.0ms query=Savings can be used in other sections of medical care  The d… results=100 vec_w=0.90 fts_w=0.10
slow query: 280.9ms query=Easily affordable drugs will mean greater access  Generic dr… results=100 vec_w=0.90 fts_w=0.10
slow query: 304.0ms query=Reduce the prominence of bad and fake drugs  The increased a… results=100 vec_w=0.90 fts_w=0.10
slow query: 285.3ms query=Unfair to apply same patent laws universally  It is unrealis… results=100 vec_w=0.90 fts_w=0.10
slow query: 224.6ms query=Cheaper drugs aren’t trusted by consumers  The differences i… results=100 vec_w=0.90 fts_w=0.10
slow query: 235.1ms query=Most vital drugs are already generic  Many drugs which are u… results=100 vec_w=0.90 fts_w=0.10
slow query: 270.8ms query=Dominance of generic drugs will reduce reinvestment and inno… results=100 vec_w=0.90 fts_w=0.10
slow query: 316.2ms query=Reduce smoking  A ban on smoking in public places would help… results=100 vec_w=0.90 fts_w=0.10
slow query: 340.6ms query=Nip the problem in the bud  Smoking rates in Africa are rela… results=100 vec_w=0.90 fts_w=0.10
slow query: 560.6ms query=Lower healthcare costs  Smoking caused disease causes large … results=100 vec_w=0.90 fts_w=0.10
slow query: 126.3ms query=Easy to introduce  A ban on smoking in public places would b… results=100 vec_w=0.90 fts_w=0.10
slow query: 174.2ms query=Reduces growth of tobacco  Less people smoking means less to… results=100 vec_w=0.90 fts_w=0.10
slow query: 199.9ms query=Unenforceable  Smoking bans are often unenforceable in highe… results=100 vec_w=0.90 fts_w=0.10
slow query: 226.7ms query=Ban would harm the wider economy  A ban could harm the wider… results=100 vec_w=0.90 fts_w=0.10
slow query: 204.4ms query=Paternalistic  Personal autonomy has to be the key to this d… results=100 vec_w=0.90 fts_w=0.10
slow query: 391.8ms query=Schools are the best place to create lasting lifestyle chang… results=100 vec_w=0.90 fts_w=0.10
slow query: 1432.3ms query=Schools need to practice what they preach  Under the pressur… results=100 vec_w=0.90 fts_w=0.10
slow query: 507.2ms query=Better nutrition leads to better students.  There is a growi… results=100 vec_w=0.90 fts_w=0.10
slow query: 1133.9ms query=Targeting schools will be an ineffective strategy.  Schools … results=100 vec_w=0.90 fts_w=0.10
slow query: 1013.9ms query=Pupils will bring unhealthy food with them to schools.  Freq… results=100 vec_w=0.90 fts_w=0.10
slow query: 591.1ms query=“Junk food” sales are an important source of funding for sch… results=100 vec_w=0.90 fts_w=0.10
slow query: 1491.9ms query=Schools should educate about healthy choices, not make them … results=100 vec_w=0.90 fts_w=0.10
slow query: 159.9ms query=The guilt may be too heavy a burden for the relative who cou… results=100 vec_w=0.90 fts_w=0.10
slow query: 467.1ms query=Greater awareness will increase donations  There is a clear … results=100 vec_w=0.90 fts_w=0.10
slow query: 438.2ms query=It is a natural thing to do  We are biologically programmed … results=100 vec_w=0.90 fts_w=0.10
slow query: 518.2ms query=The right to individual self determination is a fundamental … results=100 vec_w=0.90 fts_w=0.10
slow query: 572.3ms query=We should preserve the person with greater quality of life  … results=100 vec_w=0.90 fts_w=0.10
slow query: 339.1ms query=The recipient is forced to receive the sacrifice of another … results=100 vec_w=0.90 fts_w=0.10
slow query: 348.1ms query=Doctors should not be asked to take the moral burden of peop… results=100 vec_w=0.90 fts_w=0.10
slow query: 291.9ms query=The role of society is to save lives not to assist in suicid… results=100 vec_w=0.90 fts_w=0.10
slow query: 426.5ms query=This would encourage coercion for some to die to save others… results=100 vec_w=0.90 fts_w=0.10
slow query: 372.1ms query=Self-preservation is our primary moral duty  Many people, es… results=100 vec_w=0.90 fts_w=0.10
slow query: 2111.5ms query=Allowing production of generic drugs saves lives, particular… results=100 vec_w=0.90 fts_w=0.10
slow query: 584.7ms query=You cannot own an idea, and thus cannot hold patents, especi… results=100 vec_w=0.90 fts_w=0.10
slow query: 1189.0ms query=The current patent system is unjust and creates perverse inc… results=100 vec_w=0.90 fts_w=0.10
slow query: 1393.3ms query=Production of generic drugs reduce medical costs by allowing… results=100 vec_w=0.90 fts_w=0.10
slow query: 1942.3ms query=When generic drugs are legalized firms and individuals no lo… results=100 vec_w=0.90 fts_w=0.10
slow query: 767.8ms query=Patent rights allow firms to more readily release their prod… results=100 vec_w=0.90 fts_w=0.10
slow query: 2873.1ms query=Robust drug patent laws incentivize investment of time and m… results=100 vec_w=0.90 fts_w=0.10
slow query: 1814.0ms query=The product of a firm's intellectual endeavor is the propert… results=100 vec_w=0.90 fts_w=0.10
slow query: 797.6ms query=Generic drugs often prove to be less effective than their br… results=100 vec_w=0.90 fts_w=0.10
slow query: 347.4ms query=Although there are many accounts of the efficacy of alternat… results=100 vec_w=0.90 fts_w=0.10
slow query: 485.6ms query=Many alternative remedies, such as homeopathy, offer nothing… results=100 vec_w=0.90 fts_w=0.10
slow query: 831.2ms query=Overwhelmingly alternative therapies are used in conjunction… results=100 vec_w=0.90 fts_w=0.10
slow query: 544.7ms query=The pharmaceutical and medical industries are worth billions… results=100 vec_w=0.90 fts_w=0.10
slow query: 242.8ms query=Alternative medical practitioners tend to spend more time wi… results=100 vec_w=0.90 fts_w=0.10
slow query: 278.7ms query=A huge number of fully accepted medical practices started be… results=100 vec_w=0.90 fts_w=0.10
slow query: 857.1ms query=Those who are in the late stages of a terminal disease have … results=100 vec_w=0.90 fts_w=0.10
slow query: 1293.8ms query=Every human being has a right to life  Perhaps the most basi… results=100 vec_w=0.90 fts_w=0.10
slow query: 509.4ms query=Suicide is a lonely, desperate act, carried out in secrecy a… results=100 vec_w=0.90 fts_w=0.10
slow query: 1370.7ms query=If someone is threatening to kill themselves it is your mora… results=100 vec_w=0.90 fts_w=0.10
slow query: 396.0ms query=It would have a damaging effect on society  Some people who … results=100 vec_w=0.90 fts_w=0.10
slow query: 671.6ms query=Only God can give and take away life  Life is Sacred so no o… results=100 vec_w=0.90 fts_w=0.10
slow query: 536.5ms query=It is vital that a doctor's role not be confused  The guidin… results=100 vec_w=0.90 fts_w=0.10
slow query: 291.7ms query=Broadening participation  The talent pool in South African r… results=100 vec_w=0.90 fts_w=0.10
slow query: 261.1ms query=Radical action needed for racial equality in South Africa  I… results=100 vec_w=0.90 fts_w=0.10
slow query: 218.0ms query=Most South Africans support quotas  In 2006, the South Afric… results=100 vec_w=0.90 fts_w=0.10
slow query: 226.5ms query=IRB rules  Racial quotas are a breach of the views of the wo… results=100 vec_w=0.90 fts_w=0.10
slow query: 206.1ms query=Racial quotas don’t develop new players  The quota system co… results=100 vec_w=0.90 fts_w=0.10
slow query: 192.4ms query=Quotas can drive players away.  Policies of racial quotas ca… results=100 vec_w=0.90 fts_w=0.10
slow query: 288.1ms query=Meritocracy  It is a value of sport in general that it shoul… results=100 vec_w=0.90 fts_w=0.10
slow query: 560.5ms query=Boycotting Euro 2012 will highlight Ukraine’s backsliding on… results=100 vec_w=0.90 fts_w=0.10
slow query: 1068.6ms query=Europe must not give approval to this regime.  Viktor Yanuko… results=100 vec_w=0.90 fts_w=0.10
slow query: 588.7ms query=Boycotting Euro 2012 is proportional  Diplomacy is necessary… results=100 vec_w=0.90 fts_w=0.10
slow query: 888.3ms query=A boycott won’t help resolve the issues at question  Europea… results=100 vec_w=0.90 fts_w=0.10
slow query: 248.6ms query=Europe needs to prevent Russian influence in Ukraine  If Eur… results=100 vec_w=0.90 fts_w=0.10
slow query: 383.7ms query=Boycotts did not take place for the 2008 Olympics despite th… results=100 vec_w=0.90 fts_w=0.10
slow query: 949.5ms query=The boycott would affect Poland and the Ukrainian people as … results=100 vec_w=0.90 fts_w=0.10
slow query: 288.6ms query=This is a sports event not a political event  Sport and poli… results=100 vec_w=0.90 fts_w=0.10
slow query: 754.5ms query=Hosting stimulates regeneration in local areas  Hosting stim… results=100 vec_w=0.90 fts_w=0.10
slow query: 345.8ms query=Hosting creates a 'feel-good' factor  Hosting creates a 'fee… results=100 vec_w=0.90 fts_w=0.10
slow query: 567.7ms query=COUNTERPOINT Any large expenditure in one area will stimulat… results=100 vec_w=0.90 fts_w=0.10
slow query: 258.6ms query=Hosting has wide-reaching economic benefits  Hosting creates… results=100 vec_w=0.90 fts_w=0.10
slow query: 415.7ms query=The bidding process is too long, tying up funds and land  Th… results=100 vec_w=0.90 fts_w=0.10
slow query: 426.4ms query=Hosting is very expensive  Hosting is very expensive. In rec… results=100 vec_w=0.90 fts_w=0.10
slow query: 622.1ms query=Hosting only affects one city  In large countries like the U… results=100 vec_w=0.90 fts_w=0.10
slow query: 1989.5ms query=Collisions are a part of the game.  First, collisions are pa… results=100 vec_w=0.90 fts_w=0.10
slow query: 513.8ms query=Collisions are exciting and fun to watch.  Baseball is a for… results=100 vec_w=0.90 fts_w=0.10
slow query: 447.7ms query=Collisions are not as dangerous as they’re feared to be.  So… results=100 vec_w=0.90 fts_w=0.10
slow query: 744.7ms query=Without collisions, either the catcher or the runner would h… results=100 vec_w=0.90 fts_w=0.10
slow query: 217.2ms query=Collisions are an example of violence that has no place in b… results=100 vec_w=0.90 fts_w=0.10
slow query: 429.9ms query=Collisions heighten antagonisms.  When someone gets hurt in … results=100 vec_w=0.90 fts_w=0.10
slow query: 220.7ms query=Collisions are unnecessary.  Baseball doesn’t need collision… results=100 vec_w=0.90 fts_w=0.10
slow query: 1405.9ms query=Collisions are dangerous and lead to injury.  Ray Fosse and … results=100 vec_w=0.90 fts_w=0.10
slow query: 786.4ms query=Radio is cheap to produce and easily accessible.  Community … results=100 vec_w=0.90 fts_w=0.10
slow query: 702.8ms query=Community radio gives voices to the people rather than impos… results=100 vec_w=0.90 fts_w=0.10
slow query: 751.7ms query=Community radio evens the playing field against state and co… results=100 vec_w=0.90 fts_w=0.10
slow query: 539.8ms query=Radio is yesterday’s technology.  Proposition is right to po… results=100 vec_w=0.90 fts_w=0.10
slow query: 477.4ms query=Community radio is just a platform, there is nothing innatel… results=100 vec_w=0.90 fts_w=0.10
slow query: 1978.3ms query=Community radio just gives a megaphone to extremists.  Exper… results=100 vec_w=0.90 fts_w=0.10
slow query: 773.4ms query=Many people find the views expressed by much of the church o… results=100 vec_w=0.90 fts_w=0.10
slow query: 2028.3ms query=This was a piece of art, advertised and described as such, t… results=100 vec_w=0.90 fts_w=0.10
slow query: 647.8ms query=There is a duty for a broadcaster that is not dependent on e… results=100 vec_w=0.90 fts_w=0.10
slow query: 531.6ms query=It is simply impractical for a major international broadcast… results=100 vec_w=0.90 fts_w=0.10
slow query: 1113.9ms query=Tens of thousands of licence fee payers objected to this, ul… results=100 vec_w=0.90 fts_w=0.10
slow query: 634.5ms query=Why should those who foot the bill have chunks of airtime fr… results=100 vec_w=0.90 fts_w=0.10
slow query: 622.0ms query=If this work had been an attack on Mohammed it would never h… results=100 vec_w=0.90 fts_w=0.10
slow query: 558.7ms query=The people are interested in the health of their leader  The… results=100 vec_w=0.90 fts_w=0.10
slow query: 175.6ms query=The head of state/government must be accountable to the peop… results=100 vec_w=0.90 fts_w=0.10
slow query: 419.6ms query=Transparency allows citizens to choose for a healthy leader … results=100 vec_w=0.90 fts_w=0.10
slow query: 362.9ms query=A lack of transparency can endanger the leader  A person is … results=100 vec_w=0.90 fts_w=0.10
slow query: 510.7ms query=Rivals could misuse the opportunity  While the leader suffer… results=100 vec_w=0.90 fts_w=0.10
slow query: 343.7ms query=Damages diplomacy to be too open  Diplomacy can be very pers… results=100 vec_w=0.90 fts_w=0.10
slow query: 728.8ms query=Markets like stability  Business and the markets prize polit… results=100 vec_w=0.90 fts_w=0.10
slow query: 580.4ms query=Denial of privacy to the leaders  The leaders of states dese… results=100 vec_w=0.90 fts_w=0.10
slow query: 872.6ms query=A bargaining chip  In much the same way that material invest… results=100 vec_w=0.90 fts_w=0.10
slow query: 1376.1ms query=The academic tradition of the West  The growth of universiti… results=100 vec_w=0.90 fts_w=0.10
slow query: 696.7ms query=Maintaining the value of the degree  Employers and others ex… results=100 vec_w=0.90 fts_w=0.10
slow query: 1363.2ms query=‘Separation of town and gown’  There are two parties involve… results=100 vec_w=0.90 fts_w=0.10
slow query: 580.1ms query=Universities should exchange ideas not impose them  Of all p… results=100 vec_w=0.90 fts_w=0.10
slow query: 1612.2ms query=Argument One: Contact leads to the dissemination of values  … results=100 vec_w=0.90 fts_w=0.10
slow query: 3648.5ms query=Hate speech  The enforcement of the laws proposed in this ar… results=100 vec_w=0.90 fts_w=0.10
slow query: 11673.0ms query=Classification, not censorship  We should expect fans of an … results=100 vec_w=0.90 fts_w=0.10
slow query: 3517.9ms query=Defending hip hop artists’ right to free speech  The interve… results=100 vec_w=0.90 fts_w=0.10
slow query: 3657.5ms query=A ban will be ineffective  A new legal prohibition on any ty… results=100 vec_w=0.90 fts_w=0.10
slow query: 7626.4ms query=A ban will further marginalise young members of impoverished… results=100 vec_w=0.90 fts_w=0.10
slow query: 3266.4ms query=Violent imagery can serve different purposes.  Calls for a b… results=100 vec_w=0.90 fts_w=0.10
slow query: 740.7ms query=Because religion promotes certainty of belief, divinely insp… results=100 vec_w=0.90 fts_w=0.10
slow query: 906.5ms query=Religion simply justifies reactionary views which many find … results=100 vec_w=0.90 fts_w=0.10
slow query: 838.9ms query=Ill-informed prejudice has no place in society. The veneer o… results=100 vec_w=0.90 fts_w=0.10
slow query: 995.9ms query=There is no right not to be offended, enforcing what is acce… results=100 vec_w=0.90 fts_w=0.10
slow query: 398.1ms query=Silencing views that are considered offensive is self-defeat… results=100 vec_w=0.90 fts_w=0.10
slow query: 743.5ms query=Regardless of the views expressed, freedom of speech means t… results=100 vec_w=0.90 fts_w=0.10
slow query: 2059.2ms query=Pluralism and Political Interference  The removal of ‘The Sp… results=100 vec_w=0.90 fts_w=0.10
slow query: 1340.6ms query=Artistic Freedom  A core principle of art is that it should … results=100 vec_w=0.90 fts_w=0.10
slow query: 2219.8ms query=Racialised Opposition  Some critics of ‘The Spear’ have crit… results=100 vec_w=0.90 fts_w=0.10
slow query: 579.6ms query=Infantilisation and Prejudice  Those who dismiss the reactio… results=100 vec_w=0.90 fts_w=0.10
slow query: 258.8ms query=Masculinity  The problem with leaving the painting, the spea… results=100 vec_w=0.90 fts_w=0.10
slow query: 682.0ms query=Public Decency  Freedom of Speech is something that is highl… results=100 vec_w=0.90 fts_w=0.10
slow query: 605.2ms query=Defamation  While South African Law does allow for freedom o… results=100 vec_w=0.90 fts_w=0.10
slow query: 1033.1ms query=Governments have always struggled with the idea of press inv… results=100 vec_w=0.90 fts_w=0.10
slow query: 1229.1ms query=The concept of what is a journalist needs to be clarified to… results=100 vec_w=0.90 fts_w=0.10
slow query: 1817.1ms query=There is a difference between actual journalists and those w… results=100 vec_w=0.90 fts_w=0.10
slow query: 2274.3ms query=It is a basic principle of journalism that sources should be… results=100 vec_w=0.90 fts_w=0.10
slow query: 1093.7ms query=Wikileaks is not a news organisation, it exists exclusively … results=100 vec_w=0.90 fts_w=0.10
slow query: 831.2ms query=Assange is mostly interested in self-promotion, not being a … results=100 vec_w=0.90 fts_w=0.10
slow query: 1152.0ms query=Other religions have the right to wear prescribed clothing e… results=100 vec_w=0.90 fts_w=0.10
slow query: 893.1ms query=Declaration of the faith is a key part of Christianity and t… results=100 vec_w=0.90 fts_w=0.10
slow query: 1084.9ms query=The confession of religious faith is far more important than… results=100 vec_w=0.90 fts_w=0.10
slow query: 1404.7ms query=Freedom of expression, like any right is fairly meaningless … results=100 vec_w=0.90 fts_w=0.10
slow query: 857.9ms query=Both employers acted out of concern for the interests of the… results=100 vec_w=0.90 fts_w=0.10
slow query: 633.3ms query=If this were about wearing a badge with a political slogan o… results=100 vec_w=0.90 fts_w=0.10
slow query: 608.5ms query=Employers impose rules relating to conduct in the workplace,… results=100 vec_w=0.90 fts_w=0.10
slow query: 670.4ms query=The expansion of Heathrow is vital for the economy  Expandin… results=100 vec_w=0.90 fts_w=0.10
slow query: 616.0ms query=Heathrow is full; it must expand  Put simply Heathrow is at … results=100 vec_w=0.90 fts_w=0.10
slow query: 498.9ms query=Heathrow is in the best location for London  Flying is criti… results=100 vec_w=0.90 fts_w=0.10
slow query: 510.4ms query=Expanding Heathrow would be at the expense of the environmen… results=100 vec_w=0.90 fts_w=0.10
slow query: 896.1ms query=The economic case for expansion does not add up  A study con… results=100 vec_w=0.90 fts_w=0.10
slow query: 763.0ms query=The third run-way would cause noise and pollution problems  … results=100 vec_w=0.90 fts_w=0.10
slow query: 128.4ms query=Online gambling affects families  A parent who gambles can q… results=100 vec_w=0.90 fts_w=0.10
slow query: 195.5ms query=Gambling is bad for you.  Gamblers may win money from time t… results=100 vec_w=0.90 fts_w=0.10
slow query: 223.5ms query=Gambling is addictive.  Humans get a buzz from taking a risk… results=100 vec_w=0.90 fts_w=0.10
slow query: 240.4ms query=Online gambling encourages crime  Human trafficking, forced … results=100 vec_w=0.90 fts_w=0.10
slow query: 191.5ms query=Cant enforce an online gambling ban  Governments can’t actua… results=100 vec_w=0.90 fts_w=0.10
slow query: 134.4ms query=Government only objects to online gambling because they dont… results=100 vec_w=0.90 fts_w=0.10
slow query: 196.7ms query=Other forms of online gambling  What is the difference betwe… results=100 vec_w=0.90 fts_w=0.10
slow query: 242.0ms query=Only regulation can mitigate harms  It is where the sites op… results=100 vec_w=0.90 fts_w=0.10
slow query: 231.4ms query=Personal freedom  Gambling is a leisure activity enjoyed by … results=100 vec_w=0.90 fts_w=0.10
slow query: 1625.8ms query=Those who have more owe more to the state  Wealthier people … results=100 vec_w=0.90 fts_w=0.10
slow query: 1444.8ms query=A well-implemented progressive taxation scheme serve to prom… results=100 vec_w=0.90 fts_w=0.10
slow query: 642.4ms query=Those able to pay more should pay more into the tax system  … results=100 vec_w=0.90 fts_w=0.10
slow query: 1144.7ms query=The state should promote the efficient distribution of incom… results=100 vec_w=0.90 fts_w=0.10
slow query: 1035.9ms query=Progressive taxation promotes a more equal, more harmonious … results=100 vec_w=0.90 fts_w=0.10
slow query: 861.8ms query=Progressive taxes place an unfair and disproportionate burde… results=100 vec_w=0.90 fts_w=0.10
slow query: 798.6ms query=The aim of taxation should be to provide equality of opportu… results=100 vec_w=0.90 fts_w=0.10
slow query: 1162.4ms query=Progressive systems are invariably highly complex and ineffi… results=100 vec_w=0.90 fts_w=0.10
slow query: 613.7ms query=The ability to orchestrate a progressive taxation regime giv… results=100 vec_w=0.90 fts_w=0.10
slow query: 804.3ms query=Individuals’ property and income are an index of deserving a… results=100 vec_w=0.90 fts_w=0.10
slow query: 331.3ms query=The effects of unemployment  Unemployment has been linked to… results=100 vec_w=0.90 fts_w=0.10
slow query: 342.9ms query=The importance of jobs in livelihoods - money  Jobs are empo… results=100 vec_w=0.90 fts_w=0.10
slow query: 306.0ms query=Labour participation and rights  Labour participation enable… results=100 vec_w=0.90 fts_w=0.10
slow query: 346.3ms query=Women need alternatives for empowerment  Empowerment cannot … results=100 vec_w=0.90 fts_w=0.10
slow query: 209.9ms query=Where are the men?  Is the feminisation of labour emerging w… results=100 vec_w=0.90 fts_w=0.10
slow query: 211.3ms query=Who are the women?  Women are a diverse group, and the femin… results=100 vec_w=0.90 fts_w=0.10
slow query: 227.9ms query=The double burden  Despite a feminising labour market there … results=100 vec_w=0.90 fts_w=0.10
slow query: 427.0ms query=Multilateralism is preferable to bilateralism.  It is prefer… results=100 vec_w=0.90 fts_w=0.10
slow query: 337.3ms query=Free trade is good for development and growth.  Free trade e… results=100 vec_w=0.90 fts_w=0.10
slow query: 364.5ms query=Trade is good for democracy.  Venezuela’s Hugo Chavez has be… results=100 vec_w=0.90 fts_w=0.10
slow query: 195.8ms query=The FTAA is bad for South American Agriculture.  During the … results=100 vec_w=0.90 fts_w=0.10
slow query: 628.6ms query=FTAA is bad for labour in developed countries.  Liberalizing… results=100 vec_w=0.90 fts_w=0.10
slow query: 111.7ms query=FTAA is bad for the environment.  Free trade creates a "race… results=100 vec_w=0.90 fts_w=0.10
slow query: 355.6ms query=The FTAA is bad for industries in developing nations.  This … results=100 vec_w=0.90 fts_w=0.10
slow query: 1573.8ms query=Women provide a platform for economic development  Where wom… results=100 vec_w=0.90 fts_w=0.10
slow query: 1263.8ms query=Women are the backbone of Africa’s agriculture  It sounds dr… results=100 vec_w=0.90 fts_w=0.10
slow query: 609.5ms query=There is greater potential for African women  There is great… results=100 vec_w=0.90 fts_w=0.10
slow query: 707.5ms query=Women are not the future for Africa’s economy  In the short … results=100 vec_w=0.90 fts_w=0.10
slow query: 2792.6ms query=Africa's greatest needs are for infrastructure and education… results=100 vec_w=0.90 fts_w=0.10
slow query: 1153.2ms query=Natural resources are key  Africa has a very significant amo… results=100 vec_w=0.90 fts_w=0.10
slow query: 1392.7ms query=Each man has a right to private property  The right to own p… results=100 vec_w=0.90 fts_w=0.10
slow query: 908.5ms query=The market should determine the price of products and servic… results=100 vec_w=0.90 fts_w=0.10
slow query: 665.1ms query=The capitalist society enhances personal freedom  The Wester… results=100 vec_w=0.90 fts_w=0.10
slow query: 630.5ms query=Incentive in form of profit benefits society as a whole  The… results=100 vec_w=0.90 fts_w=0.10
slow query: 301.6ms query=Socialism provides a more sustainable way of living  Capital… results=100 vec_w=0.90 fts_w=0.10
slow query: 1334.1ms query=Socialism is a more secure system than the free market in Ca… results=100 vec_w=0.90 fts_w=0.10
slow query: 1789.9ms query=Socialism leads to a more humane equal society  The gap betw… results=100 vec_w=0.90 fts_w=0.10
slow query: 342.6ms query=This ban would lower healthcare costs.  The health problems … results=100 vec_w=0.90 fts_w=0.10
slow query: 453.5ms query=Exposing non-smokers to second-hand smoke goes against their… results=100 vec_w=0.90 fts_w=0.10
slow query: 717.1ms query=This ban would encourage smokers to smoke less or give up sm… results=100 vec_w=0.90 fts_w=0.10
slow query: 141.7ms query=This ban would be easy to introduce.  A ban in all public pl… results=100 vec_w=0.90 fts_w=0.10
slow query: 549.3ms query=Smokers have a right to enjoy themselves.  Article 1 of the … results=100 vec_w=0.90 fts_w=0.10
slow query: 314.7ms query=This ban would put many pubs, clubs, etc. out of business.  … results=100 vec_w=0.90 fts_w=0.10
slow query: 334.9ms query=This ban would be difficult to enforce.  Given the popularit… results=100 vec_w=0.90 fts_w=0.10
slow query: 327.7ms query=It is unfair to new members of EU  Not only are the largest … results=100 vec_w=0.90 fts_w=0.10
slow query: 403.4ms query=CAP is costly and unfair to other industries  Currently CAP … results=100 vec_w=0.90 fts_w=0.10
slow query: 532.9ms query=It harms the economies of developing world  The current mode… results=100 vec_w=0.90 fts_w=0.10
slow query: 497.8ms query=It doesn’t serve its purpose (subsidies to larger farmers)  … results=100 vec_w=0.90 fts_w=0.10
slow query: 428.0ms query=It protects rural communities  People in EU are hard to conv… results=100 vec_w=0.90 fts_w=0.10
slow query: 462.2ms query=CAP protects the quality of the food in EU  The role of CAP … results=100 vec_w=0.90 fts_w=0.10
slow query: 403.5ms query=CAP maintains European food security  The subsidies to agric… results=100 vec_w=0.90 fts_w=0.10
slow query: 906.9ms query=There is ample precedent in the form of other “sin” taxes  A… results=100 vec_w=0.90 fts_w=0.10
slow query: 1278.3ms query=An individual's BMI is no longer a purely personal matter  T… results=100 vec_w=0.90 fts_w=0.10
slow query: 478.2ms query=A fat tax levels out the playing field for healthier food  A… results=100 vec_w=0.90 fts_w=0.10
slow query: 1740.3ms query=A tax is not an effective instrument to fight obesity  There… results=100 vec_w=0.90 fts_w=0.10
slow query: 509.3ms query=It hits the most vulnerable part of society hardest  The pra… results=100 vec_w=0.90 fts_w=0.10
slow query: 684.8ms query=A fat tax infringes on individual choice  Introducing such a… results=100 vec_w=0.90 fts_w=0.10
slow query: 492.6ms query=Small is beautiful: community empowerment  Microfinance is e… results=100 vec_w=0.90 fts_w=0.10
slow query: 297.3ms query=Microfinance and protection  Access to a small loan provides… results=100 vec_w=0.90 fts_w=0.10
slow query: 249.6ms query=A livelihoods approach  The livelihoods approach provides a … results=100 vec_w=0.90 fts_w=0.10
slow query: 232.1ms query=Ending poverty through entrepreneurialism  Introducing finan… results=100 vec_w=0.90 fts_w=0.10
slow query: 174.6ms query=Rebuilding agricultural systems  Africa is faced with an agr… results=100 vec_w=0.90 fts_w=0.10
slow query: 288.7ms query=Deeper issues unresolved  Microfinance provides a quick-fix … results=100 vec_w=0.90 fts_w=0.10
slow query: 347.4ms query=Debt cycles and the curse of microfinance  Microfinance is i… results=100 vec_w=0.90 fts_w=0.10
slow query: 439.8ms query=Realistic barriers  There are significant barriers to introd… results=100 vec_w=0.90 fts_w=0.10
slow query: 225.8ms query=Historically Democrats have presided over more economic stab… results=100 vec_w=0.90 fts_w=0.10
slow query: 171.5ms query=Bush squandered an extraordinary economic legacy on tax cuts… results=100 vec_w=0.90 fts_w=0.10
slow query: 156.3ms query=Democrats focus on increasing wages, creating better consume… results=100 vec_w=0.90 fts_w=0.10
slow query: 368.4ms query=Deregulation contributed to the banking crises and, therefor… results=100 vec_w=0.90 fts_w=0.10
slow query: 268.2ms query=Republicans more enthusiastically support market capitalism … results=100 vec_w=0.90 fts_w=0.10
slow query: 474.4ms query=“After three years, it is clear that President Obama’s budge… results=100 vec_w=0.90 fts_w=0.10
slow query: 172.0ms query=Republicans are the best at stimulating economic growth  The… results=100 vec_w=0.90 fts_w=0.10
slow query: 1102.2ms query=International labour and business standards go hand in hand … results=100 vec_w=0.90 fts_w=0.10
slow query: 327.6ms query=When developing countries employ poor labour standards, othe… results=100 vec_w=0.90 fts_w=0.10
slow query: 973.6ms query=Labour standards are necessary to protect basic human rights… results=100 vec_w=0.90 fts_w=0.10
slow query: 440.5ms query=Increasing a standard, even if not as high as the donor woul… results=100 vec_w=0.90 fts_w=0.10
slow query: 667.8ms query=Historically the donor of Foreign Aid has always set down pr… results=100 vec_w=0.90 fts_w=0.10
slow query: 562.2ms query=There is nothing wrong with individualised standards. It is … results=100 vec_w=0.90 fts_w=0.10
slow query: 508.9ms query=There is uneven implementation of labour standards even in w… results=100 vec_w=0.90 fts_w=0.10
slow query: 900.8ms query=Development has many facets of which pure economic growth is… results=100 vec_w=0.90 fts_w=0.10
slow query: 1150.6ms query=Universal standards of labour and business are not suited to… results=100 vec_w=0.90 fts_w=0.10
slow query: 315.1ms query=The Hyperloop is comparatively cheap  The Hyperloop would be… results=100 vec_w=0.90 fts_w=0.10
slow query: 356.7ms query=Fastest possible transportation over a short distance  Publi… results=100 vec_w=0.90 fts_w=0.10
slow query: 342.5ms query=The Hyperloop will be a low cost system for the user  The Hy… results=100 vec_w=0.90 fts_w=0.10
slow query: 633.7ms query=Lack of capacity or room for expansion  The plans for the Hy… results=100 vec_w=0.90 fts_w=0.10
slow query: 335.2ms query=If Musk won’t build it who will?  Elon Musk himself is unwil… results=100 vec_w=0.90 fts_w=0.10
slow query: 611.7ms query=There have been similar suggestions before for intercity tra… results=100 vec_w=0.90 fts_w=0.10
slow query: 588.9ms query=It will never work  The plan for the Hyperloop is sound tech… results=100 vec_w=0.90 fts_w=0.10
slow query: 204.0ms query=Profit margins are too small  A major problem for Tunisia’s … results=100 vec_w=0.90 fts_w=0.10
slow query: 403.7ms query=Vulnerable to unrest  Relying on tourism ensures that the ec… results=100 vec_w=0.90 fts_w=0.10
slow query: 306.2ms query=Overseas competition  Tunisia’s tourism industry is at risk … results=100 vec_w=0.90 fts_w=0.10
slow query: 504.1ms query=Tourism causes pollution  The tourism industry in Tunisia re… results=100 vec_w=0.90 fts_w=0.10
slow query: 195.0ms query=Investment  Tourism should be relied upon for economic growt… results=100 vec_w=0.90 fts_w=0.10
slow query: 313.8ms query=Other industries are less reliable  Other sectors, such as a… results=100 vec_w=0.90 fts_w=0.10
slow query: 227.4ms query=Produces Employment  Tourism is the second largest employer … results=100 vec_w=0.90 fts_w=0.10
slow query: 586.0ms query=Restrictions on migration would benefit people in the cities… results=100 vec_w=0.90 fts_w=0.10
slow query: 737.5ms query=The government has a right to make decisions in the best int… results=100 vec_w=0.90 fts_w=0.10
slow query: 835.8ms query=Restrictions would benefit rural areas  Unlimited rural-urba… results=100 vec_w=0.90 fts_w=0.10
slow query: 681.9ms query=Poor, uneducated people are lured into cities  The cause of … results=100 vec_w=0.90 fts_w=0.10
slow query: 832.5ms query=It is practically impossible to control people's movement  O… results=100 vec_w=0.90 fts_w=0.10
slow query: 340.6ms query=Restrictions cause an incredible loss of potential  One of t… results=100 vec_w=0.90 fts_w=0.10
slow query: 322.8ms query=Rural life is miserable and has higher mortality rates than … results=100 vec_w=0.90 fts_w=0.10
slow query: 512.6ms query=Freedom of movement is an intrinsic human right  Every human… results=100 vec_w=0.90 fts_w=0.10
slow query: 1094.3ms query=Dictatorships assure low cost political stability  Due to th… results=100 vec_w=0.90 fts_w=0.10
slow query: 691.1ms query=Dictatorships are more effective than democracies at mobiliz… results=100 vec_w=0.90 fts_w=0.10
slow query: 922.3ms query=Dictatorships can prevent social unrest  Dictatorships are b… results=100 vec_w=0.90 fts_w=0.10
slow query: 1229.3ms query=Development is about more than economic growth  Amartya Sen … results=100 vec_w=0.90 fts_w=0.10
slow query: 1072.5ms query=Democratic rule of law is the best ground for political stab… results=100 vec_w=0.90 fts_w=0.10
slow query: 473.4ms query=Political regime has a limited impact on development  It can… results=100 vec_w=0.90 fts_w=0.10
slow query: 552.2ms query=Democracy acts in the interest of the general population, wh… results=100 vec_w=0.90 fts_w=0.10
slow query: 2111.3ms query=Failure to withdraw blocks legitimate Palestinian aspiration… results=100 vec_w=0.90 fts_w=0.10
slow query: 2864.5ms query=Israel has no right to the occupied territories.  Because Is… results=100 vec_w=0.90 fts_w=0.10
slow query: 2424.4ms query=Returning to the 1967 borders would bring peace to Israel.  … results=100 vec_w=0.90 fts_w=0.10
slow query: 2505.2ms query=Returning to the 1967 borders would make war more likely.  T… results=100 vec_w=0.90 fts_w=0.10
slow query: 1143.0ms query=Many Israelis now live in the occupied territories.  Israel … results=100 vec_w=0.90 fts_w=0.10
slow query: 5667.0ms query=Israel has the right to claim minimal territory to ensure se… results=100 vec_w=0.90 fts_w=0.10
slow query: 521.4ms query=Migration is 'developmental'.  Recent reports by the HDR (20… results=100 vec_w=0.90 fts_w=0.10
slow query: 358.0ms query=The freedom to move is a human right.  Mobility is a human r… results=100 vec_w=0.90 fts_w=0.10
slow query: 497.5ms query=Free movement will provide benefits for productivity.  A fre… results=100 vec_w=0.90 fts_w=0.10
slow query: 189.7ms query=Policies towards a free labour market will create unity.  Na… results=100 vec_w=0.90 fts_w=0.10
slow query: 667.9ms query=Implementing a free labour market will enable effective mana… results=100 vec_w=0.90 fts_w=0.10
slow query: 261.4ms query=Urbanisation without industrialisation, the dangerous liveli… results=100 vec_w=0.90 fts_w=0.10
slow query: 537.8ms query=Who is left behind?  In promoting a free labour market, we n… results=100 vec_w=0.90 fts_w=0.10
slow query: 574.1ms query=Migration reasonings and exploitation.  A free labour market… results=100 vec_w=0.90 fts_w=0.10
slow query: 596.2ms query=States will monitor each other, and an international body co… results=100 vec_w=0.90 fts_w=0.10
slow query: 971.8ms query=Arenas of potential conflict must be regulated  Conflict nee… results=100 vec_w=0.90 fts_w=0.10
slow query: 1029.4ms query=The use of the internet undermines the state by demonopolizi… results=100 vec_w=0.90 fts_w=0.10
slow query: 908.8ms query=A cyber treaty benefits everyone  A treaty that bans, or sha… results=100 vec_w=0.90 fts_w=0.10
slow query: 778.5ms query=A treaty would benefit larger powers over the small  Any tre… results=100 vec_w=0.90 fts_w=0.10
slow query: 549.8ms query=Unlike warfare cyber-attacks don’t kill so they don’t need t… results=100 vec_w=0.90 fts_w=0.10
slow query: 1728.8ms query=It would never work  There are immense challenges to making … results=100 vec_w=0.90 fts_w=0.10
slow query: 770.3ms query=It is in the national interest for democracies to support th… results=100 vec_w=0.90 fts_w=0.10
slow query: 904.8ms query=Diplomacy is not going anywhere  The best solution would be … results=100 vec_w=0.90 fts_w=0.10
slow query: 423.2ms query=Syria clearly meets the standards for intervention  The Assa… results=100 vec_w=0.90 fts_w=0.10
slow query: 516.3ms query=The Free Syrian Army is outgunned  The Syrian army is one of… results=100 vec_w=0.90 fts_w=0.10
slow query: 284.7ms query=Would balance the support for Syrian government  Syria's gov… results=100 vec_w=0.90 fts_w=0.10
slow query: 266.2ms query=Arming the rebels would be unpopular  Ten years after the Ir… results=100 vec_w=0.90 fts_w=0.10
slow query: 483.4ms query=Would it work?  The most fundamental question for any policy… results=100 vec_w=0.90 fts_w=0.10
slow query: 526.2ms query=Possibility of being drawn into a long drawn out conflict  E… results=100 vec_w=0.90 fts_w=0.10
slow query: 1363.9ms query=Unforeseeable consequences  We do not know where arming the … results=100 vec_w=0.90 fts_w=0.10
slow query: 631.3ms query=Sovereignty and non intervention in internal affairs  It is … results=100 vec_w=0.90 fts_w=0.10
slow query: 1035.6ms query=Reparations would be a step towards closing colonial scars. … results=100 vec_w=0.90 fts_w=0.10
slow query: 369.0ms query=Reparations demonstrate a true concern for the developing wo… results=100 vec_w=0.90 fts_w=0.10
slow query: 1190.2ms query=What happened during the colonial era was morally wrong.  Th… results=100 vec_w=0.90 fts_w=0.10
slow query: 761.5ms query=There is already a precedent for paying reparations to such … results=100 vec_w=0.90 fts_w=0.10
slow query: 444.1ms query=Reparations would effectively right the economic imbalance c… results=100 vec_w=0.90 fts_w=0.10
slow query: 1008.4ms query=Such reparations would do little to actually improve the dev… results=100 vec_w=0.90 fts_w=0.10
slow query: 228.8ms query=The very payment of reparations exerts a neo-colonial power … results=100 vec_w=0.90 fts_w=0.10
slow query: 433.4ms query=Reparations unfairly target the taxpayers of former colonial… results=100 vec_w=0.90 fts_w=0.10
slow query: 688.5ms query=Time has removed the opportunity to truly make reparations t… results=100 vec_w=0.90 fts_w=0.10
slow query: 2602.8ms query=Georgian rule in South Ossetia is historically illegitimate … results=100 vec_w=0.90 fts_w=0.10
slow query: 1261.8ms query=South Ossetia has a right to self-determination  The 1993 Vi… results=100 vec_w=0.90 fts_w=0.10
slow query: 897.6ms query=South Ossetian independence will help prevent future conflic… results=100 vec_w=0.90 fts_w=0.10
slow query: 1734.0ms query=A South Ossetian state is unviable  There are many factors t… results=100 vec_w=0.90 fts_w=0.10
slow query: 1281.5ms query=Georgia has a right to territorial integrity  Georgia has a … results=100 vec_w=0.90 fts_w=0.10
slow query: 550.3ms query=Illegitimacy of the 2006 referendum  South Ossetia was wrong… results=100 vec_w=0.90 fts_w=0.10
slow query: 375.2ms query=Progress in ending conflict in Africa  Conflict in Africa is… results=100 vec_w=0.90 fts_w=0.10
slow query: 556.3ms query=The Solemn Declaration  The Solemn Declaration did not just … results=100 vec_w=0.90 fts_w=0.10
slow query: 523.7ms query=The increasing effectiveness of the African Union  The Afric… results=100 vec_w=0.90 fts_w=0.10
slow query: 414.4ms query=Not all conflict is war  What is War? The AU’s declaration d… results=100 vec_w=0.90 fts_w=0.10
slow query: 186.1ms query=Africa is the most warlike continent  In 2012 Africa had the… results=100 vec_w=0.90 fts_w=0.10
slow query: 572.8ms query=No mechanism to prevent crises and war exists  Within countr… results=100 vec_w=0.90 fts_w=0.10
slow query: 345.4ms query=Gains may be reversed; events can’t be foreseen  Africa stil… results=100 vec_w=0.90 fts_w=0.10
slow query: 229.4ms query=War is in human nature  War and conflict between groups is i… results=100 vec_w=0.90 fts_w=0.10
slow query: 342.0ms query=Only an international treaty can create penalties for non-co… results=100 vec_w=0.90 fts_w=0.10
slow query: 384.6ms query=The hard part is the cutting of emissions  The problem with … results=100 vec_w=0.90 fts_w=0.10
slow query: 259.4ms query=It is too late for half measures  Two degrees Celsius has ge… results=100 vec_w=0.90 fts_w=0.10
slow query: 229.3ms query=Only a non-binding agreement would get the targets necessary… results=100 vec_w=0.90 fts_w=0.10
slow query: 502.5ms query=A more informal agreement avoids the US congress  The United… results=100 vec_w=0.90 fts_w=0.10
slow query: 161.8ms query=Sovereign states should be allowed to set their own targets … results=100 vec_w=0.90 fts_w=0.10
slow query: 545.1ms query=On issues such as gay marriage, human rights activists have … results=100 vec_w=0.90 fts_w=0.10
slow query: 1472.7ms query=Broadcasters almost never show scenes of torture or torment … results=100 vec_w=0.90 fts_w=0.10
slow query: 955.8ms query=Where there is a clear objection to discussing a certain sub… results=100 vec_w=0.90 fts_w=0.10
slow query: 1386.5ms query=Citizens deserve the right to know what is happening in thei… results=100 vec_w=0.90 fts_w=0.10
slow query: 713.2ms query=Journalism should report the experiences of the vulnerable a… results=100 vec_w=0.90 fts_w=0.10
slow query: 1029.6ms query=The job of a journalist is to report the world and events as… results=100 vec_w=0.90 fts_w=0.10
slow query: 1048.5ms query=Domestic courts are often incapable of providing a fair tria… results=100 vec_w=0.90 fts_w=0.10
slow query: 429.8ms query=The ICC is a force for good, and the all states should be se… results=100 vec_w=0.90 fts_w=0.10
slow query: 209.8ms query=The American people support ICC membership.  In a democracy … results=100 vec_w=0.90 fts_w=0.10
slow query: 334.4ms query=Risk of “lawfare” against Israel  The specific position that… results=100 vec_w=0.90 fts_w=0.10
slow query: 702.4ms query=ICC trials violate the due process guarantees of the US cons… results=100 vec_w=0.90 fts_w=0.10
slow query: 999.3ms query=The rest of the world is better off with the US out  The cru… results=100 vec_w=0.90 fts_w=0.10
slow query: 452.7ms query=Ratification of the International Criminal Court would be a … results=100 vec_w=0.90 fts_w=0.10
slow query: 1635.6ms query=A UN standing army would be ideally suited to respond to con… results=100 vec_w=0.90 fts_w=0.10
slow query: 502.9ms query=A UN Standing Army would solve the problem of American milit… results=100 vec_w=0.90 fts_w=0.10
slow query: 647.5ms query=A UN standing army would be more effective in operations the… results=100 vec_w=0.90 fts_w=0.10
slow query: 1467.3ms query=A UN standing army is simply impossible to form.  A standing… results=100 vec_w=0.90 fts_w=0.10
slow query: 255.7ms query=A UN standing army is unnecessary  A UN standing army is unn… results=100 vec_w=0.90 fts_w=0.10
slow query: 231.6ms query=A U.N. standing army renders the United Nations a de facto s… results=100 vec_w=0.90 fts_w=0.10
slow query: 348.2ms query=There are better alternatives to solving the problems of con… results=100 vec_w=0.90 fts_w=0.10
slow query: 321.5ms query=A UN standing army would not be cost-effective.  The cost of… results=100 vec_w=0.90 fts_w=0.10
slow query: 414.6ms query=UN ignores or enables human rights abuses.  Despite the deve… results=100 vec_w=0.90 fts_w=0.10
slow query: 246.2ms query=Most international co-operation can takes place outside UN f… results=100 vec_w=0.90 fts_w=0.10
slow query: 327.5ms query=: Main purpose of UN, to prevent war, has clearly not been a… results=100 vec_w=0.90 fts_w=0.10
slow query: 227.7ms query=UN decision-making procedures are very inefficient.  The UN … results=100 vec_w=0.90 fts_w=0.10
slow query: 399.5ms query=Many UN bodies are corrupt or compromised.  As mentioned abo… results=100 vec_w=0.90 fts_w=0.10
slow query: 346.5ms query=The UN has been at the forefront of promoting respect for in… results=100 vec_w=0.90 fts_w=0.10
slow query: 309.3ms query=As world becomes more globalised, the need for a global foru… results=100 vec_w=0.90 fts_w=0.10
slow query: 291.3ms query=Solution to problems of UN is to reform outdated structures.… results=100 vec_w=0.90 fts_w=0.10
slow query: 305.4ms query=Many UN organs carry out valuable work around the world.  Th… results=100 vec_w=0.90 fts_w=0.10
slow query: 151.3ms query=The UN has performed a valuable service in preventing wars a… results=100 vec_w=0.90 fts_w=0.10
slow query: 422.6ms query=Myanmar is no longer a military dictatorship  Myanmar has ta… results=100 vec_w=0.90 fts_w=0.10
slow query: 440.0ms query=Regional factors favour re-engagement  Myanmar has continuin… results=100 vec_w=0.90 fts_w=0.10
slow query: 361.2ms query=States should not be isolated on political grounds  The isol… results=100 vec_w=0.90 fts_w=0.10
slow query: 497.4ms query=There is scope for further diplomatic progress in the region… results=100 vec_w=0.90 fts_w=0.10
slow query: 688.8ms query=Disengagement has done more harm than good in the region  Th… results=100 vec_w=0.90 fts_w=0.10
slow query: 544.1ms query=The international community and political legitimacy  The mi… results=100 vec_w=0.90 fts_w=0.10
slow query: 643.5ms query=Vested international interest are harming Myanmar  Certain m… results=100 vec_w=0.90 fts_w=0.10
slow query: 364.6ms query=Re-engagement will weaken the reform movement  International… results=100 vec_w=0.90 fts_w=0.10
slow query: 985.2ms query=Liberal democracies have a moral obligation to denounce ille… results=100 vec_w=0.90 fts_w=0.10
slow query: 661.5ms query=Blind obedience to authority  One of the major factors that … results=100 vec_w=0.90 fts_w=0.10
slow query: 842.2ms query=Authoritarian leadership  President Kagame though considered… results=100 vec_w=0.90 fts_w=0.10
slow query: 343.6ms query=International concern  Rwanda, though a progressing country … results=100 vec_w=0.90 fts_w=0.10
slow query: 602.9ms query=Setting Rwanda's priorities  Rwanda is an emerging democracy… results=100 vec_w=0.90 fts_w=0.10
slow query: 752.8ms query=There is accountability without a free press  Freedom of spe… results=100 vec_w=0.90 fts_w=0.10
slow query: 466.9ms query=Focused leadership  Progress in Africa has been hindered by … results=100 vec_w=0.90 fts_w=0.10
slow query: 615.4ms query=The historical reasons for which the state of Lesotho exists… results=100 vec_w=0.90 fts_w=0.10
slow query: 1502.5ms query=Annexation will allow the free movement of Basotho people, g… results=100 vec_w=0.90 fts_w=0.10
slow query: 1021.3ms query=Lesotho is in a dire condition and needs help from its close… results=100 vec_w=0.90 fts_w=0.10
slow query: 513.5ms query=South Africa will gain influence, stability and a better ima… results=100 vec_w=0.90 fts_w=0.10
slow query: 798.2ms query=A local, decentralized authority can provide better opportun… results=100 vec_w=0.90 fts_w=0.10
slow query: 668.0ms query=It is not in the interest of South Africa to annex a poor, u… results=100 vec_w=0.90 fts_w=0.10
slow query: 772.9ms query=Annexation is not needed where there is already extensive co… results=100 vec_w=0.90 fts_w=0.10
slow query: 973.4ms query=A federal Europe will protect the cultural diversity of its … results=100 vec_w=0.90 fts_w=0.10
slow query: 277.9ms query=A federal Europe will ensure that large, multinational busin… results=100 vec_w=0.90 fts_w=0.10
slow query: 522.8ms query=A federal Europe will benefit the citizens of its member sta… results=100 vec_w=0.90 fts_w=0.10
slow query: 588.8ms query=A federal Europe will be a stronger international actor  A f… results=100 vec_w=0.90 fts_w=0.10
slow query: 668.8ms query=The federal model has proved to be a success previously  The… results=100 vec_w=0.90 fts_w=0.10
slow query: 692.3ms query=Existing contributive inequalities within the Union would be… results=100 vec_w=0.90 fts_w=0.10
slow query: 110.4ms query=Subsidiarity will deal with regional identities’ problem  Fe… results=100 vec_w=0.90 fts_w=0.10
slow query: 199.3ms query=The concept of federalism lacks political support  Euroscept… results=100 vec_w=0.90 fts_w=0.10
slow query: 410.9ms query=Moves toward federalism will endanger the stability of the E… results=100 vec_w=0.90 fts_w=0.10
slow query: 163.4ms query=Poaching is becoming more advanced  A stronger, militarised … results=100 vec_w=0.90 fts_w=0.10
slow query: 325.1ms query=The justice system does not currently work  A major failing … results=100 vec_w=0.90 fts_w=0.10
slow query: 205.0ms query=Natural habitats being are destroyed  A tougher approach to … results=100 vec_w=0.90 fts_w=0.10
slow query: 213.9ms query=Endangered animals are a source of pride for African countri… results=100 vec_w=0.90 fts_w=0.10
slow query: 298.7ms query=Poaching is linked to terrorism  Stronger protection of anim… results=100 vec_w=0.90 fts_w=0.10
slow query: 176.5ms query=Fewer human deaths  Fewer large beasts will lead to fewer de… results=100 vec_w=0.90 fts_w=0.10
slow query: 376.1ms query=Heavy handed approaches do not solve the motivations for poa… results=100 vec_w=0.90 fts_w=0.10
slow query: 432.4ms query=Legalising the trade of horns, ivory, furs and pelts would b… results=100 vec_w=0.90 fts_w=0.10
slow query: 218.3ms query=African countries have little money to spare  Africa has som… results=100 vec_w=0.90 fts_w=0.10
slow query: 743.8ms query=Major changes need to be put to the people and the people mu… results=100 vec_w=0.90 fts_w=0.10
slow query: 753.6ms query=The decision not to hold a referendum directly ignores the w… results=100 vec_w=0.90 fts_w=0.10
slow query: 248.8ms query=Reform treaties are too important to be left to politicians … results=100 vec_w=0.90 fts_w=0.10
slow query: 355.6ms query=If all member states held a referendum on all EU treaties no… results=100 vec_w=0.90 fts_w=0.10
slow query: 393.5ms query=Voters do not understand or care about EU reforms.  They wou… results=100 vec_w=0.90 fts_w=0.10
slow query: 778.8ms query=Referendums are more about PR than politics.  Referendum vot… results=100 vec_w=0.90 fts_w=0.10
slow query: 178.3ms query=Significant changes in the past have not been put to popular… results=100 vec_w=0.90 fts_w=0.10
slow query: 355.3ms query=The only just method  Prosecuting offenders is the only way … results=100 vec_w=0.90 fts_w=0.10
slow query: 353.7ms query=Prosecutions are needed for victims  Prosecutions are the on… results=100 vec_w=0.90 fts_w=0.10
slow query: 181.3ms query=International prosecution encourages domestic justice  By in… results=100 vec_w=0.90 fts_w=0.10
slow query: 591.4ms query=Deters future offences  By prosecuting those who commit crim… results=100 vec_w=0.90 fts_w=0.10
slow query: 530.8ms query=Prosecutions don't get to the real truth  Truth is the most … results=100 vec_w=0.90 fts_w=0.10
slow query: 216.7ms query=Fear of prosecutions cause leaders to do more damage  Instea… results=100 vec_w=0.90 fts_w=0.10
slow query: 357.3ms query=Peace more important than Justice  In practice, prosecutions… results=100 vec_w=0.90 fts_w=0.10
slow query: 555.9ms query=Technology has driven youths to identify new markets  A key … results=100 vec_w=0.90 fts_w=0.10
slow query: 468.9ms query=Technology has enabled Africa’s cultural industries to grow.… results=100 vec_w=0.90 fts_w=0.10
slow query: 1085.1ms query=Technology will lead job growth for youths.  The rate of une… results=100 vec_w=0.90 fts_w=0.10
slow query: 305.3ms query=Technology is building a platform for sharing ideas.  Entrep… results=100 vec_w=0.90 fts_w=0.10
slow query: 282.3ms query=Changing education systems and democracy.  Technology has en… results=100 vec_w=0.90 fts_w=0.10
slow query: 412.0ms query=The technological revolution has been hyped.  Debates may be… results=100 vec_w=0.90 fts_w=0.10
slow query: 234.8ms query=Technology has only benefited private companies.  Ultimately… results=100 vec_w=0.90 fts_w=0.10
slow query: 149.7ms query=Technology remains insecure and a security risk.  The intern… results=100 vec_w=0.90 fts_w=0.10
slow query: 282.6ms query=Technology will not result in entrepreneurialism without pro… results=100 vec_w=0.90 fts_w=0.10
slow query: 534.3ms query=Turkey has precedents, such as Romania and Bulgaria, both of… results=100 vec_w=0.90 fts_w=0.10
slow query: 821.5ms query=Turkey is a poverty stricken country and entry into the EU w… results=100 vec_w=0.90 fts_w=0.10
slow query: 376.2ms query=Turkey joining the EU would help the international fight aga… results=100 vec_w=0.90 fts_w=0.10
slow query: 871.0ms query=Any country that fulfils the accession criteria should be al… results=100 vec_w=0.90 fts_w=0.10
slow query: 1793.9ms query=Turkey is a highly unstable democracy in an unstable part of… results=100 vec_w=0.90 fts_w=0.10
slow query: 370.2ms query=Turkey would have the largest population of all member state… results=100 vec_w=0.90 fts_w=0.10
slow query: 1028.4ms query=Turkey would be an unstable Muslim state in a traditionally … results=100 vec_w=0.90 fts_w=0.10
slow query: 1713.8ms query=Turkey has a poor human rights record  Turkey’s human rights… results=100 vec_w=0.90 fts_w=0.10
slow query: 823.7ms query=The geographical definition of Europe must be limited and do… results=100 vec_w=0.90 fts_w=0.10
slow query: 382.0ms query=The partition of Ireland was undemocratic  The people of Nor… results=100 vec_w=0.90 fts_w=0.10
slow query: 117.9ms query=Economic efficiency  A Unified Ireland would be better off e… results=100 vec_w=0.90 fts_w=0.10
slow query: 521.9ms query=Britain is morally obliged to permit the secession of northe… results=100 vec_w=0.90 fts_w=0.10
slow query: 470.6ms query=It would be easier to protect the rights of religious minori… results=100 vec_w=0.90 fts_w=0.10
slow query: 288.6ms query=Uniting Ireland would bring about an end to sectarian violen… results=100 vec_w=0.90 fts_w=0.10
slow query: 685.6ms query=The majority of the inhabitants of Northern Ireland do not s… results=100 vec_w=0.90 fts_w=0.10
slow query: 275.7ms query=Unification would reignite civil disorder and violent factio… results=100 vec_w=0.90 fts_w=0.10
slow query: 685.2ms query=Unification would be damaging for the economies of both part… results=100 vec_w=0.90 fts_w=0.10
slow query: 3769.0ms query=The New START treaty will help against Iran’s nuclear progra… results=100 vec_w=0.90 fts_w=0.10
slow query: 3832.8ms query=The New START treaty will make for a safer world.  Reducing … results=100 vec_w=0.90 fts_w=0.10
slow query: 3292.2ms query=The New START treaty maintains US nuclear and missile defenc… results=100 vec_w=0.90 fts_w=0.10
slow query: 2527.6ms query=The New START treaty helps Russia more than the US  Not only… results=100 vec_w=0.90 fts_w=0.10
slow query: 789.3ms query=Problems with Verification.  Verification is vital in any ag… results=100 vec_w=0.90 fts_w=0.10
slow query: 3425.6ms query=The New START treaty sets a bad approach for a changing worl… results=100 vec_w=0.90 fts_w=0.10
slow query: 4252.9ms query=The New START treaty harms US nuclear capabilities  As David… results=100 vec_w=0.90 fts_w=0.10
slow query: 345.3ms query=Environmental Damage  Both licit and illicit resource extrac… results=100 vec_w=0.90 fts_w=0.10
slow query: 1037.8ms query=Resource abundance has led to poor governance  Corruption in… results=100 vec_w=0.90 fts_w=0.10
slow query: 806.8ms query=Foreign companies gain most of the profits  The majority of … results=100 vec_w=0.90 fts_w=0.10
slow query: 228.6ms query=Resources are a source of conflict  There is a strong connec… results=100 vec_w=0.90 fts_w=0.10
slow query: 435.2ms query=Bring Africa out of poverty  The African continent has the h… results=100 vec_w=0.90 fts_w=0.10
slow query: 243.0ms query=Natural resources create employment  The extraction of natur… results=100 vec_w=0.90 fts_w=0.10
slow query: 189.2ms query=Source of trade  Natural resources are a source of economic … results=100 vec_w=0.90 fts_w=0.10
slow query: 454.6ms query=Teacher training  Investment is required in teacher training… results=100 vec_w=0.90 fts_w=0.10
slow query: 183.3ms query=Social Policy: encouraging teaching careers  UNESCO (2013) r… results=100 vec_w=0.90 fts_w=0.10
slow query: 244.0ms query=Incentivising movement so there are teachers where they are … results=100 vec_w=0.90 fts_w=0.10
slow query: 335.7ms query=Social Policy for satisfied teachers  The creation of nation… results=100 vec_w=0.90 fts_w=0.10
slow query: 224.0ms query=Colonial legacies: the issue of language  A fundamental rest… results=100 vec_w=0.90 fts_w=0.10
slow query: 111.4ms query=The MDG is the barrier  Significant progress has been made i… results=100 vec_w=0.90 fts_w=0.10
slow query: 416.2ms query=The complex controls over enrolment  Suggesting investments … results=100 vec_w=0.90 fts_w=0.10
slow query: 293.7ms query=Teaching begins at home  For the target of universal primary… results=100 vec_w=0.90 fts_w=0.10
slow query: 195.5ms query=Small size makes for ease  The Seychelles, as with the other… results=100 vec_w=0.90 fts_w=0.10
slow query: 348.8ms query=Moving is an imperative  It is clear that if the Seychelles … results=100 vec_w=0.90 fts_w=0.10
slow query: 605.3ms query=Shared sovereignty  If there are no countries willing to ced… results=100 vec_w=0.90 fts_w=0.10
slow query: 985.2ms query=Other nations have an obligation to help  The President of V… results=100 vec_w=0.90 fts_w=0.10
slow query: 313.7ms query=New countries forged by those fleeing disaster  There have b… results=100 vec_w=0.90 fts_w=0.10
slow query: 477.6ms query=Could retain sovereignty without acquiring new territory  Wh… results=100 vec_w=0.90 fts_w=0.10
slow query: 243.2ms query=Other states would not want to waste resources on a refugee … results=100 vec_w=0.90 fts_w=0.10
slow query: 693.1ms query=Human development indicators have significantly improved in … results=100 vec_w=0.90 fts_w=0.10
slow query: 474.5ms query=Africa’s Economies are growing rapidly  Africa has recently … results=100 vec_w=0.90 fts_w=0.10
slow query: 639.1ms query=Foreign Direct Investment to the continent has increased  Fo… results=100 vec_w=0.90 fts_w=0.10
slow query: 502.3ms query=Greater Access to Technology  Proponents of this view claim … results=100 vec_w=0.90 fts_w=0.10
slow query: 237.6ms query=Majority of states are still undemocratic  While there is a … results=100 vec_w=0.90 fts_w=0.10
slow query: 569.1ms query=War and Civil unrest disrupt development and economic growth… results=100 vec_w=0.90 fts_w=0.10
slow query: 435.0ms query=The Continent is still vulnerable to natural disasters  A ma… results=100 vec_w=0.90 fts_w=0.10
slow query: 317.2ms query=Millennium Development Goals have not yet been reached  Whil… results=100 vec_w=0.90 fts_w=0.10
slow query: 459.3ms query=Economically beneficial  Switching diplomatic recognition to… results=100 vec_w=0.90 fts_w=0.10
slow query: 399.9ms query=PRC is clearly the China that matters  The Chinese civil war… results=100 vec_w=0.90 fts_w=0.10
slow query: 280.7ms query=Should not ignore the will of 1.3billion  A small African co… results=100 vec_w=0.90 fts_w=0.10
slow query: 633.7ms query=Cannot avoid dealing with a UNSC member  The PRC is a member… results=100 vec_w=0.90 fts_w=0.10
slow query: 377.2ms query=There is a truce in the diplomatic conflict  There is a truc… results=100 vec_w=0.90 fts_w=0.10
slow query: 440.8ms query=Receive much greater interest from Taiwan  There are benefit… results=100 vec_w=0.90 fts_w=0.10
slow query: 230.6ms query=Should recognise a democracy  São Tomé is a multiparty democ… results=100 vec_w=0.90 fts_w=0.10
slow query: 1440.9ms query=Defaulting would be the quickest route to economic recovery … results=100 vec_w=0.90 fts_w=0.10
slow query: 1371.2ms query=The current austerity measures are not working  The Austerit… results=100 vec_w=0.90 fts_w=0.10
slow query: 425.8ms query=A Greek default would increase stability for the rest of the… results=100 vec_w=0.90 fts_w=0.10
slow query: 693.0ms query=Defaulting would not solve Greece’s problems  The propositio… results=100 vec_w=0.90 fts_w=0.10
slow query: 762.3ms query=Leaving the Eurozone would be detrimental for Greece in the … results=100 vec_w=0.90 fts_w=0.10
slow query: 554.0ms query=A Greek default would have a negative domino-effect on other… results=100 vec_w=0.90 fts_w=0.10
slow query: 1012.4ms query=Defaulting would cause chaos in Greece  There is no good sol… results=100 vec_w=0.90 fts_w=0.10
slow query: 470.3ms query=China has changed a lot since Tiananmen  China has changed o… results=100 vec_w=0.90 fts_w=0.10
slow query: 460.7ms query=A code of conduct is needed not a ban  The current arms ban … results=100 vec_w=0.90 fts_w=0.10
slow query: 415.1ms query=China can’t be ignored  Europe has a developing strategic pa… results=100 vec_w=0.90 fts_w=0.10
slow query: 262.5ms query=China will simply get similar products elsewhere  In a globa… results=100 vec_w=0.90 fts_w=0.10
slow query: 997.1ms query=Cooperation is the best way to gain influence  Cooperating w… results=100 vec_w=0.90 fts_w=0.10
slow query: 570.5ms query=Prevents a competitor from building a high tech military  Th… results=100 vec_w=0.90 fts_w=0.10
slow query: 540.3ms query=Lifting the ban will damage relations with the U.S.  Even if… results=100 vec_w=0.90 fts_w=0.10
slow query: 321.8ms query=There is no reason to strengthen China militarily  Lifting t… results=100 vec_w=0.90 fts_w=0.10
slow query: 923.4ms query=China is a threat to regional stability  China poses a threa… results=100 vec_w=0.90 fts_w=0.10
slow query: 744.2ms query=The arms ban is still necessary  The European Union should s… results=100 vec_w=0.90 fts_w=0.10
slow query: 916.0ms query=It is legitimate to undermine illegitimate governments to pr… results=100 vec_w=0.90 fts_w=0.10
slow query: 796.0ms query=Advancing national interests  A nation’s foreign policy shou… results=100 vec_w=0.90 fts_w=0.10
slow query: 179.3ms query=It is domestic not international legitimacy that matters  Wh… results=100 vec_w=0.90 fts_w=0.10
slow query: 540.7ms query=It is legitimate to enable freedom  Circumventing censorship… results=100 vec_w=0.90 fts_w=0.10
slow query: 540.3ms query=Governments enable censorship to protect their citizens  Wha… results=100 vec_w=0.90 fts_w=0.10
slow query: 617.9ms query=Aggressive foreign policy is not legitimate foreign policy  … results=100 vec_w=0.90 fts_w=0.10
slow query: 518.8ms query=This policy is not necessary and may be counterproductive  U… results=100 vec_w=0.90 fts_w=0.10
slow query: 817.3ms query=The international system is based on equality and non-interf… results=100 vec_w=0.90 fts_w=0.10
slow query: 491.5ms query=Small is beautiful: community empowerment  Microfinance is e… results=100 vec_w=0.90 fts_w=0.10
slow query: 298.2ms query=Microfinance and protection  Access to a small loan provides… results=100 vec_w=0.90 fts_w=0.10
slow query: 243.0ms query=A livelihoods approach  The livelihoods approach provides a … results=100 vec_w=0.90 fts_w=0.10
slow query: 233.2ms query=Ending poverty through entrepreneurialism  Introducing finan… results=100 vec_w=0.90 fts_w=0.10
slow query: 173.7ms query=Rebuilding agricultural systems  Africa is faced with an agr… results=100 vec_w=0.90 fts_w=0.10
slow query: 287.4ms query=Deeper issues unresolved  Microfinance provides a quick-fix … results=100 vec_w=0.90 fts_w=0.10
slow query: 348.7ms query=Debt cycles and the curse of microfinance  Microfinance is i… results=100 vec_w=0.90 fts_w=0.10
slow query: 440.7ms query=Realistic barriers  There are significant barriers to introd… results=100 vec_w=0.90 fts_w=0.10
slow query: 1264.1ms query=Turkey is actually part of the European continent both geogr… results=100 vec_w=0.90 fts_w=0.10
slow query: 1291.8ms query=The admission of Turkey will help the economy of the EU deve… results=100 vec_w=0.90 fts_w=0.10
slow query: 1098.5ms query=Strategic position and energy benefits  There would be immen… results=100 vec_w=0.90 fts_w=0.10
slow query: 858.4ms query=Turkey is not yet up to European standards of human rights. … results=100 vec_w=0.90 fts_w=0.10
slow query: 644.3ms query=Turkey must recognize Cyprus.  The biggest problem facing Tu… results=100 vec_w=0.90 fts_w=0.10
slow query: 865.7ms query=Turkey is not enough economically developed to join the EU. … results=100 vec_w=0.90 fts_w=0.10
slow query: 727.0ms query=The fact that it is a Representative highlights the fact tha… results=100 vec_w=0.90 fts_w=0.10
slow query: 470.5ms query=The EU has already been unifying on multiple fronts, this is… results=100 vec_w=0.90 fts_w=0.10
slow query: 676.8ms query=The creation of the post of a High Representative marked an … results=100 vec_w=0.90 fts_w=0.10
slow query: 621.2ms query=The High Representative will be a catalyst and a facilitator… results=100 vec_w=0.90 fts_w=0.10
slow query: 499.6ms query=The previous arrangement of having two foreign policy center… results=100 vec_w=0.90 fts_w=0.10
slow query: 533.1ms query=There have been tests on the EU's ability to create a common… results=100 vec_w=0.90 fts_w=0.10
slow query: 379.0ms query=The post of a High Representative is merely a shadow of what… results=100 vec_w=0.90 fts_w=0.10
slow query: 301.7ms query=Going back on this rule would promote casual sex  Condoning … results=100 vec_w=0.90 fts_w=0.10
slow query: 213.5ms query=Protects people from spending eternity in Hell.  It is impor… results=100 vec_w=0.90 fts_w=0.10
slow query: 691.4ms query=Radical changes risk the stability of the Catholic Church.  … results=100 vec_w=0.90 fts_w=0.10
slow query: 484.2ms query=In context of other teachings, does not promote the spread o… results=100 vec_w=0.90 fts_w=0.10
slow query: 366.5ms query=The Catholic Church believes that any limitation of procreat… results=100 vec_w=0.90 fts_w=0.10
slow query: 511.6ms query=In contradiction to the Catholic Church's responsibility to … results=100 vec_w=0.90 fts_w=0.10
slow query: 461.6ms query=Birth control within monogamous relationships.  Contraceptio… results=100 vec_w=0.90 fts_w=0.10
slow query: 419.7ms query=Promotes image of Catholic Church as uncaring and stubborn. … results=100 vec_w=0.90 fts_w=0.10
slow query: 265.6ms query=Barrier contraception can protect women from husbands with A… results=100 vec_w=0.90 fts_w=0.10
slow query: 214.3ms query=Opposed by much of the Church  In spite of the Catholic Chur… results=100 vec_w=0.90 fts_w=0.10
slow query: 733.4ms query=Socialism was a twentieth century ideology which ran its cou… results=100 vec_w=0.90 fts_w=0.10
slow query: 290.7ms query=Although there are protests as a result of the banking crisi… results=100 vec_w=0.90 fts_w=0.10
slow query: 347.6ms query=Even the leaders of the Left have given up on Socialism as a… results=100 vec_w=0.90 fts_w=0.10
slow query: 650.3ms query=The idea that wealth should be more fairly and evenly distri… results=100 vec_w=0.90 fts_w=0.10
slow query: 375.3ms query=It is impossible to acquire the information necessary to cre… results=100 vec_w=0.90 fts_w=0.10
slow query: 335.4ms query=Globalisation has made socialism impractical to implement  G… results=100 vec_w=0.90 fts_w=0.10
slow query: 685.7ms query=Class consciousness is an important aspect of Socialism, it … results=100 vec_w=0.90 fts_w=0.10
slow query: 457.5ms query=Socialism has changed historically to meet the challenges of… results=100 vec_w=0.90 fts_w=0.10
slow query: 1337.5ms query=Medical science allows us to control death, suicide and euth… results=100 vec_w=0.90 fts_w=0.10
slow query: 1227.7ms query=Suicide is a rational choice in many situations.  When confr… results=100 vec_w=0.90 fts_w=0.10
slow query: 1257.6ms query=The decision to die is a deeply personal one - it is no busi… results=100 vec_w=0.90 fts_w=0.10
slow query: 1411.8ms query=Once the moral absolute is broken, there is no other credibl… results=100 vec_w=0.90 fts_w=0.10
slow query: 1867.5ms query=The death of one individual has implications for others, whi… results=100 vec_w=0.90 fts_w=0.10
slow query: 1168.9ms query=There is a risk that even a free choice may have some coerci… results=100 vec_w=0.90 fts_w=0.10
slow query: 1464.6ms query=It is impossible to frame a structure which respects the rig… results=100 vec_w=0.90 fts_w=0.10
slow query: 639.6ms query=Animal research necessitates significant harm to the animals… results=100 vec_w=0.90 fts_w=0.10
slow query: 298.6ms query=Would send a positive social message, increasing animal welf… results=100 vec_w=0.90 fts_w=0.10
slow query: 882.5ms query=Animals have a right not to be harmed  The differences betwe… results=100 vec_w=0.90 fts_w=0.10
slow query: 704.5ms query=Research can be done effectively without experimenting on li… results=100 vec_w=0.90 fts_w=0.10
slow query: 389.2ms query=Some groups of people have less capacity for suffering than … results=100 vec_w=0.90 fts_w=0.10
slow query: 651.4ms query=People would die and suffer needlessly under such a policy  … results=100 vec_w=0.90 fts_w=0.10
slow query: 608.6ms query=Animals involved in animal research are mostly well treated.… results=100 vec_w=0.90 fts_w=0.10
slow query: 1336.7ms query=Animal research is only used where other research methods ar… results=100 vec_w=0.90 fts_w=0.10
slow query: 1546.9ms query=Animal research is necessary for the development of truly no… results=100 vec_w=0.90 fts_w=0.10
slow query: 638.7ms query=Animals' rights are of less moral worth than human rights  H… results=100 vec_w=0.90 fts_w=0.10
slow query: 294.8ms query=More ‘good’ is produced by saving five lives than saving one… results=100 vec_w=0.90 fts_w=0.10
slow query: 342.3ms query=As humans we try to save as many people as possible  There e… results=100 vec_w=0.90 fts_w=0.10
slow query: 600.6ms query=Killing one person is the rational choice  The philosopher J… results=100 vec_w=0.90 fts_w=0.10
slow query: 240.3ms query=We cannot make any judgments about whose life is valuable an… results=100 vec_w=0.90 fts_w=0.10
slow query: 296.2ms query=The act of killing is emotionally damaging  To actually be i… results=100 vec_w=0.90 fts_w=0.10
slow query: 176.8ms query=We do not want a society in which killing can be acceptable … results=100 vec_w=0.90 fts_w=0.10
slow query: 172.6ms query=Utilitarianism is demanding  If we choose to save the five p… results=100 vec_w=0.90 fts_w=0.10
slow query: 157.9ms query=We instinctively know killing is wrong  While sometimes our … results=100 vec_w=0.90 fts_w=0.10
slow query: 233.9ms query=Killing is worse than letting someone die  People die in acc… results=100 vec_w=0.90 fts_w=0.10
slow query: 559.9ms query=The apparent loss of liberty is overstated.  Negative cases … results=100 vec_w=0.90 fts_w=0.10
slow query: 366.7ms query=The argument is about practicality and the balancing of risk… results=100 vec_w=0.90 fts_w=0.10
slow query: 639.5ms query=National security is something that must be protected even a… results=100 vec_w=0.90 fts_w=0.10
slow query: 430.4ms query=Western countries already benefit from extremely liberal law… results=100 vec_w=0.90 fts_w=0.10
slow query: 506.5ms query=It is with the popular support of the public that security m… results=100 vec_w=0.90 fts_w=0.10
slow query: 605.3ms query=The loss of individual liberty is the start of a slippery sl… results=100 vec_w=0.90 fts_w=0.10
slow query: 375.1ms query=In the public’s eyes, the government seems to suspect everyo… results=100 vec_w=0.90 fts_w=0.10
slow query: 386.5ms query=It impedes economic progress.  Extra-security measures only … results=100 vec_w=0.90 fts_w=0.10
slow query: 341.2ms query=It would be letting the terrorists win  It is the aim of all… results=100 vec_w=0.90 fts_w=0.10
slow query: 974.2ms query=The threat of terrorism and security risks are overstated.  … results=100 vec_w=0.90 fts_w=0.10
slow query: 593.6ms query=Overcomes prejudice  Affirmative action is required to overc… results=100 vec_w=0.90 fts_w=0.10
slow query: 765.1ms query=Equality of opportunity  Affirmative action is required for … results=100 vec_w=0.90 fts_w=0.10
slow query: 475.0ms query=Changes negative perceptions of university life  Affirmative… results=100 vec_w=0.90 fts_w=0.10
slow query: 241.2ms query=Increase the number of Minorities  College admission process… results=100 vec_w=0.90 fts_w=0.10
slow query: 306.7ms query=Affirmative action can create social tensions  Under the pol… results=100 vec_w=0.90 fts_w=0.10
slow query: 359.1ms query=Affirmative action will not work  The underlying issue which… results=100 vec_w=0.90 fts_w=0.10
slow query: 293.8ms query=Achievements should be earned not given  There is a great po… results=100 vec_w=0.90 fts_w=0.10
slow query: 1324.4ms query=Neo-functionalism proposes a purpose to EU integration.  Neo… results=100 vec_w=0.90 fts_w=0.10
slow query: 385.7ms query=Supranational Entrepreneurs played a crucial role in integra… results=100 vec_w=0.90 fts_w=0.10
slow query: 517.2ms query=Neo-functionalism explains the cause of integration  Spill-o… results=100 vec_w=0.90 fts_w=0.10
slow query: 315.1ms query=Neo-functionalism - liberal theory of regional integration  … results=100 vec_w=0.90 fts_w=0.10
slow query: 335.5ms query=Neo-functionalism provides a good starting point for EU anal… results=100 vec_w=0.90 fts_w=0.10
slow query: 470.9ms query=The Founder of Neo-functionalism abandoned his own Theory (H… results=100 vec_w=0.90 fts_w=0.10
slow query: 261.7ms query=The international system is characterised by anarchy and the… results=100 vec_w=0.90 fts_w=0.10
slow query: 854.6ms query=The Empty Chair Crisis 1965  In 1965 during the Empty Chair … results=100 vec_w=0.90 fts_w=0.10
slow query: 818.3ms query=The assumption of the automaticity of Spill-over is wrong.  … results=100 vec_w=0.90 fts_w=0.10
slow query: 767.0ms query=It may be necessary to limit trial by jury in cases where th… results=100 vec_w=0.90 fts_w=0.10
slow query: 937.4ms query=It may be necessary to limit trial by jury in cases where it… results=100 vec_w=0.90 fts_w=0.10
slow query: 391.7ms query=It may be necessary to limit trial by jury in terrorism case… results=100 vec_w=0.90 fts_w=0.10
slow query: 397.5ms query=Judges are better at delivering justice than juries are.  Ju… results=100 vec_w=0.90 fts_w=0.10
slow query: 1118.7ms query=Having trial by jury for people accused of very small offenc… results=100 vec_w=0.90 fts_w=0.10
slow query: 849.1ms query=Through jury nullification, juries make the law more account… results=100 vec_w=0.90 fts_w=0.10
slow query: 417.8ms query=Limiting trial by jury in some cases sets the stage for limi… results=100 vec_w=0.90 fts_w=0.10
slow query: 961.6ms query=Trial by jury is a fundamental right and should never be abr… results=100 vec_w=0.90 fts_w=0.10
slow query: 365.3ms query=Protections offered in a court must be absolute in order for… results=100 vec_w=0.90 fts_w=0.10
slow query: 294.1ms query=Terrorism can lead to discussion  In some cases, terrorism c… results=100 vec_w=0.90 fts_w=0.10
slow query: 695.8ms query=Consequentialism  Actions can only be justified by their out… results=100 vec_w=0.90 fts_w=0.10
slow query: 1332.2ms query=Legitimacy  In extreme cases, in which peaceful and democrat… results=100 vec_w=0.90 fts_w=0.10
slow query: 262.9ms query=Terrorism can bring attention  Terrorism can raise the profi… results=100 vec_w=0.90 fts_w=0.10
slow query: 1085.0ms query=Terrorism is relative  The definition of terrorism depends v… results=100 vec_w=0.90 fts_w=0.10
slow query: 832.7ms query=Terrorism creates a negative abusable portrayal  Acts of ter… results=100 vec_w=0.90 fts_w=0.10
slow query: 754.4ms query=Corrupt states  States or institutions created in concession… results=100 vec_w=0.90 fts_w=0.10
slow query: 492.0ms query=Exacerbation of poor conditions  Terrorism creates a perpetu… results=100 vec_w=0.90 fts_w=0.10
slow query: 1093.8ms query=Harm to others is never legitimate  Even in cases of suppres… results=100 vec_w=0.90 fts_w=0.10
slow query: 308.9ms query=Justice co-operation  Crime does not stop at national border… results=100 vec_w=0.90 fts_w=0.10
slow query: 333.2ms query=Encourages a culture of respect for human rights  Capital pu… results=100 vec_w=0.90 fts_w=0.10
slow query: 327.1ms query=Diplomatic relations  European states in particular put a pa… results=100 vec_w=0.90 fts_w=0.10
slow query: 225.7ms query=African values  Human rights are a concept that take on diff… results=100 vec_w=0.90 fts_w=0.10
slow query: 189.7ms query=Capital punishment is a comparatively small issue  Whatever … results=100 vec_w=0.90 fts_w=0.10
slow query: 199.4ms query=“Benefits” of capital punishment apply universally  The same… results=100 vec_w=0.90 fts_w=0.10
slow query: 214.6ms query=Self-determination and independence is recognition of the fa… results=100 vec_w=0.90 fts_w=0.10
slow query: 616.4ms query=Self-determination is necessary to protect minority cultures… results=100 vec_w=0.90 fts_w=0.10
slow query: 461.9ms query=Self-determination embodies the fundamental right of peoples… results=100 vec_w=0.90 fts_w=0.10
slow query: 981.2ms query=Self-determination offers a way to resolve otherwise intract… results=100 vec_w=0.90 fts_w=0.10
slow query: 335.6ms query=The rise of universal human rights makes self-determination … results=100 vec_w=0.90 fts_w=0.10
slow query: 260.5ms query=Self-determination can destabilise nation states, sometimes … results=100 vec_w=0.90 fts_w=0.10
slow query: 442.6ms query=What matters are individual democratic rights, not necessari… results=100 vec_w=0.90 fts_w=0.10
slow query: 160.8ms query=Suicide is a selfish act that causes suffering to others  Su… results=100 vec_w=0.90 fts_w=0.10
slow query: 451.5ms query=Suicide is a waste of life  Suicide is a waste of life. It i… results=100 vec_w=0.90 fts_w=0.10
slow query: 440.9ms query=Prohibiting suicide sends the message that it is not an acce… results=100 vec_w=0.90 fts_w=0.10
slow query: 137.5ms query=Suicide undermines the sanctity of the human body  Like abor… results=100 vec_w=0.90 fts_w=0.10
slow query: 289.9ms query=The right to life means a right to death  When we speak of t… results=100 vec_w=0.90 fts_w=0.10
slow query: 178.5ms query=We are all dying  Death is an inevitable fact of life. We wi… results=100 vec_w=0.90 fts_w=0.10
slow query: 121.2ms query=This is not the role of the criminal law  Criminal legislati… results=100 vec_w=0.90 fts_w=0.10
slow query: 225.4ms query=Head of state immunity  Traditionally, heads of state have h… results=100 vec_w=0.90 fts_w=0.10
slow query: 273.0ms query=A delay is necessary for national security  Kenya is at risk… results=100 vec_w=0.90 fts_w=0.10
slow query: 153.0ms query=Interferes with a democratic mandate  Unlike many of the oth… results=100 vec_w=0.90 fts_w=0.10
slow query: 250.0ms query=Kenya needs the trial now  Without justice, there cannot be … results=100 vec_w=0.90 fts_w=0.10
slow query: 248.9ms query=Just hold the trial by videolink  It has already been agreed… results=100 vec_w=0.90 fts_w=0.10
slow query: 240.4ms query=Kenya would be better off without them  Kenya does not need … results=100 vec_w=0.90 fts_w=0.10
slow query: 171.3ms query=Criminal defendants don’t get to pick and choose trial dates… results=100 vec_w=0.90 fts_w=0.10
slow query: 1324.2ms query=Coca production can be justified on cultural grounds  Coca c… results=100 vec_w=0.90 fts_w=0.10
slow query: 746.2ms query=Coca chewing is not equivalent to the consumption of hard dr… results=100 vec_w=0.90 fts_w=0.10
slow query: 1354.1ms query=Legal coca cultivation would enhance economic growth in deve… results=100 vec_w=0.90 fts_w=0.10
slow query: 746.2ms query=Legalising coca production would undemine the wider war on t… results=100 vec_w=0.90 fts_w=0.10
slow query: 325.6ms query=Coca chewing is harmful and should be proscribed  The origin… results=100 vec_w=0.90 fts_w=0.10
slow query: 890.6ms query=Unrestricted Coca production would increase the availability… results=100 vec_w=0.90 fts_w=0.10
slow query: 974.6ms query=Juries need to have all the information possible in order to… results=100 vec_w=0.90 fts_w=0.10
slow query: 211.7ms query=Occasional disclosure of convictions leads to an inconsisten… results=100 vec_w=0.90 fts_w=0.10
slow query: 2013.7ms query=The current system is unfairly weighted in favour of crimina… results=100 vec_w=0.90 fts_w=0.10
slow query: 488.7ms query=Jurors are already aware of information which might ‘bias’ t… results=100 vec_w=0.90 fts_w=0.10
slow query: 400.4ms query=Defendants who are innocent will be protected  This motion c… results=100 vec_w=0.90 fts_w=0.10
slow query: 684.4ms query=We already recognise that we cannot place complete trust in … results=100 vec_w=0.90 fts_w=0.10
slow query: 529.3ms query=Allowing this motion would lead to a miscarriage of justice.… results=100 vec_w=0.90 fts_w=0.10
slow query: 444.4ms query=The disclosure of previous convictions could falsely charact… results=100 vec_w=0.90 fts_w=0.10
slow query: 465.3ms query=The motion completely undermines the assumption of innocence… results=100 vec_w=0.90 fts_w=0.10
slow query: 465.0ms query=Witnesses might be identified and placed in danger  Televisi… results=100 vec_w=0.90 fts_w=0.10
slow query: 373.8ms query=Televising turns justice into entertainment  Broadcasting tr… results=100 vec_w=0.90 fts_w=0.10
slow query: 384.1ms query=Unruly defendants can play up to the cameras  Televising the… results=100 vec_w=0.90 fts_w=0.10
slow query: 628.4ms query=Open justice – crimes with large numbers of victims  The pri… results=100 vec_w=0.90 fts_w=0.10
slow query: 268.5ms query=Broadcasting provides a public record  Unlike many other cri… results=100 vec_w=0.90 fts_w=0.10
slow query: 171.7ms query=ICC does not have same problems as other legal systems  The … results=100 vec_w=0.90 fts_w=0.10
slow query: 455.3ms query=Handguns are uniquely dangerous when compared with other wea… results=100 vec_w=0.90 fts_w=0.10
slow query: 1569.5ms query=Individuals Should Not Have the Right to Bear Arms in DC  Un… results=100 vec_w=0.90 fts_w=0.10
slow query: 913.6ms query=A handgun ban reduces crime and deaths  Aside from the fact … results=100 vec_w=0.90 fts_w=0.10
slow query: 1829.6ms query=Handguns are Required For Symbolic Reasons As A Defence Agai… results=100 vec_w=0.90 fts_w=0.10
slow query: 1418.6ms query=The DC Handgun ban is inconsistent with other legislation in… results=100 vec_w=0.90 fts_w=0.10
slow query: 1308.5ms query=Hand Guns Are Required For Self Defence.  Under the status q… results=100 vec_w=0.90 fts_w=0.10
slow query: 1882.0ms query=Democracies have an obligation to shield these people and to… results=100 vec_w=0.90 fts_w=0.10
slow query: 791.0ms query=These people are under serious threat for their pursuit of j… results=100 vec_w=0.90 fts_w=0.10
slow query: 1373.1ms query=This offer of amnesty serves as a powerful public statement … results=100 vec_w=0.90 fts_w=0.10
slow query: 1658.5ms query=The liberal democratic paradigm is not the only legitimate m… results=100 vec_w=0.90 fts_w=0.10
slow query: 992.5ms query=Democracies should be wary of meddling in the internal affai… results=100 vec_w=0.90 fts_w=0.10
slow query: 1311.6ms query=The offer of amnesty allows home governments to discredit bl… results=100 vec_w=0.90 fts_w=0.10
slow query: 1075.1ms query=An amnesty policy will serve only to alienate regimes, shutt… results=100 vec_w=0.90 fts_w=0.10
slow query: 1246.5ms query=The Settlements commit future Israeli governments to a harde… results=100 vec_w=0.90 fts_w=0.10
slow query: 922.4ms query=The Settlements are illegal, and demonstrate the impotence o… results=100 vec_w=0.90 fts_w=0.10
slow query: 841.6ms query=The Settlements are seen by Palestinians as a sign of bad fa… results=100 vec_w=0.90 fts_w=0.10
slow query: 911.3ms query=Settlements remove Palestinians from their own land, and the… results=100 vec_w=0.90 fts_w=0.10
slow query: 461.3ms query=Settlements provide economic investment in the Occupied Terr… results=100 vec_w=0.90 fts_w=0.10
slow query: 565.9ms query=There is nothing legal or sacred about the West Bank’s borde… results=100 vec_w=0.90 fts_w=0.10
slow query: 1288.6ms query=The Palestinians were full participants in the 1948 War agai… results=100 vec_w=0.90 fts_w=0.10
slow query: 1066.3ms query=The Settlements are justified based on the expulsion of Jews… results=100 vec_w=0.90 fts_w=0.10
slow query: 937.5ms query=An ICC enforcement arm would be quicker  If international cr… results=100 vec_w=0.90 fts_w=0.10
slow query: 909.2ms query=An ICC enforcement is a necessity if there is to be internat… results=100 vec_w=0.90 fts_w=0.10
slow query: 598.3ms query=An ICC Enforcement arm would bring in a higher proportion of… results=100 vec_w=0.90 fts_w=0.10
slow query: 961.1ms query=An ICC enforcement arm would make the ICC more credible as a… results=100 vec_w=0.90 fts_w=0.10
slow query: 199.3ms query=An ICC enforcement arm would be unduly expensive  In a clima… results=100 vec_w=0.90 fts_w=0.10
slow query: 597.1ms query=ICC enforcement would create resentment  There are good reas… results=100 vec_w=0.90 fts_w=0.10
slow query: 668.4ms query=An ICC enforcement arm would be highly detrimental to the re… results=100 vec_w=0.90 fts_w=0.10
slow query: 214.4ms query=An ICC enforcement arm is unnecessary  To create an enforcem… results=100 vec_w=0.90 fts_w=0.10
slow query: 307.0ms query=Needle exchanges protect the public  Needle exchanges allow … results=100 vec_w=0.90 fts_w=0.10
slow query: 1264.9ms query=Needle exchanges prevent the transmission of disease  A need… results=100 vec_w=0.90 fts_w=0.10
slow query: 508.3ms query=Needle exchanges can help social services to locate addicts … results=100 vec_w=0.90 fts_w=0.10
slow query: 571.9ms query=Needle exchanges will increase the incidence of drug use  Be… results=100 vec_w=0.90 fts_w=0.10
slow query: 414.4ms query=Needle exchanges cause crime  Needle exchanges gather a larg… results=100 vec_w=0.90 fts_w=0.10
slow query: 368.4ms query=Creating needle exchange may normalise drug-taking behaviour… results=100 vec_w=0.90 fts_w=0.10
slow query: 413.4ms query=The rich are now also deterred  Another purpose of fines is … results=100 vec_w=0.90 fts_w=0.10
slow query: 319.6ms query=Rich and poor now face equality of impact of punishment  The… results=100 vec_w=0.90 fts_w=0.10
slow query: 2335.2ms query=Creates the perception that the rich are not immune to the c… results=100 vec_w=0.90 fts_w=0.10
slow query: 622.0ms query=The rich will resent this  The rich will feel like they are … results=100 vec_w=0.90 fts_w=0.10
slow query: 341.2ms query=Creates the perception that fines are like taxes, rather tha… results=100 vec_w=0.90 fts_w=0.10
slow query: 428.5ms query=A flat rate is more just  A fine ought to be proportionate t… results=100 vec_w=0.90 fts_w=0.10
slow query: 342.3ms query=Terrorist organisations such as Al Qaida do not respect the … results=100 vec_w=0.90 fts_w=0.10
slow query: 257.1ms query=In the event of an imminent attack it is only reasonable to … results=100 vec_w=0.90 fts_w=0.10
slow query: 337.1ms query=Time is of the essence in a crisis. When confronted with ext… results=100 vec_w=0.90 fts_w=0.10
slow query: 713.8ms query=Introducing the use of violence into the justice system mean… results=100 vec_w=0.90 fts_w=0.10
slow query: 395.8ms query=If legal principles are abandoned then there is little point… results=100 vec_w=0.90 fts_w=0.10
slow query: 366.3ms query=Allowing torture under any circumstances will allow the pros… results=100 vec_w=0.90 fts_w=0.10
slow query: 577.7ms query=Video footage of a court case would provide valuable informa… results=100 vec_w=0.90 fts_w=0.10
slow query: 628.2ms query=People should have a right of access to justice.  Given that… results=100 vec_w=0.90 fts_w=0.10
slow query: 190.6ms query=Cameras encourage efficiency and high standards.  Placing ca… results=100 vec_w=0.90 fts_w=0.10
slow query: 651.0ms query=Invoking public reaction can damage the lives of those conce… results=100 vec_w=0.90 fts_w=0.10
slow query: 859.8ms query=Witnesses and jurors could easily become involved in the med… results=100 vec_w=0.90 fts_w=0.10
slow query: 1375.0ms query=Televising court cases undermines the right to privacy for t… results=100 vec_w=0.90 fts_w=0.10
slow query: 633.1ms query=This turns court cases into entertainment, rather than legit… results=100 vec_w=0.90 fts_w=0.10
slow query: 104.3ms query=Protection of Minors  We need to protect minors (those under… results=100 vec_w=0.90 fts_w=0.10
slow query: 377.5ms query=The character of every act depends upon the circumstances in… results=100 vec_w=0.90 fts_w=0.10
slow query: 265.2ms query=It may be necessary in the interests of national security  T… results=100 vec_w=0.90 fts_w=0.10
slow query: 232.7ms query=Holocaust Denial  Speech acts lead to physical acts. Thus po… results=100 vec_w=0.90 fts_w=0.10
slow query: 180.4ms query=Individual Liberty outweighs any potential harms  Whatever t… results=100 vec_w=0.90 fts_w=0.10
slow query: 276.1ms query=Free speech allows challenges to orthodox beliefs  Free spee… results=100 vec_w=0.90 fts_w=0.10
slow query: 207.6ms query=Prohibition does not work; instead, it glamorizes drugs  Tho… results=100 vec_w=0.90 fts_w=0.10
slow query: 170.8ms query=The law is hypocritical  In most countries where drugs are i… results=100 vec_w=0.90 fts_w=0.10
slow query: 328.6ms query=Drugs currently fund terrorism and regional instability  The… results=100 vec_w=0.90 fts_w=0.10
slow query: 212.8ms query=People should be free to take drugs  Individuals are soverei… results=100 vec_w=0.90 fts_w=0.10
slow query: 125.5ms query=Legal drugs would increase tax revenue  In 2009-2010, the ta… results=100 vec_w=0.90 fts_w=0.10
slow query: 145.7ms query=Drugs are safer when legal  Currently in the UK, purity of i… results=100 vec_w=0.90 fts_w=0.10
slow query: 181.7ms query=Legalisation reduces crime  The illegality of drugs fuels a … results=100 vec_w=0.90 fts_w=0.10
slow query: 362.1ms query=More people will take drugs if they are legal  Considering t… results=100 vec_w=0.90 fts_w=0.10
slow query: 395.4ms query=Drugs are dangerous, and the governement should discourage i… results=100 vec_w=0.90 fts_w=0.10
slow query: 836.7ms query=Rehabilitation Has Greater Regard For the Offender  Rehabili… results=100 vec_w=0.90 fts_w=0.10
slow query: 1078.2ms query=Rehabilitation Is A Better General Justifying Aim for Punish… results=100 vec_w=0.90 fts_w=0.10
slow query: 363.0ms query=Rehabilitation Doesn’t Actually Work  While some rehabilitat… results=100 vec_w=0.90 fts_w=0.10
slow query: 581.1ms query=Rehabilitation Constitutes an Unjustifiable Further Expense … results=100 vec_w=0.90 fts_w=0.10
slow query: 1212.7ms query=How Would One Know a System of Rehabilitation Is Really Work… results=100 vec_w=0.90 fts_w=0.10
slow query: 1042.3ms query=Rehabilitation Does Not Serve The Needs of Society  The prim… results=100 vec_w=0.90 fts_w=0.10
slow query: 286.2ms query=It blocks a significant amount of evidence  A system of just… results=100 vec_w=0.90 fts_w=0.10
slow query: 588.8ms query=Attorney client privilege need not be sacrosanct in all situ… results=100 vec_w=0.90 fts_w=0.10
slow query: 503.0ms query=It makes it more likely that attorneys will lie for their cl… results=100 vec_w=0.90 fts_w=0.10
slow query: 210.1ms query=It places excessive moral burden on solicitors  With the att… results=100 vec_w=0.90 fts_w=0.10
slow query: 299.6ms query=The principle behind attorney-client privilege is declining … results=100 vec_w=0.90 fts_w=0.10
slow query: 266.9ms query=It better enables Attorneys to advance their client's case  … results=100 vec_w=0.90 fts_w=0.10
slow query: 316.2ms query=Client-Attorney Privilege is already qualified appropriately… results=100 vec_w=0.90 fts_w=0.10
slow query: 207.8ms query=It supports the principle that everyone is entitled to a def… results=100 vec_w=0.90 fts_w=0.10
slow query: 455.1ms query=The ICC offers justice to victims of war crimes.  The ICC of… results=100 vec_w=0.90 fts_w=0.10
slow query: 1273.5ms query=The ICC allows for the prosecution of war criminals.  Law-ab… results=100 vec_w=0.90 fts_w=0.10
slow query: 718.6ms query=The deterrent effect of the Court ensures wide-spread and eq… results=100 vec_w=0.90 fts_w=0.10
slow query: 327.5ms query=It may be in the best interests of victims and their state f… results=100 vec_w=0.90 fts_w=0.10
slow query: 379.2ms query=The ICC fails to prevent atrocities.  The ICC will not deter… results=100 vec_w=0.90 fts_w=0.10
slow query: 565.4ms query=The novel crime of aggression leads to the prosecution of th… results=100 vec_w=0.90 fts_w=0.10
slow query: 652.4ms query=The ICC has too much authority.  The ICC will lead to politi… results=100 vec_w=0.90 fts_w=0.10
slow query: 1030.9ms query=The ICC generates crippling expenses.  Cautious estimates su… results=100 vec_w=0.90 fts_w=0.10
slow query: 870.3ms query=A bargaining chip  In much the same way that material invest… results=100 vec_w=0.90 fts_w=0.10
slow query: 1374.6ms query=The academic tradition of the West  The growth of universiti… results=100 vec_w=0.90 fts_w=0.10
slow query: 691.7ms query=Maintaining the value of the degree  Employers and others ex… results=100 vec_w=0.90 fts_w=0.10
slow query: 1355.1ms query=‘Separation of town and gown’  There are two parties involve… results=100 vec_w=0.90 fts_w=0.10
slow query: 579.4ms query=Universities should exchange ideas not impose them  Of all p… results=100 vec_w=0.90 fts_w=0.10
slow query: 1602.0ms query=Argument One: Contact leads to the dissemination of values  … results=100 vec_w=0.90 fts_w=0.10
slow query: 552.6ms query=Online courses broadens access to education  Online courses … results=100 vec_w=0.90 fts_w=0.10
slow query: 294.8ms query=Online courses encourage sharing of academic information  On… results=100 vec_w=0.90 fts_w=0.10
slow query: 348.2ms query=Online courses are more convenient for students than traditi… results=100 vec_w=0.90 fts_w=0.10
slow query: 306.2ms query=Online courses are a way to higher academic excellence  Relo… results=100 vec_w=0.90 fts_w=0.10
slow query: 390.5ms query=Online courses would allow universities to use more resource… results=100 vec_w=0.90 fts_w=0.10
slow query: 463.4ms query=Online courses make it impossible to ensure academic honesty… results=100 vec_w=0.90 fts_w=0.10
slow query: 194.7ms query=Traditional universities are a rite of passage to independen… results=100 vec_w=0.90 fts_w=0.10
slow query: 270.7ms query=Online courses undermine society life of the university  Uni… results=100 vec_w=0.90 fts_w=0.10
slow query: 293.8ms query=Online courses undermine live communication with professors … results=100 vec_w=0.90 fts_w=0.10
slow query: 350.1ms query=Financial model of online courses is unsustainable  At the m… results=100 vec_w=0.90 fts_w=0.10
slow query: 246.8ms query=The state benefits from the skills of a university educated … results=100 vec_w=0.90 fts_w=0.10
slow query: 421.1ms query=Individuals have a right to the experience of higher educati… results=100 vec_w=0.90 fts_w=0.10
slow query: 207.5ms query=Individuals have a right to equal opportunities that free un… results=100 vec_w=0.90 fts_w=0.10
slow query: 431.7ms query=The burden of fees and loans are too great to expect young p… results=100 vec_w=0.90 fts_w=0.10
slow query: 415.9ms query=Maintaining a system of free university education leads to a… results=100 vec_w=0.90 fts_w=0.10
slow query: 284.2ms query=State control of acceptance/curriculum criteria has negative… results=100 vec_w=0.90 fts_w=0.10
slow query: 351.6ms query=Free university education unjustly benefits one subset of so… results=100 vec_w=0.90 fts_w=0.10
slow query: 503.9ms query=The quality of education suffers when university education i… results=100 vec_w=0.90 fts_w=0.10
slow query: 598.3ms query=The cost to the state is far too great to sustain universal … results=100 vec_w=0.90 fts_w=0.10
slow query: 608.6ms query=Affirmative action removes the cyclical disadvantages of dis… results=100 vec_w=0.90 fts_w=0.10
slow query: 638.4ms query=There is a moral obligation to provide affirmative action pr… results=100 vec_w=0.90 fts_w=0.10
slow query: 338.0ms query=Affirmative action reduces social prejudice  Past discrimina… results=100 vec_w=0.90 fts_w=0.10
slow query: 565.5ms query=Affirmative action creates bad workplaces for all minorities… results=100 vec_w=0.90 fts_w=0.10
slow query: 446.9ms query=Affirmative action perpetuates prejudice  Affirmative action… results=100 vec_w=0.90 fts_w=0.10
slow query: 775.2ms query=Meritocracy is the only fair system by which society should … results=100 vec_w=0.90 fts_w=0.10
slow query: 377.0ms query=A graduate tax would make university funding more sustainabl… results=100 vec_w=0.90 fts_w=0.10
slow query: 325.4ms query=Delivering funding via a graduate tax is the best way to enc… results=100 vec_w=0.90 fts_w=0.10
slow query: 398.6ms query=A graduate tax would make access to higher education fairer … results=100 vec_w=0.90 fts_w=0.10
slow query: 528.7ms query=Alternative- and more efficient- methods of funding universi… results=100 vec_w=0.90 fts_w=0.10
slow query: 195.5ms query=Graduates may move abroad to avoid tax payments  As taxes ar… results=100 vec_w=0.90 fts_w=0.10
slow query: 391.8ms query=A graduate tax would reduce teh autonomy of universities  If… results=100 vec_w=0.90 fts_w=0.10
slow query: 544.4ms query=Setting up a graduate tax system would be damagingly expensi… results=100 vec_w=0.90 fts_w=0.10
slow query: 975.1ms query=Scientific opinion often changes; evolution may be accepted … results=100 vec_w=0.90 fts_w=0.10
slow query: 993.6ms query=Communities should have a say in what is taught in schools, … results=100 vec_w=0.90 fts_w=0.10
slow query: 422.6ms query=There is a very real controversy regarding the origin and de… results=100 vec_w=0.90 fts_w=0.10
slow query: 745.2ms query=Much of the complexity of life cannot be explained by evolut… results=100 vec_w=0.90 fts_w=0.10
slow query: 1261.0ms query=Creationism is as valid a scientific theory as those of evol… results=100 vec_w=0.90 fts_w=0.10
slow query: 1174.4ms query=Education should be about truth and facts, not dogma and fai… results=100 vec_w=0.90 fts_w=0.10
slow query: 710.7ms query=Creationism is a religious, not a scientific, explanation of… results=100 vec_w=0.90 fts_w=0.10
slow query: 1678.6ms query=There is no empirical evidence supporting Creationism, where… results=100 vec_w=0.90 fts_w=0.10
slow query: 1507.0ms query=The scientific community as a whole overwhelmingly rejects C… results=100 vec_w=0.90 fts_w=0.10
slow query: 194.0ms query=Equality of opportunity between richer and poorer children  … results=100 vec_w=0.90 fts_w=0.10
slow query: 248.5ms query=Increasing parents' freedom of choice  Different parents hav… results=100 vec_w=0.90 fts_w=0.10
slow query: 376.0ms query=Only well-off families will benefit from increased freedom o… results=100 vec_w=0.90 fts_w=0.10
slow query: 458.3ms query=The state retain control of schools - freedom, in this conte… results=100 vec_w=0.90 fts_w=0.10
slow query: 218.0ms query=The most vulnerable children would be left behind by the sch… results=100 vec_w=0.90 fts_w=0.10
slow query: 656.9ms query=Most universities are publically funded so should have to be… results=100 vec_w=0.90 fts_w=0.10
slow query: 448.5ms query=Opens up education  Higher education, as with other levels o… results=100 vec_w=0.90 fts_w=0.10
slow query: 402.5ms query=Openness benefits research and the economy  Open access can … results=100 vec_w=0.90 fts_w=0.10
slow query: 609.6ms query=Students would be able to benefit from being able to use res… results=100 vec_w=0.90 fts_w=0.10
slow query: 468.6ms query=Making everything free to access will damage universities ab… results=100 vec_w=0.90 fts_w=0.10
slow query: 591.4ms query=Who will write and edit the work?  You can’t take the end re… results=100 vec_w=0.90 fts_w=0.10
slow query: 336.8ms query=Less incentive to study at university  If everything that Un… results=100 vec_w=0.90 fts_w=0.10
slow query: 486.7ms query=Universities deserve to profit from their work  Universities… results=100 vec_w=0.90 fts_w=0.10
slow query: 197.5ms query=Standardized Tests are skewed in favour of the wealthy  Stan… results=100 vec_w=0.90 fts_w=0.10
slow query: 179.7ms query=Standardized tests result in teachers “teaching the test”  T… results=100 vec_w=0.90 fts_w=0.10
slow query: 398.2ms query=Standardized tests are arbitrary  Standardized tests are inh… results=100 vec_w=0.90 fts_w=0.10
slow query: 318.8ms query=Standardized tests discriminate against minorities  Minority… results=100 vec_w=0.90 fts_w=0.10
slow query: 268.3ms query=Standardized tests exaggerate small differences in performan… results=100 vec_w=0.90 fts_w=0.10
slow query: 395.2ms query=Alternative factors that can be considered in the admissions… results=100 vec_w=0.90 fts_w=0.10
slow query: 250.9ms query=It is the only single standard that everyone ends up taking … results=100 vec_w=0.90 fts_w=0.10
slow query: 1075.2ms query=School's duty of care  Peer pressure drives most drug use am… results=100 vec_w=0.90 fts_w=0.10
slow query: 1055.1ms query=Prevent drug use  There is a clear and present problem with … results=100 vec_w=0.90 fts_w=0.10
slow query: 259.2ms query=No harm to non-drug users  Random drug tests will pose no ha… results=100 vec_w=0.90 fts_w=0.10
slow query: 770.5ms query=Keeping teenagers in education  Studies in Michigan in the U… results=100 vec_w=0.90 fts_w=0.10
slow query: 356.7ms query=Safeguarding the teacher-student relationship  Random drug t… results=100 vec_w=0.90 fts_w=0.10
slow query: 1041.6ms query=Right to privacy  Even if a right to privacy (which would pr… results=100 vec_w=0.90 fts_w=0.10
slow query: 113.2ms query=Schools are best places to ensure good nutrition  Education … results=100 vec_w=0.90 fts_w=0.10
slow query: 128.3ms query=A school breakfast gives all students an equal start to the … results=100 vec_w=0.90 fts_w=0.10
slow query: 220.5ms query=A healthy breakfast improves students concentration  Childre… results=100 vec_w=0.90 fts_w=0.10
slow query: 172.3ms query=Government should focus on the most needy  A primary respons… results=100 vec_w=0.90 fts_w=0.10
slow query: 376.3ms query=Can we be sure a school meal will be healthy?  Even if the s… results=100 vec_w=0.90 fts_w=0.10
slow query: 215.4ms query=A school breakfast for all is a greater cost on schools  Eve… results=100 vec_w=0.90 fts_w=0.10
slow query: 116.5ms query=Nutrition is the parents responsibility  Parents are respons… results=100 vec_w=0.90 fts_w=0.10
slow query: 708.7ms query=Cluster Bombs Are Inconsistent With International Law  The i… results=100 vec_w=0.90 fts_w=0.10
slow query: 667.0ms query=Cluster Bombs Cause Unacceptable Harm to Civilians  In a mod… results=100 vec_w=0.90 fts_w=0.10
slow query: 671.9ms query=Rejecting the Ban on Cluster Bombs Hurts the international i… results=100 vec_w=0.90 fts_w=0.10
slow query: 893.9ms query=The Ban is Unfeasible  The problem with the ban on cluster b… results=100 vec_w=0.90 fts_w=0.10
slow query: 526.5ms query=This House Believes That the U.S. Should Ban The Use of Clus… results=100 vec_w=0.90 fts_w=0.10
slow query: 259.6ms query=Cluster Bombs Have Significant Strategic Value  As mentioned… results=100 vec_w=0.90 fts_w=0.10
slow query: 208.9ms query=A strong leader has more benefits than harms  Putin is the s… results=100 vec_w=0.90 fts_w=0.10
slow query: 406.5ms query=Stability is more important than reform  Since the fall of c… results=100 vec_w=0.90 fts_w=0.10
slow query: 232.9ms query=A strong leader is working in the state’s best interest  Put… results=100 vec_w=0.90 fts_w=0.10
slow query: 294.7ms query=Russia as a state and Russians as a nation need strong leade… results=100 vec_w=0.90 fts_w=0.10
slow query: 1435.0ms query=Russia does not have true democracy  The status quo in Russi… results=100 vec_w=0.90 fts_w=0.10
slow query: 256.4ms query=Corruption, an essential issue in Russia, is due to the stro… results=100 vec_w=0.90 fts_w=0.10
slow query: 1135.1ms query=The status quo reveals that several powerful and influential… results=100 vec_w=0.90 fts_w=0.10
slow query: 309.7ms query=Proper democratic checks and balance are the only way to rea… results=100 vec_w=0.90 fts_w=0.10
slow query: 175.7ms query=Britain will have greater ability to respond quickly  Whatev… results=100 vec_w=0.90 fts_w=0.10
slow query: 258.6ms query=The UK would have a completely independent foreign policy  B… results=100 vec_w=0.90 fts_w=0.10
slow query: 567.6ms query=EU economic preference will no longer bind Britain  As a cus… results=100 vec_w=0.90 fts_w=0.10
slow query: 237.7ms query=UK will be disentangled from EU affairs  Leaving the EU woul… results=100 vec_w=0.90 fts_w=0.10
slow query: 383.0ms query=Power is shifting to the East  Geography has a great influen… results=100 vec_w=0.90 fts_w=0.10
slow query: 669.7ms query=Leaving the EU will mean the UK will have less regional infl… results=100 vec_w=0.90 fts_w=0.10
slow query: 892.3ms query=The EU is a force multiplier  The UK gets more bang for the … results=100 vec_w=0.90 fts_w=0.10
slow query: 281.7ms query=The UK needs to be part of a block to remain relevant  Histo… results=100 vec_w=0.90 fts_w=0.10
slow query: 583.5ms query=The present system of earmarking in Congress is wide open to… results=100 vec_w=0.90 fts_w=0.10
slow query: 3693.1ms query=The constitution should not be amended  We should always be … results=100 vec_w=0.90 fts_w=0.10
slow query: 335.3ms query=Has made little difference in the past  The precedent of the… results=100 vec_w=0.90 fts_w=0.10
slow query: 395.8ms query=A President would be able to abuse the power given to them i… results=100 vec_w=0.90 fts_w=0.10
slow query: 1262.1ms query=Nuclear weapons give states valuable agenda-setting power on… results=100 vec_w=0.90 fts_w=0.10
slow query: 449.0ms query=Public acknowledgement of the right to nuclear deterrence wi… results=100 vec_w=0.90 fts_w=0.10
slow query: 1819.6ms query=All countries have a right to defend themselves with nuclear… results=100 vec_w=0.90 fts_w=0.10
slow query: 1265.9ms query=Nuclear weapons give states valuable agenda-setting power on… results=100 vec_w=0.90 fts_w=0.10
slow query: 718.7ms query=Nuclear weapons serve to defuse international conflicts and … results=100 vec_w=0.90 fts_w=0.10
slow query: 932.4ms query=The threat of nuclear weapons falling into the hands of rogu… results=100 vec_w=0.90 fts_w=0.10
slow query: 1148.7ms query=The threat of a state developing nuclear weapons could insti… results=100 vec_w=0.90 fts_w=0.10
slow query: 638.8ms query=Possessing nuclear weapons will be counter to the peaceful i… results=100 vec_w=0.90 fts_w=0.10
slow query: 495.8ms query=Humanitarian intervention becomes impossible in states that … results=100 vec_w=0.90 fts_w=0.10
slow query: 2734.3ms query=The right of self-defence must be exercised in accordance wi… results=100 vec_w=0.90 fts_w=0.10
slow query: 557.5ms query=The people are interested in the health of their leader  The… results=100 vec_w=0.90 fts_w=0.10
slow query: 172.0ms query=The head of state/government must be accountable to the peop… results=100 vec_w=0.90 fts_w=0.10
slow query: 420.1ms query=Transparency allows citizens to choose for a healthy leader … results=100 vec_w=0.90 fts_w=0.10
slow query: 360.8ms query=A lack of transparency can endanger the leader  A person is … results=100 vec_w=0.90 fts_w=0.10
slow query: 506.3ms query=Rivals could misuse the opportunity  While the leader suffer… results=100 vec_w=0.90 fts_w=0.10
slow query: 342.1ms query=Damages diplomacy to be too open  Diplomacy can be very pers… results=100 vec_w=0.90 fts_w=0.10
slow query: 726.0ms query=Markets like stability  Business and the markets prize polit… results=100 vec_w=0.90 fts_w=0.10
slow query: 577.9ms query=Denial of privacy to the leaders  The leaders of states dese… results=100 vec_w=0.90 fts_w=0.10
slow query: 855.9ms query=Constitutional imperative  The Constitution of the United St… results=100 vec_w=0.90 fts_w=0.10
slow query: 441.1ms query=Checks and balances  By having both parties in charge of dif… results=100 vec_w=0.90 fts_w=0.10
slow query: 522.8ms query=How Congress Works  Congress is a bicameral body, with its c… results=100 vec_w=0.90 fts_w=0.10
slow query: 581.7ms query=Effect on the structure of the main political parties  Divid… results=100 vec_w=0.90 fts_w=0.10
slow query: 475.7ms query=Existing checks and balances  Proposition have made out so f… results=100 vec_w=0.90 fts_w=0.10
slow query: 517.7ms query=Parties as coalitions  The two political parties are ideolog… results=100 vec_w=0.90 fts_w=0.10
slow query: 657.5ms query=Growing partisanship  The current political climate makes di… results=100 vec_w=0.90 fts_w=0.10
slow query: 486.5ms query=Effect on democratic participation  Divided Government under… results=100 vec_w=0.90 fts_w=0.10
slow query: 535.4ms query=Providing attention simply encourages the regime  North Kore… results=100 vec_w=0.90 fts_w=0.10
slow query: 657.6ms query=South Korea can handle the situation itself  The two Koreas … results=100 vec_w=0.90 fts_w=0.10
slow query: 1000.6ms query=Rounds of sanctions and engagement does not bring a solution… results=100 vec_w=0.90 fts_w=0.10
slow query: 1242.6ms query=North Korea is an unresolved conflict it can’t simply be ign… results=100 vec_w=0.90 fts_w=0.10
slow query: 688.9ms query=Ignoring North Korea wont resolve the situation  While the g… results=100 vec_w=0.90 fts_w=0.10
slow query: 481.4ms query=North Korea is an irrational regime that is a strategic thre… results=100 vec_w=0.90 fts_w=0.10
slow query: 715.2ms query=This is an unjust use of unelected power  Politicians want e… results=100 vec_w=0.90 fts_w=0.10
slow query: 1371.8ms query=Personality politics is harmful to the democratic process  C… results=100 vec_w=0.90 fts_w=0.10
slow query: 1054.3ms query=People will have less information about politicians’ manifes… results=100 vec_w=0.90 fts_w=0.10
slow query: 451.4ms query=Celebrity involvement counters financial power to the benefi… results=100 vec_w=0.90 fts_w=0.10
slow query: 512.1ms query=Celebrity involvement can highlight minority interests  Ther… results=100 vec_w=0.90 fts_w=0.10
slow query: 901.2ms query=Celebrity involvement can act as a ‘gateway’ to get more peo… results=100 vec_w=0.90 fts_w=0.10
slow query: 565.6ms query=Britain may not like losing the Queen's head on banknotes bu… results=100 vec_w=0.90 fts_w=0.10
slow query: 410.9ms query=Britain will lose economically if she stays out of the Euro … results=100 vec_w=0.90 fts_w=0.10
slow query: 234.0ms query=Amid all the Euroscepticism (sic) and xenophobic scaremonger… results=100 vec_w=0.90 fts_w=0.10
slow query: 312.5ms query=Joining the Euro would reduce the cost of travel in Europe. … results=100 vec_w=0.90 fts_w=0.10
slow query: 514.0ms query=In joining the single currency, Britain would have to surren… results=100 vec_w=0.90 fts_w=0.10
slow query: 904.6ms query=Losing the Queen's head on banknotes is NOT a minor issue, i… results=100 vec_w=0.90 fts_w=0.10
slow query: 446.2ms query=For Britain to join the single currency is simply unthinkabl… results=100 vec_w=0.90 fts_w=0.10
slow query: 1430.8ms query=Defaulting would be the quickest route to economic recovery … results=100 vec_w=0.90 fts_w=0.10
slow query: 1376.7ms query=The current austerity measures are not working  The Austerit… results=100 vec_w=0.90 fts_w=0.10
slow query: 425.7ms query=A Greek default would increase stability for the rest of the… results=100 vec_w=0.90 fts_w=0.10
slow query: 695.1ms query=Defaulting would not solve Greece’s problems  The propositio… results=100 vec_w=0.90 fts_w=0.10
slow query: 763.5ms query=Leaving the Eurozone would be detrimental for Greece in the … results=100 vec_w=0.90 fts_w=0.10
slow query: 551.2ms query=A Greek default would have a negative domino-effect on other… results=100 vec_w=0.90 fts_w=0.10
slow query: 1009.9ms query=Defaulting would cause chaos in Greece  There is no good sol… results=100 vec_w=0.90 fts_w=0.10
slow query: 511.1ms query=Compulsory voting broadens representation of disadvantaged g… results=100 vec_w=0.90 fts_w=0.10
slow query: 625.7ms query=It will reduce the power of special interest groups  A benef… results=100 vec_w=0.90 fts_w=0.10
slow query: 252.9ms query=Voting is a civic duty  Other civic duties also exist “which… results=100 vec_w=0.90 fts_w=0.10
slow query: 396.8ms query=It will cause more people to become interested in politics  … results=100 vec_w=0.90 fts_w=0.10
slow query: 347.5ms query=Compulsory voting has been implemented successfully.  Austra… results=100 vec_w=0.90 fts_w=0.10
slow query: 703.5ms query=Policing and financing the system is unmanageable  If a larg… results=100 vec_w=0.90 fts_w=0.10
slow query: 297.9ms query=There are alternatives that tackle the real causes of voter … results=100 vec_w=0.90 fts_w=0.10
slow query: 854.3ms query=Persuasion is more effective than coercion  Forcing people i… results=100 vec_w=0.90 fts_w=0.10
slow query: 506.7ms query=Aid can ensure better treatment of migrants  Migrants in dev… results=100 vec_w=0.90 fts_w=0.10
slow query: 302.2ms query=It is just to redistribute migrants  It is an accident of ge… results=100 vec_w=0.90 fts_w=0.10
slow query: 403.0ms query=Migrants can benefit developing countries  Migrants can brin… results=100 vec_w=0.90 fts_w=0.10
slow query: 631.6ms query=Large influxes of migrants will create conflict in unprepare… results=100 vec_w=0.90 fts_w=0.10
slow query: 374.0ms query=Migrants will simply return to the countries they have been … results=100 vec_w=0.90 fts_w=0.10
slow query: 459.3ms query=Developed countries have a greater responsibility to take in… results=100 vec_w=0.90 fts_w=0.10
slow query: 1218.5ms query=Collective bargaining leades to pay crises in the public sec… results=100 vec_w=0.90 fts_w=0.10
slow query: 1974.8ms query=Collective bargaining is not a right  Whilst the freedom of … results=100 vec_w=0.90 fts_w=0.10
slow query: 585.8ms query=Collective bargaining undermines the democractic process  Th… results=100 vec_w=0.90 fts_w=0.10
slow query: 570.5ms query=Collective bargaining is a counter to the creation of natura… results=100 vec_w=0.90 fts_w=0.10
slow query: 813.9ms query=Collective bargaining has been recognised as an enforcable r… results=100 vec_w=0.90 fts_w=0.10
slow query: 944.5ms query=Collective bargaining is a necessary aspect of democracy  Co… results=100 vec_w=0.90 fts_w=0.10
slow query: 3767.7ms query=The New START treaty will help against Iran’s nuclear progra… results=100 vec_w=0.90 fts_w=0.10
slow query: 3804.3ms query=The New START treaty will make for a safer world.  Reducing … results=100 vec_w=0.90 fts_w=0.10
slow query: 3288.0ms query=The New START treaty maintains US nuclear and missile defenc… results=100 vec_w=0.90 fts_w=0.10
slow query: 2517.8ms query=The New START treaty helps Russia more than the US  Not only… results=100 vec_w=0.90 fts_w=0.10
slow query: 788.9ms query=Problems with Verification.  Verification is vital in any ag… results=100 vec_w=0.90 fts_w=0.10
slow query: 3396.4ms query=The New START treaty sets a bad approach for a changing worl… results=100 vec_w=0.90 fts_w=0.10
slow query: 4233.9ms query=The New START treaty harms US nuclear capabilities  As David… results=100 vec_w=0.90 fts_w=0.10
slow query: 367.5ms query=Religious symbols cause problems in schools.  As well as div… results=100 vec_w=0.90 fts_w=0.10
slow query: 499.5ms query=Western societies are secularly focused  Many societies are … results=100 vec_w=0.90 fts_w=0.10
slow query: 404.9ms query=Many symbols are seen as a symbol of oppression on women.  R… results=100 vec_w=0.90 fts_w=0.10
slow query: 415.5ms query=Religious symbols cause division within Western society.  Re… results=100 vec_w=0.90 fts_w=0.10
slow query: 331.7ms query=A ban would be simple to enforce.  A ban would be simple to … results=100 vec_w=0.90 fts_w=0.10
slow query: 246.5ms query=Religious symbols are personal, therefore, they should not m… results=100 vec_w=0.90 fts_w=0.10
slow query: 286.2ms query=It is their culture and religion.  Religions themselves tend… results=100 vec_w=0.90 fts_w=0.10
slow query: 516.6ms query=If you ban one thing, you have to ban lots of things.  Every… results=100 vec_w=0.90 fts_w=0.10
slow query: 217.5ms query=Banning religious symbols is just a way of unfairly targetin… results=100 vec_w=0.90 fts_w=0.10
slow query: 313.0ms query=PMCs give value for money  Mercenaries are a cost efficient … results=100 vec_w=0.90 fts_w=0.10
slow query: 294.9ms query=PMCs can be made much more legitimate by regulation  Current… results=100 vec_w=0.90 fts_w=0.10
slow query: 369.4ms query=PMCs provide a service that may be otherwise unavailable.  M… results=100 vec_w=0.90 fts_w=0.10
slow query: 121.1ms query=PMCs are a valuable resource  PMCs are a flexible and effici… results=100 vec_w=0.90 fts_w=0.10
slow query: 432.4ms query=PMCs have an equally strong incentive to perform.  PMCs must… results=100 vec_w=0.90 fts_w=0.10
slow query: 182.7ms query=PMCs attract less attention and suspicion and can carry out … results=100 vec_w=0.90 fts_w=0.10
slow query: 322.2ms query=PMCs are untrustworthy  The possibility of mercenaries pulli… results=100 vec_w=0.90 fts_w=0.10
slow query: 284.7ms query=The role of PMCs has had a negative effect on traditional mi… results=100 vec_w=0.90 fts_w=0.10
slow query: 157.1ms query=PMCs violate human rights and International agreements in pu… results=100 vec_w=0.90 fts_w=0.10
slow query: 442.7ms query=PMCs have an interest in conflict.  ncreased reliance on mer… results=100 vec_w=0.90 fts_w=0.10
slow query: 236.4ms query=The legal ownership of guns by ordinary citizens inevitably … results=100 vec_w=0.90 fts_w=0.10
slow query: 211.9ms query=The only function of a gun is to kill  The only function of … results=100 vec_w=0.90 fts_w=0.10
slow query: 167.9ms query=Sports shooting desensitizes people to the lethal nature of … results=100 vec_w=0.90 fts_w=0.10
slow query: 146.8ms query=Gun ownership increases the risk of suicide  There is a corr… results=100 vec_w=0.90 fts_w=0.10
slow query: 422.3ms query=Gun ownership increases national security within democratic … results=100 vec_w=0.90 fts_w=0.10
slow query: 411.6ms query=Effective gun control is not achievable in democratic states… results=100 vec_w=0.90 fts_w=0.10
slow query: 162.6ms query=Gun ownership is an integral aspect of the right to self def… results=100 vec_w=0.90 fts_w=0.10
slow query: 1810.6ms query=Politicians should be able to make difficult decisions witho… results=100 vec_w=0.90 fts_w=0.10
slow query: 204.7ms query=Prosecutions of politicians are often motivated by partisan … results=100 vec_w=0.90 fts_w=0.10
slow query: 802.2ms query=Giving politicians’ immunity from prosecution allows them to… results=100 vec_w=0.90 fts_w=0.10
slow query: 1065.8ms query=In the event of major abuses of power it should be the publi… results=100 vec_w=0.90 fts_w=0.10
slow query: 406.1ms query=Seeing a politician put on trial hurts the integrity of thei… results=100 vec_w=0.90 fts_w=0.10
slow query: 161.5ms query=Politicians who commit crimes are likely unfit to serve.  Th… results=100 vec_w=0.90 fts_w=0.10
slow query: 236.9ms query=Immunity creates a perverse incentive to hang on to their of… results=100 vec_w=0.90 fts_w=0.10
slow query: 230.6ms query=Immunity for politicians hurts the image of their office  Fa… results=100 vec_w=0.90 fts_w=0.10
slow query: 255.8ms query=Immunity for politicians is an unjust double standard  Every… results=100 vec_w=0.90 fts_w=0.10
slow query: 294.4ms query=The ability to prosecute politicians is the ultimate protect… results=100 vec_w=0.90 fts_w=0.10
slow query: 690.7ms query=Quebec has the right to self-determination.  All people have… results=100 vec_w=0.90 fts_w=0.10
slow query: 925.9ms query=Quebec needs to be independent to retain its distinct langua… results=100 vec_w=0.90 fts_w=0.10
slow query: 546.3ms query=International Law Mandates Quebec be allowed Independence  I… results=100 vec_w=0.90 fts_w=0.10
slow query: 508.3ms query=This is not the will of the people of Quebec.  Secession fro… results=100 vec_w=0.90 fts_w=0.10
slow query: 725.3ms query=Quebec would not be able to be economically viable on its ow… results=100 vec_w=0.90 fts_w=0.10
slow query: 722.3ms query=Avoids the costs and uncertainty of elections  It is hard to… results=100 vec_w=0.90 fts_w=0.10
slow query: 641.0ms query=Having no elections is honest  Holding sham elections is fun… results=100 vec_w=0.90 fts_w=0.10
slow query: 351.6ms query=Allows the ruler to make necessary but unpopular decisions  … results=100 vec_w=0.90 fts_w=0.10
slow query: 536.2ms query=Forces the ruler to find another way to placate the people  … results=100 vec_w=0.90 fts_w=0.10
slow query: 880.5ms query=Elections of any sort force rulers to meet their people  Ele… results=100 vec_w=0.90 fts_w=0.10
slow query: 647.1ms query=Sham elections do not mean the elections have no influence o… results=100 vec_w=0.90 fts_w=0.10
slow query: 537.5ms query=Even a sham election demonstrates what the people want  In a… results=100 vec_w=0.90 fts_w=0.10
slow query: 948.0ms query=Some kind of election is more likely to lead to real democra… results=100 vec_w=0.90 fts_w=0.10
slow query: 725.0ms query=Mayors would be more accountable than a council  Electing ma… results=100 vec_w=0.90 fts_w=0.10
slow query: 288.5ms query=Electing a Mayor will revitalise local democracy  An elected… results=100 vec_w=0.90 fts_w=0.10
slow query: 410.6ms query=Elected Mayors would attract the best candidates to run for … results=100 vec_w=0.90 fts_w=0.10
slow query: 412.6ms query=Mayors would raise the profile of the city they represent  E… results=100 vec_w=0.90 fts_w=0.10
slow query: 660.7ms query=Directly elected mayors provide opportunities for populists.… results=100 vec_w=0.90 fts_w=0.10
slow query: 187.4ms query=Mayors could split economic regions  The value of a mayor is… results=100 vec_w=0.90 fts_w=0.10
slow query: 237.4ms query=Mayors will come at a cost  Having Mayors is costly. First o… results=100 vec_w=0.90 fts_w=0.10
slow query: 464.9ms query=Mayors would result in too much centralisation of power.  An… results=100 vec_w=0.90 fts_w=0.10
slow query: 309.9ms query=Imposing democracy can be a way to support individuals unabl… results=100 vec_w=0.90 fts_w=0.10
slow query: 262.4ms query=Interventions can be successful given the right conditions. … results=100 vec_w=0.90 fts_w=0.10
slow query: 269.3ms query=Promoting democracy promotes peace.  By most accounts, there… results=100 vec_w=0.90 fts_w=0.10
slow query: 539.6ms query=Because democracy is the best form of government, it is not … results=100 vec_w=0.90 fts_w=0.10
slow query: 323.6ms query=Unilateral action is burdensome, and dangerous.  POINT  The … results=100 vec_w=0.90 fts_w=0.10
slow query: 535.6ms query=Attempting to impose democracy may escalate conflict.  Inter… results=100 vec_w=0.90 fts_w=0.10
slow query: 318.5ms query=The imposition of democracy violates national sovereignty  C… results=100 vec_w=0.90 fts_w=0.10
slow query: 561.3ms query=The desire for, and fight for, democracy must come from with… results=100 vec_w=0.90 fts_w=0.10
slow query: 295.2ms query=Democracy by its very nature cannot be imposed.  Democratic … results=100 vec_w=0.90 fts_w=0.10
slow query: 419.6ms query=The House of Lords has an inbuilt conservative majority.  Th… results=100 vec_w=0.90 fts_w=0.10
slow query: 207.0ms query=The House of Lords is out of touch with the electorate.  The… results=100 vec_w=0.90 fts_w=0.10
slow query: 355.7ms query=Reform would strengthen the House of Lords  Reform of the Ho… results=100 vec_w=0.90 fts_w=0.10
slow query: 330.6ms query=The current House of Lords is undemocratic  The House of Lor… results=100 vec_w=0.90 fts_w=0.10
slow query: 426.4ms query=Reform would make the House of Lords simply a mirror of the … results=100 vec_w=0.90 fts_w=0.10
slow query: 380.7ms query=The public is apathetic to reform.  Whether or not reform of… results=100 vec_w=0.90 fts_w=0.10
slow query: 1035.3ms query=Democracy should not be the end-point aspiration of governme… results=100 vec_w=0.90 fts_w=0.10
slow query: 184.6ms query=The House of Lords allows a number of experts to influence g… results=100 vec_w=0.90 fts_w=0.10
slow query: 713.8ms query=Citizens have a right to know what is done in their name  Th… results=100 vec_w=0.90 fts_w=0.10
slow query: 903.5ms query=Transparency prevents public relations disasters  Transparen… results=100 vec_w=0.90 fts_w=0.10
slow query: 1106.4ms query=Transparency is a good in and of itself  The most essential … results=100 vec_w=0.90 fts_w=0.10
slow query: 557.8ms query=Transparency helps reduce international tension  Transparenc… results=100 vec_w=0.90 fts_w=0.10
slow query: 429.2ms query=Transparency prevents, or corrects, mistakes  Transparency i… results=100 vec_w=0.90 fts_w=0.10
slow query: 456.0ms query=Provides information to competitors  Where there is internat… results=100 vec_w=0.90 fts_w=0.10
slow query: 782.7ms query=In security too much transparency endangers lives  Transpare… results=100 vec_w=0.90 fts_w=0.10
slow query: 1805.5ms query=Transparency can lead to conflict  The idea that transparenc… results=100 vec_w=0.90 fts_w=0.10
slow query: 1362.4ms query=Don’t panic!  The role of the security services is in part t… results=100 vec_w=0.90 fts_w=0.10
slow query: 529.3ms query=Transparency can result in normalisation  While something is… results=100 vec_w=0.90 fts_w=0.10
slow query: 729.3ms query=The fact that it is a Representative highlights the fact tha… results=100 vec_w=0.90 fts_w=0.10
slow query: 472.2ms query=The EU has already been unifying on multiple fronts, this is… results=100 vec_w=0.90 fts_w=0.10
slow query: 679.1ms query=The creation of the post of a High Representative marked an … results=100 vec_w=0.90 fts_w=0.10
slow query: 624.0ms query=The High Representative will be a catalyst and a facilitator… results=100 vec_w=0.90 fts_w=0.10
slow query: 492.0ms query=The previous arrangement of having two foreign policy center… results=100 vec_w=0.90 fts_w=0.10
slow query: 536.2ms query=There have been tests on the EU's ability to create a common… results=100 vec_w=0.90 fts_w=0.10
slow query: 378.7ms query=The post of a High Representative is merely a shadow of what… results=100 vec_w=0.90 fts_w=0.10
slow query: 500.9ms query=Devolution has demonstrated the ability of Scots to govern t… results=100 vec_w=0.90 fts_w=0.10
slow query: 291.9ms query=Scotland has a proud history and has demonstrated since devo… results=100 vec_w=0.90 fts_w=0.10
slow query: 380.5ms query=An independent Scotland has enormous economic potential to j… results=100 vec_w=0.90 fts_w=0.10
slow query: 288.7ms query=The union has worked for over three hundred years and most p… results=100 vec_w=0.90 fts_w=0.10
slow query: 371.3ms query=Scotland needs English economic muscle as through the Barnet… results=100 vec_w=0.90 fts_w=0.10
slow query: 376.2ms query=Deliberately turning away from the international clout the U… results=100 vec_w=0.90 fts_w=0.10
slow query: 539.9ms query=They fuel colourism in society  Allowing the use of racial o… results=100 vec_w=0.90 fts_w=0.10
slow query: 142.6ms query=These products are dangerous  Skin whitening creams often co… results=100 vec_w=0.90 fts_w=0.10
slow query: 236.8ms query=Monetizing colonialism  Skin whitening can be seen as an att… results=100 vec_w=0.90 fts_w=0.10
slow query: 304.4ms query=Prohibition is counterproductive  As tempting as it is to fe… results=100 vec_w=0.90 fts_w=0.10
slow query: 248.0ms query=Run education campaigns instead  Education is an alternative… results=100 vec_w=0.90 fts_w=0.10
slow query: 239.7ms query=Banning these is papering over the issue  It would be all to… results=100 vec_w=0.90 fts_w=0.10
slow query: 116.3ms query=Personal autonomy  Like many other debates, this simply boil… results=100 vec_w=0.90 fts_w=0.10
slow query: 398.6ms query=People are given too much choice, which makes them less happ… results=100 vec_w=0.90 fts_w=0.10
slow query: 131.6ms query=Advertisements tell children that they should have everythin… results=100 vec_w=0.90 fts_w=0.10
slow query: 249.9ms query=There are too many advertisements in everyday life.  The she… results=100 vec_w=0.90 fts_w=0.10
slow query: 207.5ms query=Advertisements are an attempt to brainwash customers.  Peopl… results=100 vec_w=0.90 fts_w=0.10
slow query: 301.9ms query=Advertisements try to make people feel bad about not having … results=100 vec_w=0.90 fts_w=0.10
slow query: 178.0ms query=Advertising helps us choose between different goods.  Advert… results=100 vec_w=0.90 fts_w=0.10
slow query: 243.8ms query=Advertising is only as annoying as you want it to be.  No-on… results=100 vec_w=0.90 fts_w=0.10
slow query: 232.1ms query=Advertisements promote healthy products and lifestyles.  Adv… results=100 vec_w=0.90 fts_w=0.10
slow query: 134.5ms query=Small businesses need advertisements to make their products … results=100 vec_w=0.90 fts_w=0.10
slow query: 942.6ms query=We have a duty to protect individuals from the worst reactio… results=100 vec_w=0.90 fts_w=0.10
slow query: 345.0ms query=Just shock-tactics, at the cost of better art  Sometimes art… results=100 vec_w=0.90 fts_w=0.10
slow query: 521.9ms query=The power of the visual  Art differs from other forms of med… results=100 vec_w=0.90 fts_w=0.10
slow query: 365.5ms query=Freedom of speech  Artists ought to be allowed to express th… results=100 vec_w=0.90 fts_w=0.10
slow query: 456.4ms query=Restriction based on social disgust prevents socially libera… results=100 vec_w=0.90 fts_w=0.10
slow query: 723.8ms query=Social disgust can be central to artwork  Some forms of art … results=100 vec_w=0.90 fts_w=0.10
slow query: 1684.7ms query=The default of total copyright is harmful to the spreading o… results=100 vec_w=0.90 fts_w=0.10
slow query: 1838.5ms query=Intellectual property is a legal fiction created for conveni… results=100 vec_w=0.90 fts_w=0.10
slow query: 1019.1ms query=The creative commons is a more effective means for artists t… results=100 vec_w=0.90 fts_w=0.10
slow query: 1572.8ms query=The costs of monitoring copyright by states, artists, and la… results=100 vec_w=0.90 fts_w=0.10
slow query: 1785.7ms query=Artists should retain the right to control their work’s inte… results=100 vec_w=0.90 fts_w=0.10
slow query: 332.5ms query=Artists often rely on copyright protection to financially su… results=100 vec_w=0.90 fts_w=0.10
slow query: 746.1ms query=The lack of control over, and profit from, art will serve as… results=100 vec_w=0.90 fts_w=0.10
slow query: 1943.9ms query=Artists have a fundamental property right over their creativ… results=100 vec_w=0.90 fts_w=0.10
slow query: 180.6ms query=Women have a right to be free of stereotyping.  Women's righ… results=100 vec_w=0.90 fts_w=0.10
slow query: 328.5ms query=Sexist advertising is harmful to society, especially women. … results=100 vec_w=0.90 fts_w=0.10
slow query: 224.5ms query=Since advertising is pervasive in mediated messages, it has … results=100 vec_w=0.90 fts_w=0.10
slow query: 372.3ms query=Policies should be established which ban the promotion of se… results=100 vec_w=0.90 fts_w=0.10
slow query: 336.9ms query=Sexist advertising is subjective so would be too difficult t… results=100 vec_w=0.90 fts_w=0.10
slow query: 435.3ms query=Individuals have a choice and right to respond to ads and th… results=100 vec_w=0.90 fts_w=0.10
slow query: 278.4ms query=Any changes in advertising should come from businesses thems… results=100 vec_w=0.90 fts_w=0.10
slow query: 241.1ms query=Sexist advertising is profitable  Business has a compelling … results=100 vec_w=0.90 fts_w=0.10
slow query: 9626.3ms query=The failure of rule of law  As the anthropologist and lawyer… results=100 vec_w=0.90 fts_w=0.10
slow query: 1578.3ms query=Cultural relativism and adapting to conflict  The issues und… results=100 vec_w=0.90 fts_w=0.10
slow query: 7458.5ms query=Removing barriers to demobilisation, disarmament and rehabil… results=100 vec_w=0.90 fts_w=0.10
slow query: 2577.5ms query=The cultural construction of armed conflict  The jurisdictio… results=100 vec_w=0.90 fts_w=0.10
slow query: 2399.0ms query=Punishing objectively harmful conduct  Of the tens of thousa… results=100 vec_w=0.90 fts_w=0.10
slow query: 1701.3ms query=Universal rights and collective compromises  Cultural relati… results=100 vec_w=0.90 fts_w=0.10
slow query: 1065.8ms query=Making children military targets  The purpose of the ban on … results=100 vec_w=0.90 fts_w=0.10
slow query: 254.4ms query=performers are at risk of exploitation  Children are general… results=100 vec_w=0.90 fts_w=0.10
slow query: 214.5ms query=Just as the state creates laws to protect child performers i… results=100 vec_w=0.90 fts_w=0.10
slow query: 268.6ms query=Allowing children to perform pushes them to grow up too soon… results=100 vec_w=0.90 fts_w=0.10
slow query: 169.8ms query=Being a performer limits a child’s formal education  Spendin… results=100 vec_w=0.90 fts_w=0.10
slow query: 437.6ms query=It is unethical to expose children to the pressures of perfo… results=100 vec_w=0.90 fts_w=0.10
slow query: 474.0ms query=Being a performer can make the child physically vulnerable  … results=100 vec_w=0.90 fts_w=0.10
slow query: 692.9ms query=If child performers were banned, many children would find a … results=100 vec_w=0.90 fts_w=0.10
slow query: 401.0ms query=The government has no right to prevent children from doing w… results=100 vec_w=0.90 fts_w=0.10
slow query: 277.7ms query=Child performers are necessary for roles in some films, tele… results=100 vec_w=0.90 fts_w=0.10
slow query: 834.0ms query=Bilingual Education is expensive and encourages balkanizatio… results=100 vec_w=0.90 fts_w=0.10
slow query: 472.5ms query=The Identity and History of the United States are intrinsica… results=100 vec_w=0.90 fts_w=0.10
slow query: 618.3ms query=Avoids self-segregation  In a time when the US has begun to … results=100 vec_w=0.90 fts_w=0.10
slow query: 481.4ms query=Bilingual education hurts students  Bilingual education segr… results=100 vec_w=0.90 fts_w=0.10
slow query: 535.6ms query=It specifically denies a rich cultural heritage which is uni… results=100 vec_w=0.90 fts_w=0.10
slow query: 480.6ms query=The US has a long tradition of multiple languages  There is … results=100 vec_w=0.90 fts_w=0.10
slow query: 262.0ms query=Even within the United States people speak English different… results=100 vec_w=0.90 fts_w=0.10
slow query: 849.9ms query=In the current environment, moves to make English the offici… results=100 vec_w=0.90 fts_w=0.10
slow query: 2119.5ms query=Cultural appropriation is parallel to stolen intellectual pr… results=100 vec_w=0.90 fts_w=0.10
slow query: 487.4ms query=Compensation rights a wrong  Compensation is a basic princip… results=100 vec_w=0.90 fts_w=0.10
slow query: 964.5ms query=Compensation is important to give the communities credit the… results=100 vec_w=0.90 fts_w=0.10
slow query: 580.4ms query=Compensation has the potential to reverse damaged caused by … results=100 vec_w=0.90 fts_w=0.10
slow query: 342.8ms query=Reparations and the use of the term 'cultural appropriation'… results=100 vec_w=0.90 fts_w=0.10
slow query: 966.7ms query=No feasible system of which grounds of compensation can occu… results=100 vec_w=0.90 fts_w=0.10
slow query: 1680.9ms query=globalisation and multiculturalism.  Cultural appropriation … results=100 vec_w=0.90 fts_w=0.10
slow query: 989.0ms query=Consumers tend to feel alienated by spreading of their perso… results=100 vec_w=0.90 fts_w=0.10
slow query: 1678.9ms query=Collecting and selling personal information is a major viola… results=100 vec_w=0.90 fts_w=0.10
slow query: 1186.8ms query=Data breaches can result in huge amounts of personal data fa… results=100 vec_w=0.90 fts_w=0.10
slow query: 1898.7ms query=The sort of information being kept and sold is legitimate fo… results=100 vec_w=0.90 fts_w=0.10
slow query: 1650.0ms query=The storing and sale of personal data aids companies by maki… results=100 vec_w=0.90 fts_w=0.10
slow query: 981.6ms query=The sale of personal data makes for better advertising that … results=100 vec_w=0.90 fts_w=0.10
slow query: 489.7ms query=Government contracts can change the software industry for th… results=100 vec_w=0.90 fts_w=0.10
slow query: 1278.1ms query=Open source software is more adaptable to government needs. … results=100 vec_w=0.90 fts_w=0.10
slow query: 668.7ms query=Governments can re-define industry standards by choosing ope… results=100 vec_w=0.90 fts_w=0.10
slow query: 832.7ms query=Open source software undermines national security.  Even if … results=100 vec_w=0.90 fts_w=0.10
slow query: 1182.1ms query=Closed source software is better at meeting consumer needs. … results=100 vec_w=0.90 fts_w=0.10
slow query: 551.5ms query=Open source software is more expensive for governments in th… results=100 vec_w=0.90 fts_w=0.10
slow query: 832.1ms query=Non violent methods of disrupting riots must be tried before… results=100 vec_w=0.90 fts_w=0.10
slow query: 805.3ms query=Free speech is not useful in this context, as riot is never … results=100 vec_w=0.90 fts_w=0.10
slow query: 310.6ms query=Would stop riots from spreading  The police must try to stop… results=100 vec_w=0.90 fts_w=0.10
slow query: 421.9ms query=Social networks serve as a powerful signalling device for th… results=100 vec_w=0.90 fts_w=0.10
slow query: 953.2ms query=Blocking social networks denies people the ability to mobili… results=100 vec_w=0.90 fts_w=0.10
slow query: 878.2ms query=It is better to monitor riots through the social media riote… results=100 vec_w=0.90 fts_w=0.10
slow query: 1128.3ms query=The state can use blocking Twitter and its ilk as precedent … results=100 vec_w=0.90 fts_w=0.10
slow query: 958.1ms query=Police should not block the communications and freedom of ex… results=100 vec_w=0.90 fts_w=0.10
slow query: 523.7ms query=Blocking social networks will not work  How are the police t… results=100 vec_w=0.90 fts_w=0.10
slow query: 416.3ms query=Internet regjulation is a euphemism for censorship  Governme… results=100 vec_w=0.90 fts_w=0.10
slow query: 618.1ms query=Regulating the Internet is a means for governments to spy on… results=100 vec_w=0.90 fts_w=0.10
slow query: 486.1ms query=Internet regulation is an attempt by big interest groups to … results=100 vec_w=0.90 fts_w=0.10
slow query: 494.2ms query=Internet governance is necessary to combat heinous crimes co… results=100 vec_w=0.90 fts_w=0.10
slow query: 634.0ms query=Internet regulation is necessary to ensure a working economy… results=100 vec_w=0.90 fts_w=0.10
slow query: 678.4ms query=Internet regulation is necessary to ensure a safe internet  … results=100 vec_w=0.90 fts_w=0.10
slow query: 195.7ms query=Not censoring helps Google’s business proposition and corpor… results=100 vec_w=0.90 fts_w=0.10
slow query: 212.6ms query=Not censoring its search results is a victory for human righ… results=100 vec_w=0.90 fts_w=0.10
slow query: 302.9ms query=Not censoring puts global pressure on China to change its fr… results=100 vec_w=0.90 fts_w=0.10
slow query: 350.3ms query=Google will help Chinese internet freedom more by staying  A… results=100 vec_w=0.90 fts_w=0.10
slow query: 229.1ms query=As a business, Google shouldn’t interfere with domestic poli… results=100 vec_w=0.90 fts_w=0.10
slow query: 289.8ms query=Google can’t afford to abandon the Chinese market  In 2010, … results=100 vec_w=0.90 fts_w=0.10
slow query: 355.7ms query=A graduated response will be an effective deterrent  Researc… results=100 vec_w=0.90 fts_w=0.10
slow query: 278.7ms query=The unauthorised downloading of copyrighted material should … results=100 vec_w=0.90 fts_w=0.10
slow query: 330.6ms query=A graduated response is the fairest way to enforce copyright… results=100 vec_w=0.90 fts_w=0.10
slow query: 265.6ms query=ISP will not cooperate with a graduated response policy  The… results=100 vec_w=0.90 fts_w=0.10
slow query: 487.5ms query=The graduated response is a violation of the basic right to … results=100 vec_w=0.90 fts_w=0.10
slow query: 531.5ms query=The graduate response policy constitutes an invasion of priv… results=100 vec_w=0.90 fts_w=0.10
slow query: 1580.1ms query=The right to internet access fills a gap in traditional huma… results=100 vec_w=0.90 fts_w=0.10
slow query: 1082.8ms query=Internet access as a new human right.  Access to the interne… results=100 vec_w=0.90 fts_w=0.10
slow query: 810.8ms query=Internet access is a necessary part of the right to freedom … results=100 vec_w=0.90 fts_w=0.10
slow query: 454.8ms query=Internet access is a commodity not a human right.  If a huma… results=100 vec_w=0.90 fts_w=0.10
slow query: 294.8ms query=Internet access cannot be a human right when it is not avail… results=100 vec_w=0.90 fts_w=0.10
slow query: 1242.6ms query=Internet access is an enabler of rights not a right in itsel… results=100 vec_w=0.90 fts_w=0.10
slow query: 429.8ms query=Human rights are dependent upon the state  There is clearly … results=100 vec_w=0.90 fts_w=0.10
slow query: 454.3ms query=You are not going to be arrested because the government has … results=100 vec_w=0.90 fts_w=0.10
slow query: 274.5ms query=There is no physical risk  In terms of physical risk it is a… results=100 vec_w=0.90 fts_w=0.10
slow query: 236.1ms query=There are safeguards to prevent misuse  In democracies there… results=100 vec_w=0.90 fts_w=0.10
slow query: 212.8ms query=No one will ever actually look at the information  If the co… results=100 vec_w=0.90 fts_w=0.10
slow query: 504.3ms query=Lack of trust  The problem is that when it comes to privacy … results=100 vec_w=0.90 fts_w=0.10
slow query: 368.2ms query=Loss of Privacy  It is wrong to state that we only have anyt… results=100 vec_w=0.90 fts_w=0.10
slow query: 938.3ms query=The use of meta data causes unintentional harm  The other po… results=100 vec_w=0.90 fts_w=0.10
slow query: 597.2ms query=Abuse of information and power by intelligence agencies  Eve… results=100 vec_w=0.90 fts_w=0.10
slow query: 879.2ms query=A threat to democracy  Yes the NSA is unlikely to look at in… results=100 vec_w=0.90 fts_w=0.10
slow query: 358.5ms query=Risk of a two-tier Internet  As things stand there are relat… results=100 vec_w=0.90 fts_w=0.10
slow query: 561.0ms query=Privacy  This was the clinching argument in the Dutch exampl… results=100 vec_w=0.90 fts_w=0.10
slow query: 661.8ms query=Threats to Freeware, Shareware and Objectivity  There are ve… results=100 vec_w=0.90 fts_w=0.10
slow query: 356.4ms query=Allow ISPs to monitor and remove illegal or unwanted data  M… results=100 vec_w=0.90 fts_w=0.10
slow query: 645.4ms query=Realistic costs for users and providers of bandwidth and pho… results=100 vec_w=0.90 fts_w=0.10
slow query: 659.0ms query=Incentivise ISPs to provide more data capacity  If the ISPs … results=100 vec_w=0.90 fts_w=0.10
slow query: 126.5ms query=The Null Hypothesis  With regards to any proposition the onl… results=100 vec_w=0.90 fts_w=0.10
slow query: 109.2ms query=Religious belief is completely irrational  There is no evide… results=100 vec_w=0.90 fts_w=0.10
slow query: 349.7ms query=The God hypothesis is unnecessary  Science provides us with … results=100 vec_w=0.90 fts_w=0.10
slow query: 337.0ms query=Religions have no true claim to special moral knowledge  Rel… results=100 vec_w=0.90 fts_w=0.10
slow query: 179.5ms query=The Prime Mover  The universe follows rules of causality – c… results=100 vec_w=0.90 fts_w=0.10
slow query: 162.5ms query=The rareness of Life  Life requires an extremely fine set of… results=100 vec_w=0.90 fts_w=0.10
slow query: 505.2ms query=If there is a benevolent deity, then there should not be the… results=100 vec_w=0.90 fts_w=0.10
slow query: 817.7ms query=entirely natural theories can adequately explain belief in G… results=100 vec_w=0.90 fts_w=0.10
slow query: 781.4ms query=In reality there are only two theological positions, atheism… results=100 vec_w=0.90 fts_w=0.10
slow query: 1612.2ms query=Entirely natural theories can adequately explain the existen… results=100 vec_w=0.90 fts_w=0.10
slow query: 358.2ms query=Even if atheism was wrong and God did exist His seeming lack… results=100 vec_w=0.90 fts_w=0.10
slow query: 1002.0ms query=If there were a God there would be irrefutable evidence of H… results=100 vec_w=0.90 fts_w=0.10
slow query: 441.4ms query=The nature of God as it is conventionally described is logic… results=100 vec_w=0.90 fts_w=0.10
slow query: 804.8ms query=The complexity of the universe and of life cannot be explain… results=100 vec_w=0.90 fts_w=0.10
slow query: 363.9ms query=Everything that begins to exist must have a cause. Since the… results=100 vec_w=0.90 fts_w=0.10
slow query: 648.5ms query=In the absence of positive evidence for the existence of God… results=100 vec_w=0.90 fts_w=0.10
slow query: 290.0ms query=There is always a risk associated with surgery and taking su… results=100 vec_w=0.90 fts_w=0.10
slow query: 1941.6ms query=Cutting off bit of children’s bodies for no apparent reason … results=100 vec_w=0.90 fts_w=0.10
slow query: 400.7ms query=In any other situation involving minors a precautionary prin… results=100 vec_w=0.90 fts_w=0.10
slow query: 258.9ms query=A practice that is thousands of years old and has not been f… results=100 vec_w=0.90 fts_w=0.10
slow query: 393.0ms query=Parents have the right to use their best judgment, in the li… results=100 vec_w=0.90 fts_w=0.10
slow query: 992.2ms query=There is no proven cause of harm and parents routinely make … results=100 vec_w=0.90 fts_w=0.10
slow query: 485.6ms query=Poor families would be helped far more by investment in educ… results=100 vec_w=0.90 fts_w=0.10
slow query: 1182.4ms query=The appropriate setting for sexual relations is within marri… results=100 vec_w=0.90 fts_w=0.10
slow query: 1200.3ms query=The bill violates the Philippine values of harmony and respe… results=100 vec_w=0.90 fts_w=0.10
slow query: 843.8ms query=There are clear and proven benefits to the health of the Fil… results=100 vec_w=0.90 fts_w=0.10
slow query: 2158.7ms query=Any body of values that claims to respect the rights of the … results=100 vec_w=0.90 fts_w=0.10
slow query: 732.0ms query=This is a victory for democracy – a precious Filipino value … results=100 vec_w=0.90 fts_w=0.10
slow query: 370.1ms query=Religious symbols cause problems in schools.  As well as div… results=100 vec_w=0.90 fts_w=0.10
slow query: 492.8ms query=Western societies are secularly focused  Many societies are … results=100 vec_w=0.90 fts_w=0.10
slow query: 402.2ms query=Many symbols are seen as a symbol of oppression on women.  R… results=100 vec_w=0.90 fts_w=0.10
slow query: 418.6ms query=Religious symbols cause division within Western society.  Re… results=100 vec_w=0.90 fts_w=0.10
slow query: 328.6ms query=A ban would be simple to enforce.  A ban would be simple to … results=100 vec_w=0.90 fts_w=0.10
slow query: 246.8ms query=Religious symbols are personal, therefore, they should not m… results=100 vec_w=0.90 fts_w=0.10
slow query: 285.0ms query=It is their culture and religion.  Religions themselves tend… results=100 vec_w=0.90 fts_w=0.10
slow query: 513.3ms query=If you ban one thing, you have to ban lots of things.  Every… results=100 vec_w=0.90 fts_w=0.10
slow query: 217.4ms query=Banning religious symbols is just a way of unfairly targetin… results=100 vec_w=0.90 fts_w=0.10
slow query: 728.9ms query=Integration and the acceptance of Western values are importa… results=100 vec_w=0.90 fts_w=0.10
slow query: 480.4ms query=Individual Freedom  Even if marriages are not made absolutel… results=100 vec_w=0.90 fts_w=0.10
slow query: 656.5ms query=Women in arranged marriages in Europe are disproportionately… results=100 vec_w=0.90 fts_w=0.10
slow query: 314.6ms query=It will cause resentment and make certain communities feel t… results=100 vec_w=0.90 fts_w=0.10
slow query: 501.6ms query=The state should not be allowed to intrude in such personal … results=100 vec_w=0.90 fts_w=0.10
slow query: 666.1ms query=It’s impossible to police such a law.  There is simply no fe… results=100 vec_w=0.90 fts_w=0.10
slow query: 444.6ms query=The government here may legitimately limit ‘free speech’.  W… results=100 vec_w=0.90 fts_w=0.10
slow query: 958.3ms query=Governments have a moral duty to protect its citizens from h… results=100 vec_w=0.90 fts_w=0.10
slow query: 880.4ms query=Even sites that appeared innocent have had a devastating eff… results=100 vec_w=0.90 fts_w=0.10
slow query: 482.0ms query=As an extensive form of media, the Internet should be subjec… results=100 vec_w=0.90 fts_w=0.10
slow query: 682.0ms query=The Internet is a free domain and cannot becontrolled by the… results=100 vec_w=0.90 fts_w=0.10
slow query: 401.0ms query=People often react poorly to being censored by their governm… results=100 vec_w=0.90 fts_w=0.10
slow query: 401.0ms query=Censorship is fundamentally incompatible with the notion of … results=100 vec_w=0.90 fts_w=0.10
slow query: 269.7ms query=Animal research causes severe harm to the animals involved  … results=100 vec_w=0.90 fts_w=0.10
slow query: 306.9ms query=Animals shouldn’t be harmed  The difference between us and o… results=100 vec_w=0.90 fts_w=0.10
slow query: 176.1ms query=It isn’t necessary  We don’t know how we will be able to dev… results=100 vec_w=0.90 fts_w=0.10
slow query: 101.0ms query=Most animals can suffer more than some people  It’s possible… results=100 vec_w=0.90 fts_w=0.10
slow query: 107.4ms query=People will die if we don’t do animal testing  Every year, 2… results=100 vec_w=0.90 fts_w=0.10
slow query: 140.7ms query=Research animals are well treated  Animals used in research … results=100 vec_w=0.90 fts_w=0.10
slow query: 147.5ms query=Animal research is only used when it’s needed  EU member sta… results=100 vec_w=0.90 fts_w=0.10
slow query: 178.0ms query=Testing is needed for really new drugs  The real benefit of … results=100 vec_w=0.90 fts_w=0.10
slow query: 116.7ms query=Animals don’t have human rights  Humans have large brains, f… results=100 vec_w=0.90 fts_w=0.10
slow query: 1186.0ms query=Facebook provides an information point  Undoubtedly, one of … results=100 vec_w=0.90 fts_w=0.10
slow query: 1014.0ms query=Facebook encourages socialisation  One of the most crucial e… results=100 vec_w=0.90 fts_w=0.10
slow query: 1845.9ms query=Facebook is good for democracy  Social networks aid our soci… results=100 vec_w=0.90 fts_w=0.10
slow query: 1318.7ms query=Facebook has some dangerous consequences  Facebook is becomi… results=100 vec_w=0.90 fts_w=0.10
slow query: 369.4ms query=Facebook has a negative impact on learning  For many student… results=100 vec_w=0.90 fts_w=0.10
slow query: 952.2ms query=Facebook is bad for life satisfaction  Every single day, the… results=100 vec_w=0.90 fts_w=0.10
slow query: 593.8ms query=Cyber attacks can do serious damage to the state  Large scal… results=100 vec_w=0.90 fts_w=0.10
slow query: 509.7ms query=Cyber attacks are no different from traditional attacks  The… results=100 vec_w=0.90 fts_w=0.10
slow query: 406.5ms query=Currently there is no way to legally respond to cyber attack… results=100 vec_w=0.90 fts_w=0.10
slow query: 376.9ms query=Cyber attacks are difficult to trace  Cyber attacks are very… results=100 vec_w=0.90 fts_w=0.10
slow query: 620.8ms query=Definition of a large scale cyber attack is extremely vague … results=100 vec_w=0.90 fts_w=0.10
slow query: 418.3ms query=Cyber attacks are often carried out by non-state actors  Cyb… results=100 vec_w=0.90 fts_w=0.10
slow query: 249.5ms query=Electronic communication facilitates sexual misconduct.  Soc… results=100 vec_w=0.90 fts_w=0.10
slow query: 411.7ms query=A teacher-student relationship is not one between friends or… results=100 vec_w=0.90 fts_w=0.10
slow query: 225.3ms query=Acting as a warning signal for children at risk.  It is very… results=100 vec_w=0.90 fts_w=0.10
slow query: 315.7ms query=Teacher’s personal life might undermine educational message.… results=100 vec_w=0.90 fts_w=0.10
slow query: 249.1ms query=The law would violate freedom of speech and association.  Un… results=100 vec_w=0.90 fts_w=0.10
slow query: 214.3ms query=The law would be hard to enforce.  It would be difficult to … results=100 vec_w=0.90 fts_w=0.10
slow query: 250.9ms query=Teachers can be essential in supervising cyberspace.  Social… results=100 vec_w=0.90 fts_w=0.10
slow query: 620.0ms query=Social media can be powerful educational resources.  Many te… results=100 vec_w=0.90 fts_w=0.10
slow query: 1072.1ms query=A strategic missile defense shield will be an effective defe… results=100 vec_w=0.90 fts_w=0.10
slow query: 886.9ms query=As a matter of principle, every country, including the Unite… results=100 vec_w=0.90 fts_w=0.10
slow query: 719.6ms query=A robust missile defense shield will provide the protection … results=100 vec_w=0.90 fts_w=0.10
slow query: 429.4ms query=Strategic missile defense technology is substantially more a… results=100 vec_w=0.90 fts_w=0.10
slow query: 1300.2ms query=The political consequences of the system make the world less… results=100 vec_w=0.90 fts_w=0.10
slow query: 406.4ms query=The system is an incredibly expensive venture that may not e… results=100 vec_w=0.90 fts_w=0.10
slow query: 1316.5ms query=Mutually Assured Destruction breaks down when national missi… results=100 vec_w=0.90 fts_w=0.10
slow query: 1685.0ms query=The default of total copyright is harmful to the spreading o… results=100 vec_w=0.90 fts_w=0.10
slow query: 1837.7ms query=Intellectual property is a legal fiction created for conveni… results=100 vec_w=0.90 fts_w=0.10
slow query: 1018.9ms query=The creative commons is a more effective means for artists t… results=100 vec_w=0.90 fts_w=0.10
slow query: 1571.6ms query=The costs of monitoring copyright by states, artists, and la… results=100 vec_w=0.90 fts_w=0.10
slow query: 1782.8ms query=Artists should retain the right to control their work’s inte… results=100 vec_w=0.90 fts_w=0.10
slow query: 332.4ms query=Artists often rely on copyright protection to financially su… results=100 vec_w=0.90 fts_w=0.10
slow query: 741.0ms query=The lack of control over, and profit from, art will serve as… results=100 vec_w=0.90 fts_w=0.10
slow query: 1939.1ms query=Artists have a fundamental property right over their creativ… results=100 vec_w=0.90 fts_w=0.10
slow query: 964.8ms query=Genetically modified food is a danger to eco-systems.  GM fo… results=100 vec_w=0.90 fts_w=0.10
slow query: 1468.0ms query=Genetically modified food is too new and little researched t… results=100 vec_w=0.90 fts_w=0.10
slow query: 1821.9ms query=GMOs would create too much dependency on biotechnology compa… results=100 vec_w=0.90 fts_w=0.10
slow query: 632.1ms query=Genetically modified organisms can solve the problem of food… results=100 vec_w=0.90 fts_w=0.10
slow query: 1327.4ms query=Genetically modified organisms will prevent starvation due t… results=100 vec_w=0.90 fts_w=0.10
slow query: 309.4ms query=Genetically modified food is no different from any other sci… results=100 vec_w=0.90 fts_w=0.10
slow query: 428.2ms query=Profiling would have caught many of the perpetrators of terr… results=100 vec_w=0.90 fts_w=0.10
slow query: 399.8ms query=When you know terrorists are likely to be members of particu… results=100 vec_w=0.90 fts_w=0.10
slow query: 351.1ms query=The experience of Israel proves that profiling works  Israel… results=100 vec_w=0.90 fts_w=0.10
slow query: 618.9ms query=Randomly checking passengers’ identities is much safer than … results=100 vec_w=0.90 fts_w=0.10
slow query: 198.9ms query=Profiling exacerbates terrorism as it reinforces the percept… results=100 vec_w=0.90 fts_w=0.10
slow query: 255.6ms query=Profiling is simply institutionalizing racism an reduces min… results=100 vec_w=0.90 fts_w=0.10
slow query: 1185.2ms query=Facebook provides an information point  Undoubtedly, one of … results=100 vec_w=0.90 fts_w=0.10
slow query: 1021.4ms query=Facebook encourages socialisation  One of the most crucial e… results=100 vec_w=0.90 fts_w=0.10
slow query: 1856.6ms query=Facebook is good for democracy  Social networks aid our soci… results=100 vec_w=0.90 fts_w=0.10
slow query: 1326.1ms query=Facebook has some dangerous consequences  Facebook is becomi… results=100 vec_w=0.90 fts_w=0.10
slow query: 366.6ms query=Facebook has a negative impact on learning  For many student… results=100 vec_w=0.90 fts_w=0.10
slow query: 951.1ms query=Facebook is bad for life satisfaction  Every single day, the… results=100 vec_w=0.90 fts_w=0.10
slow query: 1495.3ms query=More women in the labour market leads to higher GDP  By intr… results=100 vec_w=0.90 fts_w=0.10
slow query: 394.3ms query=Gender equality is based on fundamental human rights endorse… results=100 vec_w=0.90 fts_w=0.10
slow query: 690.5ms query=Quotas encourage women to pursue education and professional … results=100 vec_w=0.90 fts_w=0.10
slow query: 1583.6ms query=Quota-led gender equality in executive boards will help shap… results=100 vec_w=0.90 fts_w=0.10
slow query: 670.5ms query=Public and private institutions should hire people based on … results=100 vec_w=0.90 fts_w=0.10
slow query: 1127.1ms query=There are other policy options that are less distortive and … results=100 vec_w=0.90 fts_w=0.10
slow query: 560.2ms query=There is no clear link between gender quota and economic gro… results=100 vec_w=0.90 fts_w=0.10
slow query: 190.6ms query=Porn is inherently dehumanising  Pornography necessarily obj… results=100 vec_w=0.90 fts_w=0.10
slow query: 529.9ms query=The feminist movement should not allow women to sell themsel… results=100 vec_w=0.90 fts_w=0.10
slow query: 351.4ms query=Pornography fuels unreachable ideals  Pornography presents a… results=100 vec_w=0.90 fts_w=0.10
slow query: 683.9ms query=Pornography eroticises violence  Many forms of media are oft… results=100 vec_w=0.90 fts_w=0.10
slow query: 808.1ms query=Pornography liberates women  Pornography is massively produc… results=100 vec_w=0.90 fts_w=0.10
slow query: 373.0ms query=The feminist movement cannot afford to alienate itself from … results=100 vec_w=0.90 fts_w=0.10
slow query: 717.0ms query=Attempting to ban it would only cause further problems  Ther… results=100 vec_w=0.90 fts_w=0.10
slow query: 415.8ms query=Freedom of expression is essential for women  Social movemen… results=100 vec_w=0.90 fts_w=0.10
slow query: 325.5ms query=The effects of unemployment  Unemployment has been linked to… results=100 vec_w=0.90 fts_w=0.10
slow query: 341.6ms query=The importance of jobs in livelihoods - money  Jobs are empo… results=100 vec_w=0.90 fts_w=0.10
slow query: 306.5ms query=Labour participation and rights  Labour participation enable… results=100 vec_w=0.90 fts_w=0.10
slow query: 338.6ms query=Women need alternatives for empowerment  Empowerment cannot … results=100 vec_w=0.90 fts_w=0.10
slow query: 209.9ms query=Where are the men?  Is the feminisation of labour emerging w… results=100 vec_w=0.90 fts_w=0.10
slow query: 211.2ms query=Who are the women?  Women are a diverse group, and the femin… results=100 vec_w=0.90 fts_w=0.10
slow query: 233.1ms query=The double burden  Despite a feminising labour market there … results=100 vec_w=0.90 fts_w=0.10
slow query: 1002.7ms query=Patenting enables knowledge sharing  Patents are typically g… results=100 vec_w=0.90 fts_w=0.10
slow query: 322.6ms query=Genes are intellectual property thus patentable  The patenti… results=100 vec_w=0.90 fts_w=0.10
slow query: 797.1ms query=Patenting inhibits research and therapeutics  The prevailing… results=100 vec_w=0.90 fts_w=0.10
slow query: 1845.3ms query=A liability regime not patents.  There are alternatives to t… results=100 vec_w=0.90 fts_w=0.10
slow query: 779.5ms query=Immoral to own a human life  Patenting genes and DNA fragmen… results=100 vec_w=0.90 fts_w=0.10
slow query: 672.3ms query=Patenting drives up the cost of therapies and renders them u… results=100 vec_w=0.90 fts_w=0.10
slow query: 393.0ms query=States must be responsible to their own citizens first  Ther… results=100 vec_w=0.90 fts_w=0.10
slow query: 442.0ms query=The Whole System is broken  It is not clear that the system … results=100 vec_w=0.90 fts_w=0.10
slow query: 315.3ms query=The system is open to abuse  It is extremely difficult to te… results=100 vec_w=0.90 fts_w=0.10
slow query: 312.1ms query=The rights of refugees are a cornerstone of international la… results=100 vec_w=0.90 fts_w=0.10
slow query: 381.0ms query=We must practice what we preach  Democratic nations preach t… results=100 vec_w=0.90 fts_w=0.10
slow query: 420.6ms query=We have a duty to help the persecuted  The principles which … results=100 vec_w=0.90 fts_w=0.10
slow query: 9983.4ms query=The failure of rule of law  As the anthropologist and lawyer… results=100 vec_w=0.90 fts_w=0.10
slow query: 1573.7ms query=Cultural relativism and adapting to conflict  The issues und… results=100 vec_w=0.90 fts_w=0.10
slow query: 7484.5ms query=Removing barriers to demobilisation, disarmament and rehabil… results=100 vec_w=0.90 fts_w=0.10
slow query: 2565.1ms query=The cultural construction of armed conflict  The jurisdictio… results=100 vec_w=0.90 fts_w=0.10
slow query: 2410.6ms query=Punishing objectively harmful conduct  Of the tens of thousa… results=100 vec_w=0.90 fts_w=0.10
slow query: 1712.8ms query=Universal rights and collective compromises  Cultural relati… results=100 vec_w=0.90 fts_w=0.10
slow query: 1073.1ms query=Making children military targets  The purpose of the ban on … results=100 vec_w=0.90 fts_w=0.10
slow query: 586.5ms query=Restrictions on migration would benefit people in the cities… results=100 vec_w=0.90 fts_w=0.10
slow query: 738.7ms query=The government has a right to make decisions in the best int… results=100 vec_w=0.90 fts_w=0.10
slow query: 830.2ms query=Restrictions would benefit rural areas  Unlimited rural-urba… results=100 vec_w=0.90 fts_w=0.10
slow query: 673.5ms query=Poor, uneducated people are lured into cities  The cause of … results=100 vec_w=0.90 fts_w=0.10
slow query: 750.4ms query=It is practically impossible to control people's movement  O… results=100 vec_w=0.90 fts_w=0.10
slow query: 338.7ms query=Restrictions cause an incredible loss of potential  One of t… results=100 vec_w=0.90 fts_w=0.10
slow query: 317.4ms query=Rural life is miserable and has higher mortality rates than … results=100 vec_w=0.90 fts_w=0.10
slow query: 508.4ms query=Freedom of movement is an intrinsic human right  Every human… results=100 vec_w=0.90 fts_w=0.10
    NDCG@10=0.4316  p50=481.76ms  ingest=0.82s
  [snapvec/scifact] ...
    NDCG@10=0.7856  p50=13.3ms  ingest=0.99s
  [snapvec/nfcorpus] ...
    NDCG@10=0.3832  p50=5.46ms  ingest=0.63s
  [snapvec/scidocs] ...
slow query: 138.4ms query=A Direct Search Method to solve Economic Dispatch Problem wi… results=100 vec_w=0.90 fts_w=0.10
slow query: 119.5ms query=Natural actor-critic algorithms results=100 vec_w=0.89 fts_w=0.11
slow query: 129.9ms query=Fast Vehicle Detection with Lateral Convolutional Neural Net… results=100 vec_w=0.90 fts_w=0.10
slow query: 136.8ms query=Situation Awareness in Ambient Assisted Living for Smart Hea… results=100 vec_w=0.89 fts_w=0.11
slow query: 138.2ms query=Fruit and Vegetable Identification Using Machine Learning results=100 vec_w=0.89 fts_w=0.11
    NDCG@10=0.2072  p50=31.25ms  ingest=5.52s
  [snapvec/fiqa] ...
slow query: 202.4ms query=Where should I park my rainy-day / emergency fund? results=100 vec_w=0.89 fts_w=0.11
slow query: 111.6ms query=If I believe a stock is going to fall, what options do I hav… results=100 vec_w=0.90 fts_w=0.10
slow query: 102.0ms query=What credit card information are offline US merchants allowe… results=100 vec_w=0.90 fts_w=0.10
slow query: 104.0ms query=what is the best way to do a freelancing job over the summer… results=100 vec_w=0.90 fts_w=0.10
slow query: 100.8ms query=Better to get loan from finance company or bank considering … results=100 vec_w=0.90 fts_w=0.10
slow query: 113.7ms query=Is it bad practice to invest in stocks that fluctuate by sin… results=100 vec_w=0.90 fts_w=0.10
slow query: 102.2ms query=What are the ins/outs of writing-off part of one's rent for … results=100 vec_w=0.90 fts_w=0.10
slow query: 181.9ms query=If I have a lot of debt and the housing market is rising, sh… results=100 vec_w=0.90 fts_w=0.10
slow query: 103.0ms query=How to calculate the value of a bond that is priced to yield… results=100 vec_w=0.90 fts_w=0.10
slow query: 171.6ms query=Frustrated Landlord results=100 vec_w=0.60 fts_w=0.40
slow query: 108.4ms query=What is the best way to get a “rough” home appraisal prior t… results=100 vec_w=0.90 fts_w=0.10
slow query: 111.4ms query=Found an old un-cashed paycheck. How long is it good for? Wh… results=100 vec_w=0.90 fts_w=0.10
slow query: 117.0ms query=28 years old and just inherited large amount of money and re… results=100 vec_w=0.90 fts_w=0.10
slow query: 101.6ms query=If an index goes up because an underlying company issues mor… results=100 vec_w=0.90 fts_w=0.10
slow query: 111.2ms query=Why don't share prices of a company rise every other Friday … results=100 vec_w=0.90 fts_w=0.10
slow query: 101.5ms query=Does it make sense to trade my GOOGL shares for GOOG and poc… results=100 vec_w=0.90 fts_w=0.10
slow query: 101.8ms query=Any Tips on How to Get the Highest Returns Within 4 Months b… results=100 vec_w=0.90 fts_w=0.10
slow query: 117.7ms query=Is it possible to transfer stock I already own into my Roth … results=100 vec_w=0.90 fts_w=0.10
slow query: 113.6ms query=Why could the serious financial woes of some EU member state… results=100 vec_w=0.90 fts_w=0.10
slow query: 130.4ms query=How to minimise the risk of a reduction in purchase power in… results=100 vec_w=0.90 fts_w=0.10
slow query: 115.3ms query=Is it a good idea to get an unsecured loan to pay off a cred… results=100 vec_w=0.90 fts_w=0.10
slow query: 104.2ms query=What happens with the “long” buyer of a stock when somebody … results=100 vec_w=0.90 fts_w=0.10
slow query: 104.6ms query=Is there any site you can find out about the 'bonus features… results=100 vec_w=0.90 fts_w=0.10
slow query: 121.3ms query=What is the best way to invest in gold as a hedge against in… results=100 vec_w=0.90 fts_w=0.10
slow query: 103.7ms query=0% APR first 12 months on new credit card. Can I exceed that… results=100 vec_w=0.90 fts_w=0.10
slow query: 125.5ms query=Why can't you just have someone invest for you and split the… results=100 vec_w=0.90 fts_w=0.10
slow query: 123.8ms query=Can the beta of a stock be used as a lagging indicator for t… results=100 vec_w=0.90 fts_w=0.10
slow query: 102.4ms query=How are the best way to make and save money at 22 years old results=100 vec_w=0.90 fts_w=0.10
slow query: 245.0ms query=Why does Yahoo Finance's data for a Vanguard fund's dividend… results=100 vec_w=0.90 fts_w=0.10
slow query: 104.0ms query=Probablity of touching In the money vs expiring in the money… results=100 vec_w=0.90 fts_w=0.10
slow query: 126.7ms query=Do common stocks and preferred stocks have any differences i… results=100 vec_w=0.90 fts_w=0.10
slow query: 118.6ms query=How to contribute to Roth IRA when income is at the maximum … results=100 vec_w=0.90 fts_w=0.10
slow query: 123.9ms query=Buying an investment property in Australia - what are the ad… results=100 vec_w=0.90 fts_w=0.10
slow query: 104.8ms query=How does the importance of a cash emergency fund change when… results=100 vec_w=0.90 fts_w=0.10
slow query: 125.2ms query=What is the PEG ratio? How is the PEG ratio calculated? How … results=100 vec_w=0.90 fts_w=0.10
slow query: 103.7ms query=I don't live in America. How can I buy IPO stock of newly li… results=100 vec_w=0.90 fts_w=0.10
slow query: 124.5ms query=Can you explain why it's better to invest now rather than wa… results=100 vec_w=0.90 fts_w=0.10
slow query: 103.3ms query=What to do when a job offer is made but with a salary less t… results=100 vec_w=0.90 fts_w=0.10
slow query: 100.6ms query=What are a few sites that make it easy to invest in high int… results=100 vec_w=0.90 fts_w=0.10
slow query: 121.3ms query=If I were to get into a life situation where I would not be … results=100 vec_w=0.90 fts_w=0.10
slow query: 105.1ms query=If the U.S. defaults on its debt, what will happen to my ban… results=100 vec_w=0.90 fts_w=0.10
slow query: 109.2ms query=IS it the wrong time to get into the equity market immediate… results=100 vec_w=0.90 fts_w=0.10
slow query: 130.4ms query=Can I open a bank account in the US remotely? Will I pay tax… results=100 vec_w=0.90 fts_w=0.10
slow query: 100.8ms query=As an employee, when is it inappropriate to request to see y… results=100 vec_w=0.90 fts_w=0.10
slow query: 111.4ms query=How can I determine if my rate of return is “good” for the m… results=100 vec_w=0.90 fts_w=0.10
slow query: 124.4ms query=Where can I buy stocks if I only want to invest a little bit… results=100 vec_w=0.90 fts_w=0.10
    NDCG@10=0.4892  p50=63.74ms  ingest=15.47s
  [snapvec/arguana] ...
slow query: 5289.8ms query=Being vegetarian helps the environment  Becoming a vegetaria… results=100 vec_w=0.90 fts_w=0.10
slow query: 1892.2ms query=It is immoral to kill animals  As evolved human beings it is… results=100 vec_w=0.90 fts_w=0.10
slow query: 708.3ms query=Vegetarianism is healthier  There are significant health ben… results=100 vec_w=0.90 fts_w=0.10
slow query: 238.5ms query=Being vegetarian reduces risks of food poisoning  Almost all… results=100 vec_w=0.90 fts_w=0.10
slow query: 200.0ms query=There are problems with being vegetarian  A vegetarian or ve… results=100 vec_w=0.90 fts_w=0.10
slow query: 400.5ms query=Survival of the fittest  It is natural for human beings to f… results=100 vec_w=0.90 fts_w=0.10
slow query: 443.6ms query=Humans can choose their own nutrition plan  Humans are omniv… results=100 vec_w=0.90 fts_w=0.10
slow query: 264.3ms query=Animal research causes severe harm to the animals involved  … results=100 vec_w=0.90 fts_w=0.10
slow query: 308.1ms query=Animals shouldn’t be harmed  The difference between us and o… results=100 vec_w=0.90 fts_w=0.10
slow query: 170.0ms query=It isn’t necessary  We don’t know how we will be able to dev… results=100 vec_w=0.90 fts_w=0.10
slow query: 102.7ms query=People will die if we don’t do animal testing  Every year, 2… results=100 vec_w=0.90 fts_w=0.10
slow query: 131.0ms query=Research animals are well treated  Animals used in research … results=100 vec_w=0.90 fts_w=0.10
slow query: 141.7ms query=Animal research is only used when it’s needed  EU member sta… results=100 vec_w=0.90 fts_w=0.10
slow query: 175.9ms query=Testing is needed for really new drugs  The real benefit of … results=100 vec_w=0.90 fts_w=0.10
slow query: 112.4ms query=Animals don’t have human rights  Humans have large brains, f… results=100 vec_w=0.90 fts_w=0.10
slow query: 156.6ms query=Poaching is becoming more advanced  A stronger, militarised … results=100 vec_w=0.90 fts_w=0.10
slow query: 318.8ms query=The justice system does not currently work  A major failing … results=100 vec_w=0.90 fts_w=0.10
slow query: 200.1ms query=Natural habitats being are destroyed  A tougher approach to … results=100 vec_w=0.90 fts_w=0.10
slow query: 212.9ms query=Endangered animals are a source of pride for African countri… results=100 vec_w=0.90 fts_w=0.10
slow query: 298.4ms query=Poaching is linked to terrorism  Stronger protection of anim… results=100 vec_w=0.90 fts_w=0.10
slow query: 170.4ms query=Fewer human deaths  Fewer large beasts will lead to fewer de… results=100 vec_w=0.90 fts_w=0.10
slow query: 373.8ms query=Heavy handed approaches do not solve the motivations for poa… results=100 vec_w=0.90 fts_w=0.10
slow query: 433.6ms query=Legalising the trade of horns, ivory, furs and pelts would b… results=100 vec_w=0.90 fts_w=0.10
slow query: 216.0ms query=African countries have little money to spare  Africa has som… results=100 vec_w=0.90 fts_w=0.10
slow query: 1694.9ms query=Underground Nuclear Storage is Safe  Underground nuclear was… results=100 vec_w=0.90 fts_w=0.10
slow query: 839.0ms query=Underground Nuclear Storage is Necessary  Even states withou… results=100 vec_w=0.90 fts_w=0.10
slow query: 595.4ms query=There Are Better Alternatives to Underground Nuclear Waste S… results=100 vec_w=0.90 fts_w=0.10
slow query: 604.7ms query=Nuclear waste should be reused to create more electricity.  … results=100 vec_w=0.90 fts_w=0.10
slow query: 344.8ms query=Underground Nuclear Storage is Expensive.  Underground nucle… results=100 vec_w=0.90 fts_w=0.10
slow query: 227.2ms query=Developing world  Developing countries such as China and Ind… results=100 vec_w=0.90 fts_w=0.10
slow query: 392.0ms query=450 PPM  The IPCC's Fourth Assessment Report determined that… results=100 vec_w=0.90 fts_w=0.10
slow query: 595.7ms query=Failure to reach global accord  The Kyoto Protocol failed to… results=100 vec_w=0.90 fts_w=0.10
slow query: 552.3ms query=Consequences of increased GHGs  Increased GHGs in the atmosp… results=100 vec_w=0.90 fts_w=0.10
slow query: 266.0ms query=Earth's Resiliency  All the conclusions about the effects of… results=100 vec_w=0.90 fts_w=0.10
slow query: 334.4ms query=New Technology  Humanity has revolutionized the world repeat… results=100 vec_w=0.90 fts_w=0.10
slow query: 385.5ms query=Carbon Trading Schemes  The EU ETS is an example of a viable… results=100 vec_w=0.90 fts_w=0.10
slow query: 258.2ms query=An immense boost to DRC’s economy  The Grand Inga dam would … results=100 vec_w=0.90 fts_w=0.10
slow query: 388.9ms query=The dam would power Africa  Only 29% of Sub Saharan Africa’s… results=100 vec_w=0.90 fts_w=0.10
slow query: 497.9ms query=Will enable the rebuilding of DRC  DR Congo has been one of … results=100 vec_w=0.90 fts_w=0.10
slow query: 155.0ms query=A dam could make the Congo more usable  While the Congo is m… results=100 vec_w=0.90 fts_w=0.10
slow query: 258.3ms query=A dam would damage the environment  Dams due to their genera… results=100 vec_w=0.90 fts_w=0.10
slow query: 350.4ms query=The cost is too high  The Grand Inga is ‘pie in the sky’ as … results=100 vec_w=0.90 fts_w=0.10
slow query: 208.6ms query=Dams displace communities  Dams result in the filling of a l… results=100 vec_w=0.90 fts_w=0.10
slow query: 354.5ms query=Such a big project is beyond DRC’s capacity  The Grand Inga … results=100 vec_w=0.90 fts_w=0.10
slow query: 584.1ms query=Prioritizing donors creates an incentive to become a donor  … results=100 vec_w=0.90 fts_w=0.10
slow query: 629.1ms query=A Practical Solution  There are many mechanisms by which thi… results=100 vec_w=0.90 fts_w=0.10
slow query: 573.4ms query=Organ donors are more deserving of organs  Reciprocity is a … results=100 vec_w=0.90 fts_w=0.10
slow query: 386.7ms query=People ought to donate their organs anyway  Organ donation, … results=100 vec_w=0.90 fts_w=0.10
slow query: 274.6ms query=This system will punish people for a past decision they cann… results=100 vec_w=0.90 fts_w=0.10
slow query: 334.4ms query=People may have valid religious reasons not to donate organs… results=100 vec_w=0.90 fts_w=0.10
slow query: 321.9ms query=Denying organs to non-donors is unduly coercive.  For the st… results=100 vec_w=0.90 fts_w=0.10
slow query: 497.8ms query=The right to access healthcare is absolute  Healthcare is a … results=100 vec_w=0.90 fts_w=0.10
slow query: 105.7ms query=If personhood accrues at birth, then abortion after inducing… results=100 vec_w=0.90 fts_w=0.10
slow query: 329.9ms query=The foetus feels pain  Partial-birth abortion is disgusting.… results=100 vec_w=0.90 fts_w=0.10
slow query: 312.9ms query=Abortion is wrong per se when there are alternatives such as… results=100 vec_w=0.90 fts_w=0.10
slow query: 231.1ms query=Banning partial birth abortions is in line with popular and … results=100 vec_w=0.90 fts_w=0.10
slow query: 208.7ms query=Opposition to partial birth abortion is part of a strategy i… results=100 vec_w=0.90 fts_w=0.10
slow query: 370.5ms query=Partial birth abortions are safer than any available alterna… results=100 vec_w=0.90 fts_w=0.10
slow query: 228.1ms query=The concept of "foetal rights" is an attack on the autonomy … results=100 vec_w=0.90 fts_w=0.10
slow query: 257.0ms query=It’s in the interests of employees  It’s in the interests of… results=100 vec_w=0.90 fts_w=0.10
slow query: 584.5ms query=It’s in the interests of employers  It’s in the interests of… results=100 vec_w=0.90 fts_w=0.10
slow query: 307.0ms query=It’s in the interests of co-workers  It’s in the interests o… results=100 vec_w=0.90 fts_w=0.10
slow query: 262.4ms query=Tackling HIV requires a responsible and active position by e… results=100 vec_w=0.90 fts_w=0.10
slow query: 400.6ms query=The risks of ignorance and prejudice are too high  This meas… results=100 vec_w=0.90 fts_w=0.10
slow query: 216.4ms query=It is a disincentive to get tested in the first place  The r… results=100 vec_w=0.90 fts_w=0.10
slow query: 928.5ms query=Employers have no right to private medical information  Empl… results=100 vec_w=0.90 fts_w=0.10
slow query: 196.3ms query=Savings can be used in other sections of medical care  The d… results=100 vec_w=0.90 fts_w=0.10
slow query: 275.5ms query=Easily affordable drugs will mean greater access  Generic dr… results=100 vec_w=0.90 fts_w=0.10
slow query: 294.0ms query=Reduce the prominence of bad and fake drugs  The increased a… results=100 vec_w=0.90 fts_w=0.10
slow query: 278.9ms query=Unfair to apply same patent laws universally  It is unrealis… results=100 vec_w=0.90 fts_w=0.10
slow query: 219.2ms query=Cheaper drugs aren’t trusted by consumers  The differences i… results=100 vec_w=0.90 fts_w=0.10
slow query: 225.2ms query=Most vital drugs are already generic  Many drugs which are u… results=100 vec_w=0.90 fts_w=0.10
slow query: 262.0ms query=Dominance of generic drugs will reduce reinvestment and inno… results=100 vec_w=0.90 fts_w=0.10
slow query: 312.8ms query=Reduce smoking  A ban on smoking in public places would help… results=100 vec_w=0.90 fts_w=0.10
slow query: 339.0ms query=Nip the problem in the bud  Smoking rates in Africa are rela… results=100 vec_w=0.90 fts_w=0.10
slow query: 554.3ms query=Lower healthcare costs  Smoking caused disease causes large … results=100 vec_w=0.90 fts_w=0.10
slow query: 121.7ms query=Easy to introduce  A ban on smoking in public places would b… results=100 vec_w=0.90 fts_w=0.10
slow query: 167.4ms query=Reduces growth of tobacco  Less people smoking means less to… results=100 vec_w=0.90 fts_w=0.10
slow query: 191.2ms query=Unenforceable  Smoking bans are often unenforceable in highe… results=100 vec_w=0.90 fts_w=0.10
slow query: 221.7ms query=Ban would harm the wider economy  A ban could harm the wider… results=100 vec_w=0.90 fts_w=0.10
slow query: 203.3ms query=Paternalistic  Personal autonomy has to be the key to this d… results=100 vec_w=0.90 fts_w=0.10
slow query: 384.3ms query=Schools are the best place to create lasting lifestyle chang… results=100 vec_w=0.90 fts_w=0.10
slow query: 1418.2ms query=Schools need to practice what they preach  Under the pressur… results=100 vec_w=0.90 fts_w=0.10
slow query: 502.0ms query=Better nutrition leads to better students.  There is a growi… results=100 vec_w=0.90 fts_w=0.10
slow query: 1125.7ms query=Targeting schools will be an ineffective strategy.  Schools … results=100 vec_w=0.90 fts_w=0.10
slow query: 1006.7ms query=Pupils will bring unhealthy food with them to schools.  Freq… results=100 vec_w=0.90 fts_w=0.10
slow query: 584.9ms query=“Junk food” sales are an important source of funding for sch… results=100 vec_w=0.90 fts_w=0.10
slow query: 1486.6ms query=Schools should educate about healthy choices, not make them … results=100 vec_w=0.90 fts_w=0.10
slow query: 154.3ms query=The guilt may be too heavy a burden for the relative who cou… results=100 vec_w=0.90 fts_w=0.10
slow query: 466.3ms query=Greater awareness will increase donations  There is a clear … results=100 vec_w=0.90 fts_w=0.10
slow query: 427.5ms query=It is a natural thing to do  We are biologically programmed … results=100 vec_w=0.90 fts_w=0.10
slow query: 514.4ms query=The right to individual self determination is a fundamental … results=100 vec_w=0.90 fts_w=0.10
slow query: 561.5ms query=We should preserve the person with greater quality of life  … results=100 vec_w=0.90 fts_w=0.10
slow query: 330.7ms query=The recipient is forced to receive the sacrifice of another … results=100 vec_w=0.90 fts_w=0.10
slow query: 345.1ms query=Doctors should not be asked to take the moral burden of peop… results=100 vec_w=0.90 fts_w=0.10
slow query: 281.6ms query=The role of society is to save lives not to assist in suicid… results=100 vec_w=0.90 fts_w=0.10
slow query: 420.2ms query=This would encourage coercion for some to die to save others… results=100 vec_w=0.90 fts_w=0.10
slow query: 364.3ms query=Self-preservation is our primary moral duty  Many people, es… results=100 vec_w=0.90 fts_w=0.10
slow query: 2106.3ms query=Allowing production of generic drugs saves lives, particular… results=100 vec_w=0.90 fts_w=0.10
slow query: 579.2ms query=You cannot own an idea, and thus cannot hold patents, especi… results=100 vec_w=0.90 fts_w=0.10
slow query: 1190.5ms query=The current patent system is unjust and creates perverse inc… results=100 vec_w=0.90 fts_w=0.10
slow query: 1382.7ms query=Production of generic drugs reduce medical costs by allowing… results=100 vec_w=0.90 fts_w=0.10
slow query: 1940.0ms query=When generic drugs are legalized firms and individuals no lo… results=100 vec_w=0.90 fts_w=0.10
slow query: 761.6ms query=Patent rights allow firms to more readily release their prod… results=100 vec_w=0.90 fts_w=0.10
slow query: 2870.0ms query=Robust drug patent laws incentivize investment of time and m… results=100 vec_w=0.90 fts_w=0.10
slow query: 1794.1ms query=The product of a firm's intellectual endeavor is the propert… results=100 vec_w=0.90 fts_w=0.10
slow query: 790.8ms query=Generic drugs often prove to be less effective than their br… results=100 vec_w=0.90 fts_w=0.10
slow query: 340.9ms query=Although there are many accounts of the efficacy of alternat… results=100 vec_w=0.90 fts_w=0.10
slow query: 476.3ms query=Many alternative remedies, such as homeopathy, offer nothing… results=100 vec_w=0.90 fts_w=0.10
slow query: 822.7ms query=Overwhelmingly alternative therapies are used in conjunction… results=100 vec_w=0.90 fts_w=0.10
slow query: 538.1ms query=The pharmaceutical and medical industries are worth billions… results=100 vec_w=0.90 fts_w=0.10
slow query: 234.9ms query=Alternative medical practitioners tend to spend more time wi… results=100 vec_w=0.90 fts_w=0.10
slow query: 268.6ms query=A huge number of fully accepted medical practices started be… results=100 vec_w=0.90 fts_w=0.10
slow query: 851.8ms query=Those who are in the late stages of a terminal disease have … results=100 vec_w=0.90 fts_w=0.10
slow query: 1283.1ms query=Every human being has a right to life  Perhaps the most basi… results=100 vec_w=0.90 fts_w=0.10
slow query: 505.9ms query=Suicide is a lonely, desperate act, carried out in secrecy a… results=100 vec_w=0.90 fts_w=0.10
slow query: 1360.3ms query=If someone is threatening to kill themselves it is your mora… results=100 vec_w=0.90 fts_w=0.10
slow query: 388.9ms query=It would have a damaging effect on society  Some people who … results=100 vec_w=0.90 fts_w=0.10
slow query: 660.5ms query=Only God can give and take away life  Life is Sacred so no o… results=100 vec_w=0.90 fts_w=0.10
slow query: 533.3ms query=It is vital that a doctor's role not be confused  The guidin… results=100 vec_w=0.90 fts_w=0.10
slow query: 286.0ms query=Broadening participation  The talent pool in South African r… results=100 vec_w=0.90 fts_w=0.10
slow query: 253.0ms query=Radical action needed for racial equality in South Africa  I… results=100 vec_w=0.90 fts_w=0.10
slow query: 210.1ms query=Most South Africans support quotas  In 2006, the South Afric… results=100 vec_w=0.90 fts_w=0.10
slow query: 218.5ms query=IRB rules  Racial quotas are a breach of the views of the wo… results=100 vec_w=0.90 fts_w=0.10
slow query: 198.0ms query=Racial quotas don’t develop new players  The quota system co… results=100 vec_w=0.90 fts_w=0.10
slow query: 182.1ms query=Quotas can drive players away.  Policies of racial quotas ca… results=100 vec_w=0.90 fts_w=0.10
slow query: 282.1ms query=Meritocracy  It is a value of sport in general that it shoul… results=100 vec_w=0.90 fts_w=0.10
slow query: 553.7ms query=Boycotting Euro 2012 will highlight Ukraine’s backsliding on… results=100 vec_w=0.90 fts_w=0.10
slow query: 1062.0ms query=Europe must not give approval to this regime.  Viktor Yanuko… results=100 vec_w=0.90 fts_w=0.10
slow query: 580.0ms query=Boycotting Euro 2012 is proportional  Diplomacy is necessary… results=100 vec_w=0.90 fts_w=0.10
slow query: 878.6ms query=A boycott won’t help resolve the issues at question  Europea… results=100 vec_w=0.90 fts_w=0.10
slow query: 243.2ms query=Europe needs to prevent Russian influence in Ukraine  If Eur… results=100 vec_w=0.90 fts_w=0.10
slow query: 376.5ms query=Boycotts did not take place for the 2008 Olympics despite th… results=100 vec_w=0.90 fts_w=0.10
slow query: 943.6ms query=The boycott would affect Poland and the Ukrainian people as … results=100 vec_w=0.90 fts_w=0.10
slow query: 282.9ms query=This is a sports event not a political event  Sport and poli… results=100 vec_w=0.90 fts_w=0.10
slow query: 747.7ms query=Hosting stimulates regeneration in local areas  Hosting stim… results=100 vec_w=0.90 fts_w=0.10
slow query: 342.4ms query=Hosting creates a 'feel-good' factor  Hosting creates a 'fee… results=100 vec_w=0.90 fts_w=0.10
slow query: 558.3ms query=COUNTERPOINT Any large expenditure in one area will stimulat… results=100 vec_w=0.90 fts_w=0.10
slow query: 250.4ms query=Hosting has wide-reaching economic benefits  Hosting creates… results=100 vec_w=0.90 fts_w=0.10
slow query: 410.4ms query=The bidding process is too long, tying up funds and land  Th… results=100 vec_w=0.90 fts_w=0.10
slow query: 415.8ms query=Hosting is very expensive  Hosting is very expensive. In rec… results=100 vec_w=0.90 fts_w=0.10
slow query: 613.7ms query=Hosting only affects one city  In large countries like the U… results=100 vec_w=0.90 fts_w=0.10
slow query: 1969.7ms query=Collisions are a part of the game.  First, collisions are pa… results=100 vec_w=0.90 fts_w=0.10
slow query: 506.0ms query=Collisions are exciting and fun to watch.  Baseball is a for… results=100 vec_w=0.90 fts_w=0.10
slow query: 439.9ms query=Collisions are not as dangerous as they’re feared to be.  So… results=100 vec_w=0.90 fts_w=0.10
slow query: 736.7ms query=Without collisions, either the catcher or the runner would h… results=100 vec_w=0.90 fts_w=0.10
slow query: 209.5ms query=Collisions are an example of violence that has no place in b… results=100 vec_w=0.90 fts_w=0.10
slow query: 422.1ms query=Collisions heighten antagonisms.  When someone gets hurt in … results=100 vec_w=0.90 fts_w=0.10
slow query: 214.6ms query=Collisions are unnecessary.  Baseball doesn’t need collision… results=100 vec_w=0.90 fts_w=0.10
slow query: 1396.0ms query=Collisions are dangerous and lead to injury.  Ray Fosse and … results=100 vec_w=0.90 fts_w=0.10
slow query: 774.3ms query=Radio is cheap to produce and easily accessible.  Community … results=100 vec_w=0.90 fts_w=0.10
slow query: 697.9ms query=Community radio gives voices to the people rather than impos… results=100 vec_w=0.90 fts_w=0.10
slow query: 741.8ms query=Community radio evens the playing field against state and co… results=100 vec_w=0.90 fts_w=0.10
slow query: 534.4ms query=Radio is yesterday’s technology.  Proposition is right to po… results=100 vec_w=0.90 fts_w=0.10
slow query: 468.6ms query=Community radio is just a platform, there is nothing innatel… results=100 vec_w=0.90 fts_w=0.10
slow query: 1969.4ms query=Community radio just gives a megaphone to extremists.  Exper… results=100 vec_w=0.90 fts_w=0.10
slow query: 764.7ms query=Many people find the views expressed by much of the church o… results=100 vec_w=0.90 fts_w=0.10
slow query: 2006.9ms query=This was a piece of art, advertised and described as such, t… results=100 vec_w=0.90 fts_w=0.10
slow query: 638.1ms query=There is a duty for a broadcaster that is not dependent on e… results=100 vec_w=0.90 fts_w=0.10
slow query: 526.4ms query=It is simply impractical for a major international broadcast… results=100 vec_w=0.90 fts_w=0.10
slow query: 1104.7ms query=Tens of thousands of licence fee payers objected to this, ul… results=100 vec_w=0.90 fts_w=0.10
slow query: 628.8ms query=Why should those who foot the bill have chunks of airtime fr… results=100 vec_w=0.90 fts_w=0.10
slow query: 614.9ms query=If this work had been an attack on Mohammed it would never h… results=100 vec_w=0.90 fts_w=0.10
slow query: 556.8ms query=The people are interested in the health of their leader  The… results=100 vec_w=0.90 fts_w=0.10
slow query: 165.8ms query=The head of state/government must be accountable to the peop… results=100 vec_w=0.90 fts_w=0.10
slow query: 418.6ms query=Transparency allows citizens to choose for a healthy leader … results=100 vec_w=0.90 fts_w=0.10
slow query: 355.2ms query=A lack of transparency can endanger the leader  A person is … results=100 vec_w=0.90 fts_w=0.10
slow query: 501.9ms query=Rivals could misuse the opportunity  While the leader suffer… results=100 vec_w=0.90 fts_w=0.10
slow query: 334.1ms query=Damages diplomacy to be too open  Diplomacy can be very pers… results=100 vec_w=0.90 fts_w=0.10
slow query: 722.0ms query=Markets like stability  Business and the markets prize polit… results=100 vec_w=0.90 fts_w=0.10
slow query: 571.7ms query=Denial of privacy to the leaders  The leaders of states dese… results=100 vec_w=0.90 fts_w=0.10
slow query: 862.1ms query=A bargaining chip  In much the same way that material invest… results=100 vec_w=0.90 fts_w=0.10
slow query: 1358.0ms query=The academic tradition of the West  The growth of universiti… results=100 vec_w=0.90 fts_w=0.10
slow query: 690.4ms query=Maintaining the value of the degree  Employers and others ex… results=100 vec_w=0.90 fts_w=0.10
slow query: 1345.9ms query=‘Separation of town and gown’  There are two parties involve… results=100 vec_w=0.90 fts_w=0.10
slow query: 576.5ms query=Universities should exchange ideas not impose them  Of all p… results=100 vec_w=0.90 fts_w=0.10
slow query: 1595.8ms query=Argument One: Contact leads to the dissemination of values  … results=100 vec_w=0.90 fts_w=0.10
slow query: 3628.3ms query=Hate speech  The enforcement of the laws proposed in this ar… results=100 vec_w=0.90 fts_w=0.10
slow query: 11643.1ms query=Classification, not censorship  We should expect fans of an … results=100 vec_w=0.90 fts_w=0.10
slow query: 3490.8ms query=Defending hip hop artists’ right to free speech  The interve… results=100 vec_w=0.90 fts_w=0.10
slow query: 3649.4ms query=A ban will be ineffective  A new legal prohibition on any ty… results=100 vec_w=0.90 fts_w=0.10
slow query: 7590.5ms query=A ban will further marginalise young members of impoverished… results=100 vec_w=0.90 fts_w=0.10
slow query: 3251.1ms query=Violent imagery can serve different purposes.  Calls for a b… results=100 vec_w=0.90 fts_w=0.10
slow query: 730.6ms query=Because religion promotes certainty of belief, divinely insp… results=100 vec_w=0.90 fts_w=0.10
slow query: 900.0ms query=Religion simply justifies reactionary views which many find … results=100 vec_w=0.90 fts_w=0.10
slow query: 829.1ms query=Ill-informed prejudice has no place in society. The veneer o… results=100 vec_w=0.90 fts_w=0.10
slow query: 984.2ms query=There is no right not to be offended, enforcing what is acce… results=100 vec_w=0.90 fts_w=0.10
slow query: 395.1ms query=Silencing views that are considered offensive is self-defeat… results=100 vec_w=0.90 fts_w=0.10
slow query: 728.7ms query=Regardless of the views expressed, freedom of speech means t… results=100 vec_w=0.90 fts_w=0.10
slow query: 2050.0ms query=Pluralism and Political Interference  The removal of ‘The Sp… results=100 vec_w=0.90 fts_w=0.10
slow query: 1331.7ms query=Artistic Freedom  A core principle of art is that it should … results=100 vec_w=0.90 fts_w=0.10
slow query: 2208.0ms query=Racialised Opposition  Some critics of ‘The Spear’ have crit… results=100 vec_w=0.90 fts_w=0.10
slow query: 648.5ms query=Infantilisation and Prejudice  Those who dismiss the reactio… results=100 vec_w=0.90 fts_w=0.10
slow query: 255.3ms query=Masculinity  The problem with leaving the painting, the spea… results=100 vec_w=0.90 fts_w=0.10
slow query: 666.1ms query=Public Decency  Freedom of Speech is something that is highl… results=100 vec_w=0.90 fts_w=0.10
slow query: 597.7ms query=Defamation  While South African Law does allow for freedom o… results=100 vec_w=0.90 fts_w=0.10
slow query: 1019.8ms query=Governments have always struggled with the idea of press inv… results=100 vec_w=0.90 fts_w=0.10
slow query: 1212.8ms query=The concept of what is a journalist needs to be clarified to… results=100 vec_w=0.90 fts_w=0.10
slow query: 1803.4ms query=There is a difference between actual journalists and those w… results=100 vec_w=0.90 fts_w=0.10
slow query: 2256.4ms query=It is a basic principle of journalism that sources should be… results=100 vec_w=0.90 fts_w=0.10
slow query: 1081.8ms query=Wikileaks is not a news organisation, it exists exclusively … results=100 vec_w=0.90 fts_w=0.10
slow query: 822.4ms query=Assange is mostly interested in self-promotion, not being a … results=100 vec_w=0.90 fts_w=0.10
slow query: 1141.4ms query=Other religions have the right to wear prescribed clothing e… results=100 vec_w=0.90 fts_w=0.10
slow query: 885.1ms query=Declaration of the faith is a key part of Christianity and t… results=100 vec_w=0.90 fts_w=0.10
slow query: 1076.4ms query=The confession of religious faith is far more important than… results=100 vec_w=0.90 fts_w=0.10
slow query: 1399.7ms query=Freedom of expression, like any right is fairly meaningless … results=100 vec_w=0.90 fts_w=0.10
slow query: 847.0ms query=Both employers acted out of concern for the interests of the… results=100 vec_w=0.90 fts_w=0.10
slow query: 620.5ms query=If this were about wearing a badge with a political slogan o… results=100 vec_w=0.90 fts_w=0.10
slow query: 604.6ms query=Employers impose rules relating to conduct in the workplace,… results=100 vec_w=0.90 fts_w=0.10
slow query: 658.7ms query=The expansion of Heathrow is vital for the economy  Expandin… results=100 vec_w=0.90 fts_w=0.10
slow query: 610.4ms query=Heathrow is full; it must expand  Put simply Heathrow is at … results=100 vec_w=0.90 fts_w=0.10
slow query: 488.5ms query=Heathrow is in the best location for London  Flying is criti… results=100 vec_w=0.90 fts_w=0.10
slow query: 504.3ms query=Expanding Heathrow would be at the expense of the environmen… results=100 vec_w=0.90 fts_w=0.10
slow query: 882.8ms query=The economic case for expansion does not add up  A study con… results=100 vec_w=0.90 fts_w=0.10
slow query: 751.6ms query=The third run-way would cause noise and pollution problems  … results=100 vec_w=0.90 fts_w=0.10
slow query: 120.4ms query=Online gambling affects families  A parent who gambles can q… results=100 vec_w=0.90 fts_w=0.10
slow query: 186.5ms query=Gambling is bad for you.  Gamblers may win money from time t… results=100 vec_w=0.90 fts_w=0.10
slow query: 217.9ms query=Gambling is addictive.  Humans get a buzz from taking a risk… results=100 vec_w=0.90 fts_w=0.10
slow query: 232.6ms query=Online gambling encourages crime  Human trafficking, forced … results=100 vec_w=0.90 fts_w=0.10
slow query: 188.5ms query=Cant enforce an online gambling ban  Governments can’t actua… results=100 vec_w=0.90 fts_w=0.10
slow query: 127.0ms query=Government only objects to online gambling because they dont… results=100 vec_w=0.90 fts_w=0.10
slow query: 186.4ms query=Other forms of online gambling  What is the difference betwe… results=100 vec_w=0.90 fts_w=0.10
slow query: 233.4ms query=Only regulation can mitigate harms  It is where the sites op… results=100 vec_w=0.90 fts_w=0.10
slow query: 222.0ms query=Personal freedom  Gambling is a leisure activity enjoyed by … results=100 vec_w=0.90 fts_w=0.10
slow query: 1617.1ms query=Those who have more owe more to the state  Wealthier people … results=100 vec_w=0.90 fts_w=0.10
slow query: 1434.1ms query=A well-implemented progressive taxation scheme serve to prom… results=100 vec_w=0.90 fts_w=0.10
slow query: 633.2ms query=Those able to pay more should pay more into the tax system  … results=100 vec_w=0.90 fts_w=0.10
slow query: 1135.6ms query=The state should promote the efficient distribution of incom… results=100 vec_w=0.90 fts_w=0.10
slow query: 1022.8ms query=Progressive taxation promotes a more equal, more harmonious … results=100 vec_w=0.90 fts_w=0.10
slow query: 852.8ms query=Progressive taxes place an unfair and disproportionate burde… results=100 vec_w=0.90 fts_w=0.10
slow query: 788.6ms query=The aim of taxation should be to provide equality of opportu… results=100 vec_w=0.90 fts_w=0.10
slow query: 1150.9ms query=Progressive systems are invariably highly complex and ineffi… results=100 vec_w=0.90 fts_w=0.10
slow query: 605.4ms query=The ability to orchestrate a progressive taxation regime giv… results=100 vec_w=0.90 fts_w=0.10
slow query: 789.7ms query=Individuals’ property and income are an index of deserving a… results=100 vec_w=0.90 fts_w=0.10
slow query: 323.8ms query=The effects of unemployment  Unemployment has been linked to… results=100 vec_w=0.90 fts_w=0.10
slow query: 332.9ms query=The importance of jobs in livelihoods - money  Jobs are empo… results=100 vec_w=0.90 fts_w=0.10
slow query: 299.3ms query=Labour participation and rights  Labour participation enable… results=100 vec_w=0.90 fts_w=0.10
slow query: 339.0ms query=Women need alternatives for empowerment  Empowerment cannot … results=100 vec_w=0.90 fts_w=0.10
slow query: 201.6ms query=Where are the men?  Is the feminisation of labour emerging w… results=100 vec_w=0.90 fts_w=0.10
slow query: 205.3ms query=Who are the women?  Women are a diverse group, and the femin… results=100 vec_w=0.90 fts_w=0.10
slow query: 222.6ms query=The double burden  Despite a feminising labour market there … results=100 vec_w=0.90 fts_w=0.10
slow query: 419.7ms query=Multilateralism is preferable to bilateralism.  It is prefer… results=100 vec_w=0.90 fts_w=0.10
slow query: 331.1ms query=Free trade is good for development and growth.  Free trade e… results=100 vec_w=0.90 fts_w=0.10
slow query: 352.4ms query=Trade is good for democracy.  Venezuela’s Hugo Chavez has be… results=100 vec_w=0.90 fts_w=0.10
slow query: 189.6ms query=The FTAA is bad for South American Agriculture.  During the … results=100 vec_w=0.90 fts_w=0.10
slow query: 618.5ms query=FTAA is bad for labour in developed countries.  Liberalizing… results=100 vec_w=0.90 fts_w=0.10
slow query: 104.7ms query=FTAA is bad for the environment.  Free trade creates a "race… results=100 vec_w=0.90 fts_w=0.10
slow query: 347.7ms query=The FTAA is bad for industries in developing nations.  This … results=100 vec_w=0.90 fts_w=0.10
slow query: 1560.1ms query=Women provide a platform for economic development  Where wom… results=100 vec_w=0.90 fts_w=0.10
slow query: 1252.8ms query=Women are the backbone of Africa’s agriculture  It sounds dr… results=100 vec_w=0.90 fts_w=0.10
slow query: 600.8ms query=There is greater potential for African women  There is great… results=100 vec_w=0.90 fts_w=0.10
slow query: 703.0ms query=Women are not the future for Africa’s economy  In the short … results=100 vec_w=0.90 fts_w=0.10
slow query: 2772.7ms query=Africa's greatest needs are for infrastructure and education… results=100 vec_w=0.90 fts_w=0.10
slow query: 1142.8ms query=Natural resources are key  Africa has a very significant amo… results=100 vec_w=0.90 fts_w=0.10
slow query: 1386.1ms query=Each man has a right to private property  The right to own p… results=100 vec_w=0.90 fts_w=0.10
slow query: 898.3ms query=The market should determine the price of products and servic… results=100 vec_w=0.90 fts_w=0.10
slow query: 647.7ms query=The capitalist society enhances personal freedom  The Wester… results=100 vec_w=0.90 fts_w=0.10
slow query: 620.9ms query=Incentive in form of profit benefits society as a whole  The… results=100 vec_w=0.90 fts_w=0.10
slow query: 292.2ms query=Socialism provides a more sustainable way of living  Capital… results=100 vec_w=0.90 fts_w=0.10
slow query: 1326.9ms query=Socialism is a more secure system than the free market in Ca… results=100 vec_w=0.90 fts_w=0.10
slow query: 1759.8ms query=Socialism leads to a more humane equal society  The gap betw… results=100 vec_w=0.90 fts_w=0.10
slow query: 335.0ms query=This ban would lower healthcare costs.  The health problems … results=100 vec_w=0.90 fts_w=0.10
slow query: 443.1ms query=Exposing non-smokers to second-hand smoke goes against their… results=100 vec_w=0.90 fts_w=0.10
slow query: 707.9ms query=This ban would encourage smokers to smoke less or give up sm… results=100 vec_w=0.90 fts_w=0.10
slow query: 135.3ms query=This ban would be easy to introduce.  A ban in all public pl… results=100 vec_w=0.90 fts_w=0.10
slow query: 540.6ms query=Smokers have a right to enjoy themselves.  Article 1 of the … results=100 vec_w=0.90 fts_w=0.10
slow query: 307.3ms query=This ban would put many pubs, clubs, etc. out of business.  … results=100 vec_w=0.90 fts_w=0.10
slow query: 325.0ms query=This ban would be difficult to enforce.  Given the popularit… results=100 vec_w=0.90 fts_w=0.10
slow query: 323.9ms query=It is unfair to new members of EU  Not only are the largest … results=100 vec_w=0.90 fts_w=0.10
slow query: 398.0ms query=CAP is costly and unfair to other industries  Currently CAP … results=100 vec_w=0.90 fts_w=0.10
slow query: 522.9ms query=It harms the economies of developing world  The current mode… results=100 vec_w=0.90 fts_w=0.10
slow query: 491.2ms query=It doesn’t serve its purpose (subsidies to larger farmers)  … results=100 vec_w=0.90 fts_w=0.10
slow query: 415.7ms query=It protects rural communities  People in EU are hard to conv… results=100 vec_w=0.90 fts_w=0.10
slow query: 455.6ms query=CAP protects the quality of the food in EU  The role of CAP … results=100 vec_w=0.90 fts_w=0.10
slow query: 392.5ms query=CAP maintains European food security  The subsidies to agric… results=100 vec_w=0.90 fts_w=0.10
slow query: 898.8ms query=There is ample precedent in the form of other “sin” taxes  A… results=100 vec_w=0.90 fts_w=0.10
slow query: 1253.5ms query=An individual's BMI is no longer a purely personal matter  T… results=100 vec_w=0.90 fts_w=0.10
slow query: 473.2ms query=A fat tax levels out the playing field for healthier food  A… results=100 vec_w=0.90 fts_w=0.10
slow query: 1720.2ms query=A tax is not an effective instrument to fight obesity  There… results=100 vec_w=0.90 fts_w=0.10
slow query: 499.2ms query=It hits the most vulnerable part of society hardest  The pra… results=100 vec_w=0.90 fts_w=0.10
slow query: 674.9ms query=A fat tax infringes on individual choice  Introducing such a… results=100 vec_w=0.90 fts_w=0.10
slow query: 483.8ms query=Small is beautiful: community empowerment  Microfinance is e… results=100 vec_w=0.90 fts_w=0.10
slow query: 292.7ms query=Microfinance and protection  Access to a small loan provides… results=100 vec_w=0.90 fts_w=0.10
slow query: 238.1ms query=A livelihoods approach  The livelihoods approach provides a … results=100 vec_w=0.90 fts_w=0.10
slow query: 227.1ms query=Ending poverty through entrepreneurialism  Introducing finan… results=100 vec_w=0.90 fts_w=0.10
slow query: 164.0ms query=Rebuilding agricultural systems  Africa is faced with an agr… results=100 vec_w=0.90 fts_w=0.10
slow query: 277.8ms query=Deeper issues unresolved  Microfinance provides a quick-fix … results=100 vec_w=0.90 fts_w=0.10
slow query: 337.4ms query=Debt cycles and the curse of microfinance  Microfinance is i… results=100 vec_w=0.90 fts_w=0.10
slow query: 431.0ms query=Realistic barriers  There are significant barriers to introd… results=100 vec_w=0.90 fts_w=0.10
slow query: 220.0ms query=Historically Democrats have presided over more economic stab… results=100 vec_w=0.90 fts_w=0.10
slow query: 169.5ms query=Bush squandered an extraordinary economic legacy on tax cuts… results=100 vec_w=0.90 fts_w=0.10
slow query: 148.0ms query=Democrats focus on increasing wages, creating better consume… results=100 vec_w=0.90 fts_w=0.10
slow query: 358.2ms query=Deregulation contributed to the banking crises and, therefor… results=100 vec_w=0.90 fts_w=0.10
slow query: 258.0ms query=Republicans more enthusiastically support market capitalism … results=100 vec_w=0.90 fts_w=0.10
slow query: 468.6ms query=“After three years, it is clear that President Obama’s budge… results=100 vec_w=0.90 fts_w=0.10
slow query: 164.4ms query=Republicans are the best at stimulating economic growth  The… results=100 vec_w=0.90 fts_w=0.10
slow query: 1086.6ms query=International labour and business standards go hand in hand … results=100 vec_w=0.90 fts_w=0.10
slow query: 319.3ms query=When developing countries employ poor labour standards, othe… results=100 vec_w=0.90 fts_w=0.10
slow query: 963.8ms query=Labour standards are necessary to protect basic human rights… results=100 vec_w=0.90 fts_w=0.10
slow query: 432.2ms query=Increasing a standard, even if not as high as the donor woul… results=100 vec_w=0.90 fts_w=0.10
slow query: 651.8ms query=Historically the donor of Foreign Aid has always set down pr… results=100 vec_w=0.90 fts_w=0.10
slow query: 555.9ms query=There is nothing wrong with individualised standards. It is … results=100 vec_w=0.90 fts_w=0.10
slow query: 501.5ms query=There is uneven implementation of labour standards even in w… results=100 vec_w=0.90 fts_w=0.10
slow query: 887.6ms query=Development has many facets of which pure economic growth is… results=100 vec_w=0.90 fts_w=0.10
slow query: 1138.7ms query=Universal standards of labour and business are not suited to… results=100 vec_w=0.90 fts_w=0.10
slow query: 310.2ms query=The Hyperloop is comparatively cheap  The Hyperloop would be… results=100 vec_w=0.90 fts_w=0.10
slow query: 340.7ms query=Fastest possible transportation over a short distance  Publi… results=100 vec_w=0.90 fts_w=0.10
slow query: 334.9ms query=The Hyperloop will be a low cost system for the user  The Hy… results=100 vec_w=0.90 fts_w=0.10
slow query: 621.8ms query=Lack of capacity or room for expansion  The plans for the Hy… results=100 vec_w=0.90 fts_w=0.10
slow query: 330.1ms query=If Musk won’t build it who will?  Elon Musk himself is unwil… results=100 vec_w=0.90 fts_w=0.10
slow query: 602.4ms query=There have been similar suggestions before for intercity tra… results=100 vec_w=0.90 fts_w=0.10
slow query: 581.8ms query=It will never work  The plan for the Hyperloop is sound tech… results=100 vec_w=0.90 fts_w=0.10
slow query: 198.0ms query=Profit margins are too small  A major problem for Tunisia’s … results=100 vec_w=0.90 fts_w=0.10
slow query: 391.5ms query=Vulnerable to unrest  Relying on tourism ensures that the ec… results=100 vec_w=0.90 fts_w=0.10
slow query: 298.9ms query=Overseas competition  Tunisia’s tourism industry is at risk … results=100 vec_w=0.90 fts_w=0.10
slow query: 489.8ms query=Tourism causes pollution  The tourism industry in Tunisia re… results=100 vec_w=0.90 fts_w=0.10
slow query: 189.2ms query=Investment  Tourism should be relied upon for economic growt… results=100 vec_w=0.90 fts_w=0.10
slow query: 306.6ms query=Other industries are less reliable  Other sectors, such as a… results=100 vec_w=0.90 fts_w=0.10
slow query: 223.2ms query=Produces Employment  Tourism is the second largest employer … results=100 vec_w=0.90 fts_w=0.10
slow query: 571.6ms query=Restrictions on migration would benefit people in the cities… results=100 vec_w=0.90 fts_w=0.10
slow query: 725.1ms query=The government has a right to make decisions in the best int… results=100 vec_w=0.90 fts_w=0.10
slow query: 822.9ms query=Restrictions would benefit rural areas  Unlimited rural-urba… results=100 vec_w=0.90 fts_w=0.10
slow query: 669.2ms query=Poor, uneducated people are lured into cities  The cause of … results=100 vec_w=0.90 fts_w=0.10
slow query: 744.7ms query=It is practically impossible to control people's movement  O… results=100 vec_w=0.90 fts_w=0.10
slow query: 334.7ms query=Restrictions cause an incredible loss of potential  One of t… results=100 vec_w=0.90 fts_w=0.10
slow query: 312.8ms query=Rural life is miserable and has higher mortality rates than … results=100 vec_w=0.90 fts_w=0.10
slow query: 503.3ms query=Freedom of movement is an intrinsic human right  Every human… results=100 vec_w=0.90 fts_w=0.10
slow query: 1088.9ms query=Dictatorships assure low cost political stability  Due to th… results=100 vec_w=0.90 fts_w=0.10
slow query: 682.0ms query=Dictatorships are more effective than democracies at mobiliz… results=100 vec_w=0.90 fts_w=0.10
slow query: 919.7ms query=Dictatorships can prevent social unrest  Dictatorships are b… results=100 vec_w=0.90 fts_w=0.10
slow query: 1215.8ms query=Development is about more than economic growth  Amartya Sen … results=100 vec_w=0.90 fts_w=0.10
slow query: 1062.9ms query=Democratic rule of law is the best ground for political stab… results=100 vec_w=0.90 fts_w=0.10
slow query: 464.2ms query=Political regime has a limited impact on development  It can… results=100 vec_w=0.90 fts_w=0.10
slow query: 544.8ms query=Democracy acts in the interest of the general population, wh… results=100 vec_w=0.90 fts_w=0.10
slow query: 2092.3ms query=Failure to withdraw blocks legitimate Palestinian aspiration… results=100 vec_w=0.90 fts_w=0.10
slow query: 2841.6ms query=Israel has no right to the occupied territories.  Because Is… results=100 vec_w=0.90 fts_w=0.10
slow query: 2423.0ms query=Returning to the 1967 borders would bring peace to Israel.  … results=100 vec_w=0.90 fts_w=0.10
slow query: 2483.0ms query=Returning to the 1967 borders would make war more likely.  T… results=100 vec_w=0.90 fts_w=0.10
slow query: 1133.9ms query=Many Israelis now live in the occupied territories.  Israel … results=100 vec_w=0.90 fts_w=0.10
slow query: 5630.6ms query=Israel has the right to claim minimal territory to ensure se… results=100 vec_w=0.90 fts_w=0.10
slow query: 519.4ms query=Migration is 'developmental'.  Recent reports by the HDR (20… results=100 vec_w=0.90 fts_w=0.10
slow query: 351.8ms query=The freedom to move is a human right.  Mobility is a human r… results=100 vec_w=0.90 fts_w=0.10
slow query: 492.8ms query=Free movement will provide benefits for productivity.  A fre… results=100 vec_w=0.90 fts_w=0.10
slow query: 181.2ms query=Policies towards a free labour market will create unity.  Na… results=100 vec_w=0.90 fts_w=0.10
slow query: 654.9ms query=Implementing a free labour market will enable effective mana… results=100 vec_w=0.90 fts_w=0.10
slow query: 254.3ms query=Urbanisation without industrialisation, the dangerous liveli… results=100 vec_w=0.90 fts_w=0.10
slow query: 529.5ms query=Who is left behind?  In promoting a free labour market, we n… results=100 vec_w=0.90 fts_w=0.10
slow query: 563.5ms query=Migration reasonings and exploitation.  A free labour market… results=100 vec_w=0.90 fts_w=0.10
slow query: 588.1ms query=States will monitor each other, and an international body co… results=100 vec_w=0.90 fts_w=0.10
slow query: 965.6ms query=Arenas of potential conflict must be regulated  Conflict nee… results=100 vec_w=0.90 fts_w=0.10
slow query: 1013.4ms query=The use of the internet undermines the state by demonopolizi… results=100 vec_w=0.90 fts_w=0.10
slow query: 892.4ms query=A cyber treaty benefits everyone  A treaty that bans, or sha… results=100 vec_w=0.90 fts_w=0.10
slow query: 767.7ms query=A treaty would benefit larger powers over the small  Any tre… results=100 vec_w=0.90 fts_w=0.10
slow query: 540.7ms query=Unlike warfare cyber-attacks don’t kill so they don’t need t… results=100 vec_w=0.90 fts_w=0.10
slow query: 1721.3ms query=It would never work  There are immense challenges to making … results=100 vec_w=0.90 fts_w=0.10
slow query: 765.3ms query=It is in the national interest for democracies to support th… results=100 vec_w=0.90 fts_w=0.10
slow query: 899.0ms query=Diplomacy is not going anywhere  The best solution would be … results=100 vec_w=0.90 fts_w=0.10
slow query: 487.9ms query=Syria clearly meets the standards for intervention  The Assa… results=100 vec_w=0.90 fts_w=0.10
slow query: 507.3ms query=The Free Syrian Army is outgunned  The Syrian army is one of… results=100 vec_w=0.90 fts_w=0.10
slow query: 279.5ms query=Would balance the support for Syrian government  Syria's gov… results=100 vec_w=0.90 fts_w=0.10
slow query: 258.5ms query=Arming the rebels would be unpopular  Ten years after the Ir… results=100 vec_w=0.90 fts_w=0.10
slow query: 475.4ms query=Would it work?  The most fundamental question for any policy… results=100 vec_w=0.90 fts_w=0.10
slow query: 518.2ms query=Possibility of being drawn into a long drawn out conflict  E… results=100 vec_w=0.90 fts_w=0.10
slow query: 1345.6ms query=Unforeseeable consequences  We do not know where arming the … results=100 vec_w=0.90 fts_w=0.10
slow query: 619.2ms query=Sovereignty and non intervention in internal affairs  It is … results=100 vec_w=0.90 fts_w=0.10
slow query: 1021.9ms query=Reparations would be a step towards closing colonial scars. … results=100 vec_w=0.90 fts_w=0.10
slow query: 356.8ms query=Reparations demonstrate a true concern for the developing wo… results=100 vec_w=0.90 fts_w=0.10
slow query: 1181.2ms query=What happened during the colonial era was morally wrong.  Th… results=100 vec_w=0.90 fts_w=0.10
slow query: 746.0ms query=There is already a precedent for paying reparations to such … results=100 vec_w=0.90 fts_w=0.10
slow query: 437.5ms query=Reparations would effectively right the economic imbalance c… results=100 vec_w=0.90 fts_w=0.10
slow query: 999.6ms query=Such reparations would do little to actually improve the dev… results=100 vec_w=0.90 fts_w=0.10
slow query: 219.9ms query=The very payment of reparations exerts a neo-colonial power … results=100 vec_w=0.90 fts_w=0.10
slow query: 423.3ms query=Reparations unfairly target the taxpayers of former colonial… results=100 vec_w=0.90 fts_w=0.10
slow query: 682.1ms query=Time has removed the opportunity to truly make reparations t… results=100 vec_w=0.90 fts_w=0.10
slow query: 2579.1ms query=Georgian rule in South Ossetia is historically illegitimate … results=100 vec_w=0.90 fts_w=0.10
slow query: 1251.5ms query=South Ossetia has a right to self-determination  The 1993 Vi… results=100 vec_w=0.90 fts_w=0.10
slow query: 881.7ms query=South Ossetian independence will help prevent future conflic… results=100 vec_w=0.90 fts_w=0.10
slow query: 1708.2ms query=A South Ossetian state is unviable  There are many factors t… results=100 vec_w=0.90 fts_w=0.10
slow query: 1271.3ms query=Georgia has a right to territorial integrity  Georgia has a … results=100 vec_w=0.90 fts_w=0.10
slow query: 541.3ms query=Illegitimacy of the 2006 referendum  South Ossetia was wrong… results=100 vec_w=0.90 fts_w=0.10
slow query: 368.0ms query=Progress in ending conflict in Africa  Conflict in Africa is… results=100 vec_w=0.90 fts_w=0.10
slow query: 550.8ms query=The Solemn Declaration  The Solemn Declaration did not just … results=100 vec_w=0.90 fts_w=0.10
slow query: 517.3ms query=The increasing effectiveness of the African Union  The Afric… results=100 vec_w=0.90 fts_w=0.10
slow query: 409.3ms query=Not all conflict is war  What is War? The AU’s declaration d… results=100 vec_w=0.90 fts_w=0.10
slow query: 177.2ms query=Africa is the most warlike continent  In 2012 Africa had the… results=100 vec_w=0.90 fts_w=0.10
slow query: 565.0ms query=No mechanism to prevent crises and war exists  Within countr… results=100 vec_w=0.90 fts_w=0.10
slow query: 332.9ms query=Gains may be reversed; events can’t be foreseen  Africa stil… results=100 vec_w=0.90 fts_w=0.10
slow query: 222.6ms query=War is in human nature  War and conflict between groups is i… results=100 vec_w=0.90 fts_w=0.10
slow query: 338.7ms query=Only an international treaty can create penalties for non-co… results=100 vec_w=0.90 fts_w=0.10
slow query: 376.7ms query=The hard part is the cutting of emissions  The problem with … results=100 vec_w=0.90 fts_w=0.10
slow query: 247.9ms query=It is too late for half measures  Two degrees Celsius has ge… results=100 vec_w=0.90 fts_w=0.10
slow query: 224.2ms query=Only a non-binding agreement would get the targets necessary… results=100 vec_w=0.90 fts_w=0.10
slow query: 494.3ms query=A more informal agreement avoids the US congress  The United… results=100 vec_w=0.90 fts_w=0.10
slow query: 153.3ms query=Sovereign states should be allowed to set their own targets … results=100 vec_w=0.90 fts_w=0.10
slow query: 540.5ms query=On issues such as gay marriage, human rights activists have … results=100 vec_w=0.90 fts_w=0.10
slow query: 1449.3ms query=Broadcasters almost never show scenes of torture or torment … results=100 vec_w=0.90 fts_w=0.10
slow query: 944.1ms query=Where there is a clear objection to discussing a certain sub… results=100 vec_w=0.90 fts_w=0.10
slow query: 1369.0ms query=Citizens deserve the right to know what is happening in thei… results=100 vec_w=0.90 fts_w=0.10
slow query: 703.0ms query=Journalism should report the experiences of the vulnerable a… results=100 vec_w=0.90 fts_w=0.10
slow query: 1017.2ms query=The job of a journalist is to report the world and events as… results=100 vec_w=0.90 fts_w=0.10
slow query: 1043.7ms query=Domestic courts are often incapable of providing a fair tria… results=100 vec_w=0.90 fts_w=0.10
slow query: 426.6ms query=The ICC is a force for good, and the all states should be se… results=100 vec_w=0.90 fts_w=0.10
slow query: 201.4ms query=The American people support ICC membership.  In a democracy … results=100 vec_w=0.90 fts_w=0.10
slow query: 323.2ms query=Risk of “lawfare” against Israel  The specific position that… results=100 vec_w=0.90 fts_w=0.10
slow query: 694.1ms query=ICC trials violate the due process guarantees of the US cons… results=100 vec_w=0.90 fts_w=0.10
slow query: 989.2ms query=The rest of the world is better off with the US out  The cru… results=100 vec_w=0.90 fts_w=0.10
slow query: 437.3ms query=Ratification of the International Criminal Court would be a … results=100 vec_w=0.90 fts_w=0.10
slow query: 1625.8ms query=A UN standing army would be ideally suited to respond to con… results=100 vec_w=0.90 fts_w=0.10
slow query: 487.8ms query=A UN Standing Army would solve the problem of American milit… results=100 vec_w=0.90 fts_w=0.10
slow query: 633.8ms query=A UN standing army would be more effective in operations the… results=100 vec_w=0.90 fts_w=0.10
slow query: 1455.5ms query=A UN standing army is simply impossible to form.  A standing… results=100 vec_w=0.90 fts_w=0.10
slow query: 251.6ms query=A UN standing army is unnecessary  A UN standing army is unn… results=100 vec_w=0.90 fts_w=0.10
slow query: 220.5ms query=A U.N. standing army renders the United Nations a de facto s… results=100 vec_w=0.90 fts_w=0.10
slow query: 339.1ms query=There are better alternatives to solving the problems of con… results=100 vec_w=0.90 fts_w=0.10
slow query: 317.3ms query=A UN standing army would not be cost-effective.  The cost of… results=100 vec_w=0.90 fts_w=0.10
slow query: 402.1ms query=UN ignores or enables human rights abuses.  Despite the deve… results=100 vec_w=0.90 fts_w=0.10
slow query: 236.0ms query=Most international co-operation can takes place outside UN f… results=100 vec_w=0.90 fts_w=0.10
slow query: 322.4ms query=: Main purpose of UN, to prevent war, has clearly not been a… results=100 vec_w=0.90 fts_w=0.10
slow query: 219.1ms query=UN decision-making procedures are very inefficient.  The UN … results=100 vec_w=0.90 fts_w=0.10
slow query: 390.1ms query=Many UN bodies are corrupt or compromised.  As mentioned abo… results=100 vec_w=0.90 fts_w=0.10
slow query: 339.6ms query=The UN has been at the forefront of promoting respect for in… results=100 vec_w=0.90 fts_w=0.10
slow query: 300.6ms query=As world becomes more globalised, the need for a global foru… results=100 vec_w=0.90 fts_w=0.10
slow query: 284.8ms query=Solution to problems of UN is to reform outdated structures.… results=100 vec_w=0.90 fts_w=0.10
slow query: 297.8ms query=Many UN organs carry out valuable work around the world.  Th… results=100 vec_w=0.90 fts_w=0.10
slow query: 148.6ms query=The UN has performed a valuable service in preventing wars a… results=100 vec_w=0.90 fts_w=0.10
slow query: 411.3ms query=Myanmar is no longer a military dictatorship  Myanmar has ta… results=100 vec_w=0.90 fts_w=0.10
slow query: 432.4ms query=Regional factors favour re-engagement  Myanmar has continuin… results=100 vec_w=0.90 fts_w=0.10
slow query: 353.0ms query=States should not be isolated on political grounds  The isol… results=100 vec_w=0.90 fts_w=0.10
slow query: 485.8ms query=There is scope for further diplomatic progress in the region… results=100 vec_w=0.90 fts_w=0.10
slow query: 681.4ms query=Disengagement has done more harm than good in the region  Th… results=100 vec_w=0.90 fts_w=0.10
slow query: 547.3ms query=The international community and political legitimacy  The mi… results=100 vec_w=0.90 fts_w=0.10
slow query: 635.3ms query=Vested international interest are harming Myanmar  Certain m… results=100 vec_w=0.90 fts_w=0.10
slow query: 353.8ms query=Re-engagement will weaken the reform movement  International… results=100 vec_w=0.90 fts_w=0.10
slow query: 966.8ms query=Liberal democracies have a moral obligation to denounce ille… results=100 vec_w=0.90 fts_w=0.10
slow query: 648.3ms query=Blind obedience to authority  One of the major factors that … results=100 vec_w=0.90 fts_w=0.10
slow query: 829.7ms query=Authoritarian leadership  President Kagame though considered… results=100 vec_w=0.90 fts_w=0.10
slow query: 337.5ms query=International concern  Rwanda, though a progressing country … results=100 vec_w=0.90 fts_w=0.10
slow query: 593.1ms query=Setting Rwanda's priorities  Rwanda is an emerging democracy… results=100 vec_w=0.90 fts_w=0.10
slow query: 746.8ms query=There is accountability without a free press  Freedom of spe… results=100 vec_w=0.90 fts_w=0.10
slow query: 452.4ms query=Focused leadership  Progress in Africa has been hindered by … results=100 vec_w=0.90 fts_w=0.10
slow query: 608.4ms query=The historical reasons for which the state of Lesotho exists… results=100 vec_w=0.90 fts_w=0.10
slow query: 1494.1ms query=Annexation will allow the free movement of Basotho people, g… results=100 vec_w=0.90 fts_w=0.10
slow query: 1011.4ms query=Lesotho is in a dire condition and needs help from its close… results=100 vec_w=0.90 fts_w=0.10
slow query: 501.9ms query=South Africa will gain influence, stability and a better ima… results=100 vec_w=0.90 fts_w=0.10
slow query: 783.9ms query=A local, decentralized authority can provide better opportun… results=100 vec_w=0.90 fts_w=0.10
slow query: 659.8ms query=It is not in the interest of South Africa to annex a poor, u… results=100 vec_w=0.90 fts_w=0.10
slow query: 757.5ms query=Annexation is not needed where there is already extensive co… results=100 vec_w=0.90 fts_w=0.10
slow query: 958.4ms query=A federal Europe will protect the cultural diversity of its … results=100 vec_w=0.90 fts_w=0.10
slow query: 270.3ms query=A federal Europe will ensure that large, multinational busin… results=100 vec_w=0.90 fts_w=0.10
slow query: 511.7ms query=A federal Europe will benefit the citizens of its member sta… results=100 vec_w=0.90 fts_w=0.10
slow query: 576.4ms query=A federal Europe will be a stronger international actor  A f… results=100 vec_w=0.90 fts_w=0.10
slow query: 659.8ms query=The federal model has proved to be a success previously  The… results=100 vec_w=0.90 fts_w=0.10
slow query: 680.3ms query=Existing contributive inequalities within the Union would be… results=100 vec_w=0.90 fts_w=0.10
slow query: 103.7ms query=Subsidiarity will deal with regional identities’ problem  Fe… results=100 vec_w=0.90 fts_w=0.10
slow query: 190.6ms query=The concept of federalism lacks political support  Euroscept… results=100 vec_w=0.90 fts_w=0.10
slow query: 401.4ms query=Moves toward federalism will endanger the stability of the E… results=100 vec_w=0.90 fts_w=0.10
slow query: 156.2ms query=Poaching is becoming more advanced  A stronger, militarised … results=100 vec_w=0.90 fts_w=0.10
slow query: 318.4ms query=The justice system does not currently work  A major failing … results=100 vec_w=0.90 fts_w=0.10
slow query: 199.0ms query=Natural habitats being are destroyed  A tougher approach to … results=100 vec_w=0.90 fts_w=0.10
slow query: 208.9ms query=Endangered animals are a source of pride for African countri… results=100 vec_w=0.90 fts_w=0.10
slow query: 291.3ms query=Poaching is linked to terrorism  Stronger protection of anim… results=100 vec_w=0.90 fts_w=0.10
slow query: 168.5ms query=Fewer human deaths  Fewer large beasts will lead to fewer de… results=100 vec_w=0.90 fts_w=0.10
slow query: 368.4ms query=Heavy handed approaches do not solve the motivations for poa… results=100 vec_w=0.90 fts_w=0.10
slow query: 426.6ms query=Legalising the trade of horns, ivory, furs and pelts would b… results=100 vec_w=0.90 fts_w=0.10
slow query: 207.4ms query=African countries have little money to spare  Africa has som… results=100 vec_w=0.90 fts_w=0.10
slow query: 738.0ms query=Major changes need to be put to the people and the people mu… results=100 vec_w=0.90 fts_w=0.10
slow query: 740.5ms query=The decision not to hold a referendum directly ignores the w… results=100 vec_w=0.90 fts_w=0.10
slow query: 242.0ms query=Reform treaties are too important to be left to politicians … results=100 vec_w=0.90 fts_w=0.10
slow query: 344.0ms query=If all member states held a referendum on all EU treaties no… results=100 vec_w=0.90 fts_w=0.10
slow query: 386.9ms query=Voters do not understand or care about EU reforms.  They wou… results=100 vec_w=0.90 fts_w=0.10
slow query: 769.8ms query=Referendums are more about PR than politics.  Referendum vot… results=100 vec_w=0.90 fts_w=0.10
slow query: 168.3ms query=Significant changes in the past have not been put to popular… results=100 vec_w=0.90 fts_w=0.10
slow query: 344.6ms query=The only just method  Prosecuting offenders is the only way … results=100 vec_w=0.90 fts_w=0.10
slow query: 343.2ms query=Prosecutions are needed for victims  Prosecutions are the on… results=100 vec_w=0.90 fts_w=0.10
slow query: 175.7ms query=International prosecution encourages domestic justice  By in… results=100 vec_w=0.90 fts_w=0.10
slow query: 578.3ms query=Deters future offences  By prosecuting those who commit crim… results=100 vec_w=0.90 fts_w=0.10
slow query: 525.8ms query=Prosecutions don't get to the real truth  Truth is the most … results=100 vec_w=0.90 fts_w=0.10
slow query: 209.0ms query=Fear of prosecutions cause leaders to do more damage  Instea… results=100 vec_w=0.90 fts_w=0.10
slow query: 342.6ms query=Peace more important than Justice  In practice, prosecutions… results=100 vec_w=0.90 fts_w=0.10
slow query: 547.9ms query=Technology has driven youths to identify new markets  A key … results=100 vec_w=0.90 fts_w=0.10
slow query: 455.4ms query=Technology has enabled Africa’s cultural industries to grow.… results=100 vec_w=0.90 fts_w=0.10
slow query: 892.7ms query=Technology will lead job growth for youths.  The rate of une… results=100 vec_w=0.90 fts_w=0.10
slow query: 222.4ms query=Technology is building a platform for sharing ideas.  Entrep… results=100 vec_w=0.90 fts_w=0.10
slow query: 233.7ms query=Changing education systems and democracy.  Technology has en… results=100 vec_w=0.90 fts_w=0.10
slow query: 396.3ms query=The technological revolution has been hyped.  Debates may be… results=100 vec_w=0.90 fts_w=0.10
slow query: 226.9ms query=Technology has only benefited private companies.  Ultimately… results=100 vec_w=0.90 fts_w=0.10
slow query: 144.4ms query=Technology remains insecure and a security risk.  The intern… results=100 vec_w=0.90 fts_w=0.10
slow query: 277.5ms query=Technology will not result in entrepreneurialism without pro… results=100 vec_w=0.90 fts_w=0.10
slow query: 524.1ms query=Turkey has precedents, such as Romania and Bulgaria, both of… results=100 vec_w=0.90 fts_w=0.10
slow query: 804.1ms query=Turkey is a poverty stricken country and entry into the EU w… results=100 vec_w=0.90 fts_w=0.10
slow query: 367.9ms query=Turkey joining the EU would help the international fight aga… results=100 vec_w=0.90 fts_w=0.10
slow query: 857.6ms query=Any country that fulfils the accession criteria should be al… results=100 vec_w=0.90 fts_w=0.10
slow query: 1766.8ms query=Turkey is a highly unstable democracy in an unstable part of… results=100 vec_w=0.90 fts_w=0.10
slow query: 359.3ms query=Turkey would have the largest population of all member state… results=100 vec_w=0.90 fts_w=0.10
slow query: 1007.0ms query=Turkey would be an unstable Muslim state in a traditionally … results=100 vec_w=0.90 fts_w=0.10
slow query: 1692.8ms query=Turkey has a poor human rights record  Turkey’s human rights… results=100 vec_w=0.90 fts_w=0.10
slow query: 815.6ms query=The geographical definition of Europe must be limited and do… results=100 vec_w=0.90 fts_w=0.10
slow query: 370.0ms query=The partition of Ireland was undemocratic  The people of Nor… results=100 vec_w=0.90 fts_w=0.10
slow query: 109.4ms query=Economic efficiency  A Unified Ireland would be better off e… results=100 vec_w=0.90 fts_w=0.10
slow query: 513.0ms query=Britain is morally obliged to permit the secession of northe… results=100 vec_w=0.90 fts_w=0.10
slow query: 463.3ms query=It would be easier to protect the rights of religious minori… results=100 vec_w=0.90 fts_w=0.10
slow query: 283.5ms query=Uniting Ireland would bring about an end to sectarian violen… results=100 vec_w=0.90 fts_w=0.10
slow query: 676.3ms query=The majority of the inhabitants of Northern Ireland do not s… results=100 vec_w=0.90 fts_w=0.10
slow query: 272.9ms query=Unification would reignite civil disorder and violent factio… results=100 vec_w=0.90 fts_w=0.10
slow query: 674.6ms query=Unification would be damaging for the economies of both part… results=100 vec_w=0.90 fts_w=0.10
slow query: 3728.0ms query=The New START treaty will help against Iran’s nuclear progra… results=100 vec_w=0.90 fts_w=0.10
slow query: 3802.1ms query=The New START treaty will make for a safer world.  Reducing … results=100 vec_w=0.90 fts_w=0.10
slow query: 3282.9ms query=The New START treaty maintains US nuclear and missile defenc… results=100 vec_w=0.90 fts_w=0.10
slow query: 2502.1ms query=The New START treaty helps Russia more than the US  Not only… results=100 vec_w=0.90 fts_w=0.10
slow query: 771.6ms query=Problems with Verification.  Verification is vital in any ag… results=100 vec_w=0.90 fts_w=0.10
slow query: 3388.3ms query=The New START treaty sets a bad approach for a changing worl… results=100 vec_w=0.90 fts_w=0.10
slow query: 4236.5ms query=The New START treaty harms US nuclear capabilities  As David… results=100 vec_w=0.90 fts_w=0.10
slow query: 337.0ms query=Environmental Damage  Both licit and illicit resource extrac… results=100 vec_w=0.90 fts_w=0.10
slow query: 1018.2ms query=Resource abundance has led to poor governance  Corruption in… results=100 vec_w=0.90 fts_w=0.10
slow query: 788.3ms query=Foreign companies gain most of the profits  The majority of … results=100 vec_w=0.90 fts_w=0.10
slow query: 218.7ms query=Resources are a source of conflict  There is a strong connec… results=100 vec_w=0.90 fts_w=0.10
slow query: 425.5ms query=Bring Africa out of poverty  The African continent has the h… results=100 vec_w=0.90 fts_w=0.10
slow query: 234.6ms query=Natural resources create employment  The extraction of natur… results=100 vec_w=0.90 fts_w=0.10
slow query: 179.6ms query=Source of trade  Natural resources are a source of economic … results=100 vec_w=0.90 fts_w=0.10
slow query: 441.1ms query=Teacher training  Investment is required in teacher training… results=100 vec_w=0.90 fts_w=0.10
slow query: 176.8ms query=Social Policy: encouraging teaching careers  UNESCO (2013) r… results=100 vec_w=0.90 fts_w=0.10
slow query: 231.8ms query=Incentivising movement so there are teachers where they are … results=100 vec_w=0.90 fts_w=0.10
slow query: 327.2ms query=Social Policy for satisfied teachers  The creation of nation… results=100 vec_w=0.90 fts_w=0.10
slow query: 215.0ms query=Colonial legacies: the issue of language  A fundamental rest… results=100 vec_w=0.90 fts_w=0.10
slow query: 105.6ms query=The MDG is the barrier  Significant progress has been made i… results=100 vec_w=0.90 fts_w=0.10
slow query: 409.0ms query=The complex controls over enrolment  Suggesting investments … results=100 vec_w=0.90 fts_w=0.10
slow query: 285.1ms query=Teaching begins at home  For the target of universal primary… results=100 vec_w=0.90 fts_w=0.10
slow query: 184.4ms query=Small size makes for ease  The Seychelles, as with the other… results=100 vec_w=0.90 fts_w=0.10
slow query: 346.1ms query=Moving is an imperative  It is clear that if the Seychelles … results=100 vec_w=0.90 fts_w=0.10
slow query: 596.3ms query=Shared sovereignty  If there are no countries willing to ced… results=100 vec_w=0.90 fts_w=0.10
slow query: 976.7ms query=Other nations have an obligation to help  The President of V… results=100 vec_w=0.90 fts_w=0.10
slow query: 312.5ms query=New countries forged by those fleeing disaster  There have b… results=100 vec_w=0.90 fts_w=0.10
slow query: 473.8ms query=Could retain sovereignty without acquiring new territory  Wh… results=100 vec_w=0.90 fts_w=0.10
slow query: 231.9ms query=Other states would not want to waste resources on a refugee … results=100 vec_w=0.90 fts_w=0.10
slow query: 688.1ms query=Human development indicators have significantly improved in … results=100 vec_w=0.90 fts_w=0.10
slow query: 463.3ms query=Africa’s Economies are growing rapidly  Africa has recently … results=100 vec_w=0.90 fts_w=0.10
slow query: 627.0ms query=Foreign Direct Investment to the continent has increased  Fo… results=100 vec_w=0.90 fts_w=0.10
slow query: 489.8ms query=Greater Access to Technology  Proponents of this view claim … results=100 vec_w=0.90 fts_w=0.10
slow query: 231.3ms query=Majority of states are still undemocratic  While there is a … results=100 vec_w=0.90 fts_w=0.10
slow query: 553.0ms query=War and Civil unrest disrupt development and economic growth… results=100 vec_w=0.90 fts_w=0.10
slow query: 428.2ms query=The Continent is still vulnerable to natural disasters  A ma… results=100 vec_w=0.90 fts_w=0.10
slow query: 303.9ms query=Millennium Development Goals have not yet been reached  Whil… results=100 vec_w=0.90 fts_w=0.10
slow query: 447.6ms query=Economically beneficial  Switching diplomatic recognition to… results=100 vec_w=0.90 fts_w=0.10
slow query: 394.5ms query=PRC is clearly the China that matters  The Chinese civil war… results=100 vec_w=0.90 fts_w=0.10
slow query: 265.8ms query=Should not ignore the will of 1.3billion  A small African co… results=100 vec_w=0.90 fts_w=0.10
slow query: 622.7ms query=Cannot avoid dealing with a UNSC member  The PRC is a member… results=100 vec_w=0.90 fts_w=0.10
slow query: 365.5ms query=There is a truce in the diplomatic conflict  There is a truc… results=100 vec_w=0.90 fts_w=0.10
slow query: 435.8ms query=Receive much greater interest from Taiwan  There are benefit… results=100 vec_w=0.90 fts_w=0.10
slow query: 224.0ms query=Should recognise a democracy  São Tomé is a multiparty democ… results=100 vec_w=0.90 fts_w=0.10
slow query: 1419.3ms query=Defaulting would be the quickest route to economic recovery … results=100 vec_w=0.90 fts_w=0.10
slow query: 1370.4ms query=The current austerity measures are not working  The Austerit… results=100 vec_w=0.90 fts_w=0.10
slow query: 418.8ms query=A Greek default would increase stability for the rest of the… results=100 vec_w=0.90 fts_w=0.10
slow query: 686.7ms query=Defaulting would not solve Greece’s problems  The propositio… results=100 vec_w=0.90 fts_w=0.10
slow query: 753.5ms query=Leaving the Eurozone would be detrimental for Greece in the … results=100 vec_w=0.90 fts_w=0.10
slow query: 545.0ms query=A Greek default would have a negative domino-effect on other… results=100 vec_w=0.90 fts_w=0.10
slow query: 1006.6ms query=Defaulting would cause chaos in Greece  There is no good sol… results=100 vec_w=0.90 fts_w=0.10
slow query: 461.0ms query=China has changed a lot since Tiananmen  China has changed o… results=100 vec_w=0.90 fts_w=0.10
slow query: 451.2ms query=A code of conduct is needed not a ban  The current arms ban … results=100 vec_w=0.90 fts_w=0.10
slow query: 400.6ms query=China can’t be ignored  Europe has a developing strategic pa… results=100 vec_w=0.90 fts_w=0.10
slow query: 258.0ms query=China will simply get similar products elsewhere  In a globa… results=100 vec_w=0.90 fts_w=0.10
slow query: 975.7ms query=Cooperation is the best way to gain influence  Cooperating w… results=100 vec_w=0.90 fts_w=0.10
slow query: 556.4ms query=Prevents a competitor from building a high tech military  Th… results=100 vec_w=0.90 fts_w=0.10
slow query: 530.2ms query=Lifting the ban will damage relations with the U.S.  Even if… results=100 vec_w=0.90 fts_w=0.10
slow query: 310.2ms query=There is no reason to strengthen China militarily  Lifting t… results=100 vec_w=0.90 fts_w=0.10
slow query: 915.5ms query=China is a threat to regional stability  China poses a threa… results=100 vec_w=0.90 fts_w=0.10
slow query: 729.9ms query=The arms ban is still necessary  The European Union should s… results=100 vec_w=0.90 fts_w=0.10
slow query: 908.9ms query=It is legitimate to undermine illegitimate governments to pr… results=100 vec_w=0.90 fts_w=0.10
slow query: 781.5ms query=Advancing national interests  A nation’s foreign policy shou… results=100 vec_w=0.90 fts_w=0.10
slow query: 175.1ms query=It is domestic not international legitimacy that matters  Wh… results=100 vec_w=0.90 fts_w=0.10
slow query: 531.6ms query=It is legitimate to enable freedom  Circumventing censorship… results=100 vec_w=0.90 fts_w=0.10
slow query: 537.0ms query=Governments enable censorship to protect their citizens  Wha… results=100 vec_w=0.90 fts_w=0.10
slow query: 596.7ms query=Aggressive foreign policy is not legitimate foreign policy  … results=100 vec_w=0.90 fts_w=0.10
slow query: 512.0ms query=This policy is not necessary and may be counterproductive  U… results=100 vec_w=0.90 fts_w=0.10
slow query: 801.4ms query=The international system is based on equality and non-interf… results=100 vec_w=0.90 fts_w=0.10
slow query: 482.5ms query=Small is beautiful: community empowerment  Microfinance is e… results=100 vec_w=0.90 fts_w=0.10
slow query: 285.2ms query=Microfinance and protection  Access to a small loan provides… results=100 vec_w=0.90 fts_w=0.10
slow query: 237.2ms query=A livelihoods approach  The livelihoods approach provides a … results=100 vec_w=0.90 fts_w=0.10
slow query: 226.9ms query=Ending poverty through entrepreneurialism  Introducing finan… results=100 vec_w=0.90 fts_w=0.10
slow query: 161.5ms query=Rebuilding agricultural systems  Africa is faced with an agr… results=100 vec_w=0.90 fts_w=0.10
slow query: 278.7ms query=Deeper issues unresolved  Microfinance provides a quick-fix … results=100 vec_w=0.90 fts_w=0.10
slow query: 335.6ms query=Debt cycles and the curse of microfinance  Microfinance is i… results=100 vec_w=0.90 fts_w=0.10
slow query: 431.2ms query=Realistic barriers  There are significant barriers to introd… results=100 vec_w=0.90 fts_w=0.10
slow query: 1242.0ms query=Turkey is actually part of the European continent both geogr… results=100 vec_w=0.90 fts_w=0.10
slow query: 1280.6ms query=The admission of Turkey will help the economy of the EU deve… results=100 vec_w=0.90 fts_w=0.10
slow query: 1089.5ms query=Strategic position and energy benefits  There would be immen… results=100 vec_w=0.90 fts_w=0.10
slow query: 852.1ms query=Turkey is not yet up to European standards of human rights. … results=100 vec_w=0.90 fts_w=0.10
slow query: 638.9ms query=Turkey must recognize Cyprus.  The biggest problem facing Tu… results=100 vec_w=0.90 fts_w=0.10
slow query: 858.2ms query=Turkey is not enough economically developed to join the EU. … results=100 vec_w=0.90 fts_w=0.10
slow query: 719.8ms query=The fact that it is a Representative highlights the fact tha… results=100 vec_w=0.90 fts_w=0.10
slow query: 459.6ms query=The EU has already been unifying on multiple fronts, this is… results=100 vec_w=0.90 fts_w=0.10
slow query: 667.4ms query=The creation of the post of a High Representative marked an … results=100 vec_w=0.90 fts_w=0.10
slow query: 610.5ms query=The High Representative will be a catalyst and a facilitator… results=100 vec_w=0.90 fts_w=0.10
slow query: 488.2ms query=The previous arrangement of having two foreign policy center… results=100 vec_w=0.90 fts_w=0.10
slow query: 518.7ms query=There have been tests on the EU's ability to create a common… results=100 vec_w=0.90 fts_w=0.10
slow query: 372.4ms query=The post of a High Representative is merely a shadow of what… results=100 vec_w=0.90 fts_w=0.10
slow query: 290.0ms query=Going back on this rule would promote casual sex  Condoning … results=100 vec_w=0.90 fts_w=0.10
slow query: 204.7ms query=Protects people from spending eternity in Hell.  It is impor… results=100 vec_w=0.90 fts_w=0.10
slow query: 680.1ms query=Radical changes risk the stability of the Catholic Church.  … results=100 vec_w=0.90 fts_w=0.10
slow query: 475.7ms query=In context of other teachings, does not promote the spread o… results=100 vec_w=0.90 fts_w=0.10
slow query: 356.8ms query=The Catholic Church believes that any limitation of procreat… results=100 vec_w=0.90 fts_w=0.10
slow query: 500.5ms query=In contradiction to the Catholic Church's responsibility to … results=100 vec_w=0.90 fts_w=0.10
slow query: 378.2ms query=Birth control within monogamous relationships.  Contraceptio… results=100 vec_w=0.90 fts_w=0.10
slow query: 408.9ms query=Promotes image of Catholic Church as uncaring and stubborn. … results=100 vec_w=0.90 fts_w=0.10
slow query: 259.0ms query=Barrier contraception can protect women from husbands with A… results=100 vec_w=0.90 fts_w=0.10
slow query: 207.6ms query=Opposed by much of the Church  In spite of the Catholic Chur… results=100 vec_w=0.90 fts_w=0.10
slow query: 725.6ms query=Socialism was a twentieth century ideology which ran its cou… results=100 vec_w=0.90 fts_w=0.10
slow query: 287.1ms query=Although there are protests as a result of the banking crisi… results=100 vec_w=0.90 fts_w=0.10
slow query: 339.6ms query=Even the leaders of the Left have given up on Socialism as a… results=100 vec_w=0.90 fts_w=0.10
slow query: 642.5ms query=The idea that wealth should be more fairly and evenly distri… results=100 vec_w=0.90 fts_w=0.10
slow query: 369.6ms query=It is impossible to acquire the information necessary to cre… results=100 vec_w=0.90 fts_w=0.10
slow query: 327.5ms query=Globalisation has made socialism impractical to implement  G… results=100 vec_w=0.90 fts_w=0.10
slow query: 680.7ms query=Class consciousness is an important aspect of Socialism, it … results=100 vec_w=0.90 fts_w=0.10
slow query: 446.0ms query=Socialism has changed historically to meet the challenges of… results=100 vec_w=0.90 fts_w=0.10
slow query: 1318.4ms query=Medical science allows us to control death, suicide and euth… results=100 vec_w=0.90 fts_w=0.10
slow query: 1206.9ms query=Suicide is a rational choice in many situations.  When confr… results=100 vec_w=0.90 fts_w=0.10
slow query: 1232.9ms query=The decision to die is a deeply personal one - it is no busi… results=100 vec_w=0.90 fts_w=0.10
slow query: 1387.9ms query=Once the moral absolute is broken, there is no other credibl… results=100 vec_w=0.90 fts_w=0.10
slow query: 1858.6ms query=The death of one individual has implications for others, whi… results=100 vec_w=0.90 fts_w=0.10
slow query: 1161.4ms query=There is a risk that even a free choice may have some coerci… results=100 vec_w=0.90 fts_w=0.10
slow query: 1462.1ms query=It is impossible to frame a structure which respects the rig… results=100 vec_w=0.90 fts_w=0.10
slow query: 630.0ms query=Animal research necessitates significant harm to the animals… results=100 vec_w=0.90 fts_w=0.10
slow query: 292.8ms query=Would send a positive social message, increasing animal welf… results=100 vec_w=0.90 fts_w=0.10
slow query: 868.8ms query=Animals have a right not to be harmed  The differences betwe… results=100 vec_w=0.90 fts_w=0.10
slow query: 692.3ms query=Research can be done effectively without experimenting on li… results=100 vec_w=0.90 fts_w=0.10
slow query: 382.1ms query=Some groups of people have less capacity for suffering than … results=100 vec_w=0.90 fts_w=0.10
slow query: 633.4ms query=People would die and suffer needlessly under such a policy  … results=100 vec_w=0.90 fts_w=0.10
slow query: 597.6ms query=Animals involved in animal research are mostly well treated.… results=100 vec_w=0.90 fts_w=0.10
slow query: 1316.1ms query=Animal research is only used where other research methods ar… results=100 vec_w=0.90 fts_w=0.10
slow query: 1529.1ms query=Animal research is necessary for the development of truly no… results=100 vec_w=0.90 fts_w=0.10
slow query: 628.9ms query=Animals' rights are of less moral worth than human rights  H… results=100 vec_w=0.90 fts_w=0.10
slow query: 294.4ms query=More ‘good’ is produced by saving five lives than saving one… results=100 vec_w=0.90 fts_w=0.10
slow query: 330.7ms query=As humans we try to save as many people as possible  There e… results=100 vec_w=0.90 fts_w=0.10
slow query: 596.6ms query=Killing one person is the rational choice  The philosopher J… results=100 vec_w=0.90 fts_w=0.10
slow query: 232.0ms query=We cannot make any judgments about whose life is valuable an… results=100 vec_w=0.90 fts_w=0.10
slow query: 291.6ms query=The act of killing is emotionally damaging  To actually be i… results=100 vec_w=0.90 fts_w=0.10
slow query: 165.7ms query=We do not want a society in which killing can be acceptable … results=100 vec_w=0.90 fts_w=0.10
slow query: 167.8ms query=Utilitarianism is demanding  If we choose to save the five p… results=100 vec_w=0.90 fts_w=0.10
slow query: 151.9ms query=We instinctively know killing is wrong  While sometimes our … results=100 vec_w=0.90 fts_w=0.10
slow query: 226.2ms query=Killing is worse than letting someone die  People die in acc… results=100 vec_w=0.90 fts_w=0.10
slow query: 550.4ms query=The apparent loss of liberty is overstated.  Negative cases … results=100 vec_w=0.90 fts_w=0.10
slow query: 364.3ms query=The argument is about practicality and the balancing of risk… results=100 vec_w=0.90 fts_w=0.10
slow query: 620.7ms query=National security is something that must be protected even a… results=100 vec_w=0.90 fts_w=0.10
slow query: 423.2ms query=Western countries already benefit from extremely liberal law… results=100 vec_w=0.90 fts_w=0.10
slow query: 486.5ms query=It is with the popular support of the public that security m… results=100 vec_w=0.90 fts_w=0.10
slow query: 595.2ms query=The loss of individual liberty is the start of a slippery sl… results=100 vec_w=0.90 fts_w=0.10
slow query: 364.0ms query=In the public’s eyes, the government seems to suspect everyo… results=100 vec_w=0.90 fts_w=0.10
slow query: 378.2ms query=It impedes economic progress.  Extra-security measures only … results=100 vec_w=0.90 fts_w=0.10
slow query: 330.8ms query=It would be letting the terrorists win  It is the aim of all… results=100 vec_w=0.90 fts_w=0.10
slow query: 957.9ms query=The threat of terrorism and security risks are overstated.  … results=100 vec_w=0.90 fts_w=0.10
slow query: 577.8ms query=Overcomes prejudice  Affirmative action is required to overc… results=100 vec_w=0.90 fts_w=0.10
slow query: 745.5ms query=Equality of opportunity  Affirmative action is required for … results=100 vec_w=0.90 fts_w=0.10
slow query: 471.9ms query=Changes negative perceptions of university life  Affirmative… results=100 vec_w=0.90 fts_w=0.10
slow query: 235.1ms query=Increase the number of Minorities  College admission process… results=100 vec_w=0.90 fts_w=0.10
slow query: 296.5ms query=Affirmative action can create social tensions  Under the pol… results=100 vec_w=0.90 fts_w=0.10
slow query: 359.6ms query=Affirmative action will not work  The underlying issue which… results=100 vec_w=0.90 fts_w=0.10
slow query: 283.4ms query=Achievements should be earned not given  There is a great po… results=100 vec_w=0.90 fts_w=0.10
slow query: 1315.2ms query=Neo-functionalism proposes a purpose to EU integration.  Neo… results=100 vec_w=0.90 fts_w=0.10
slow query: 461.3ms query=Supranational Entrepreneurs played a crucial role in integra… results=100 vec_w=0.90 fts_w=0.10
slow query: 508.2ms query=Neo-functionalism explains the cause of integration  Spill-o… results=100 vec_w=0.90 fts_w=0.10
slow query: 307.9ms query=Neo-functionalism - liberal theory of regional integration  … results=100 vec_w=0.90 fts_w=0.10
slow query: 332.0ms query=Neo-functionalism provides a good starting point for EU anal… results=100 vec_w=0.90 fts_w=0.10
slow query: 458.5ms query=The Founder of Neo-functionalism abandoned his own Theory (H… results=100 vec_w=0.90 fts_w=0.10
slow query: 250.4ms query=The international system is characterised by anarchy and the… results=100 vec_w=0.90 fts_w=0.10
slow query: 840.1ms query=The Empty Chair Crisis 1965  In 1965 during the Empty Chair … results=100 vec_w=0.90 fts_w=0.10
slow query: 803.9ms query=The assumption of the automaticity of Spill-over is wrong.  … results=100 vec_w=0.90 fts_w=0.10
slow query: 756.3ms query=It may be necessary to limit trial by jury in cases where th… results=100 vec_w=0.90 fts_w=0.10
slow query: 920.5ms query=It may be necessary to limit trial by jury in cases where it… results=100 vec_w=0.90 fts_w=0.10
slow query: 377.2ms query=It may be necessary to limit trial by jury in terrorism case… results=100 vec_w=0.90 fts_w=0.10
slow query: 392.8ms query=Judges are better at delivering justice than juries are.  Ju… results=100 vec_w=0.90 fts_w=0.10
slow query: 1103.0ms query=Having trial by jury for people accused of very small offenc… results=100 vec_w=0.90 fts_w=0.10
slow query: 836.5ms query=Through jury nullification, juries make the law more account… results=100 vec_w=0.90 fts_w=0.10
slow query: 413.8ms query=Limiting trial by jury in some cases sets the stage for limi… results=100 vec_w=0.90 fts_w=0.10
slow query: 955.2ms query=Trial by jury is a fundamental right and should never be abr… results=100 vec_w=0.90 fts_w=0.10
slow query: 356.1ms query=Protections offered in a court must be absolute in order for… results=100 vec_w=0.90 fts_w=0.10
slow query: 289.4ms query=Terrorism can lead to discussion  In some cases, terrorism c… results=100 vec_w=0.90 fts_w=0.10
slow query: 688.5ms query=Consequentialism  Actions can only be justified by their out… results=100 vec_w=0.90 fts_w=0.10
slow query: 1326.9ms query=Legitimacy  In extreme cases, in which peaceful and democrat… results=100 vec_w=0.90 fts_w=0.10
slow query: 260.4ms query=Terrorism can bring attention  Terrorism can raise the profi… results=100 vec_w=0.90 fts_w=0.10
slow query: 1415.8ms query=Terrorism is relative  The definition of terrorism depends v… results=100 vec_w=0.90 fts_w=0.10
slow query: 827.8ms query=Terrorism creates a negative abusable portrayal  Acts of ter… results=100 vec_w=0.90 fts_w=0.10
slow query: 746.9ms query=Corrupt states  States or institutions created in concession… results=100 vec_w=0.90 fts_w=0.10
slow query: 481.4ms query=Exacerbation of poor conditions  Terrorism creates a perpetu… results=100 vec_w=0.90 fts_w=0.10
slow query: 1082.9ms query=Harm to others is never legitimate  Even in cases of suppres… results=100 vec_w=0.90 fts_w=0.10
slow query: 302.5ms query=Justice co-operation  Crime does not stop at national border… results=100 vec_w=0.90 fts_w=0.10
slow query: 323.7ms query=Encourages a culture of respect for human rights  Capital pu… results=100 vec_w=0.90 fts_w=0.10
slow query: 316.6ms query=Diplomatic relations  European states in particular put a pa… results=100 vec_w=0.90 fts_w=0.10
slow query: 220.6ms query=African values  Human rights are a concept that take on diff… results=100 vec_w=0.90 fts_w=0.10
slow query: 186.2ms query=Capital punishment is a comparatively small issue  Whatever … results=100 vec_w=0.90 fts_w=0.10
slow query: 193.0ms query=“Benefits” of capital punishment apply universally  The same… results=100 vec_w=0.90 fts_w=0.10
slow query: 207.1ms query=Self-determination and independence is recognition of the fa… results=100 vec_w=0.90 fts_w=0.10
slow query: 615.9ms query=Self-determination is necessary to protect minority cultures… results=100 vec_w=0.90 fts_w=0.10
slow query: 451.7ms query=Self-determination embodies the fundamental right of peoples… results=100 vec_w=0.90 fts_w=0.10
slow query: 972.5ms query=Self-determination offers a way to resolve otherwise intract… results=100 vec_w=0.90 fts_w=0.10
slow query: 326.7ms query=The rise of universal human rights makes self-determination … results=100 vec_w=0.90 fts_w=0.10
slow query: 255.2ms query=Self-determination can destabilise nation states, sometimes … results=100 vec_w=0.90 fts_w=0.10
slow query: 430.0ms query=What matters are individual democratic rights, not necessari… results=100 vec_w=0.90 fts_w=0.10
slow query: 153.2ms query=Suicide is a selfish act that causes suffering to others  Su… results=100 vec_w=0.90 fts_w=0.10
slow query: 449.4ms query=Suicide is a waste of life  Suicide is a waste of life. It i… results=100 vec_w=0.90 fts_w=0.10
slow query: 434.7ms query=Prohibiting suicide sends the message that it is not an acce… results=100 vec_w=0.90 fts_w=0.10
slow query: 130.3ms query=Suicide undermines the sanctity of the human body  Like abor… results=100 vec_w=0.90 fts_w=0.10
slow query: 287.8ms query=The right to life means a right to death  When we speak of t… results=100 vec_w=0.90 fts_w=0.10
slow query: 171.9ms query=We are all dying  Death is an inevitable fact of life. We wi… results=100 vec_w=0.90 fts_w=0.10
slow query: 115.0ms query=This is not the role of the criminal law  Criminal legislati… results=100 vec_w=0.90 fts_w=0.10
slow query: 214.9ms query=Head of state immunity  Traditionally, heads of state have h… results=100 vec_w=0.90 fts_w=0.10
slow query: 264.9ms query=A delay is necessary for national security  Kenya is at risk… results=100 vec_w=0.90 fts_w=0.10
slow query: 147.1ms query=Interferes with a democratic mandate  Unlike many of the oth… results=100 vec_w=0.90 fts_w=0.10
slow query: 245.5ms query=Kenya needs the trial now  Without justice, there cannot be … results=100 vec_w=0.90 fts_w=0.10
slow query: 236.3ms query=Just hold the trial by videolink  It has already been agreed… results=100 vec_w=0.90 fts_w=0.10
slow query: 231.1ms query=Kenya would be better off without them  Kenya does not need … results=100 vec_w=0.90 fts_w=0.10
slow query: 165.6ms query=Criminal defendants don’t get to pick and choose trial dates… results=100 vec_w=0.90 fts_w=0.10
slow query: 1313.7ms query=Coca production can be justified on cultural grounds  Coca c… results=100 vec_w=0.90 fts_w=0.10
slow query: 733.0ms query=Coca chewing is not equivalent to the consumption of hard dr… results=100 vec_w=0.90 fts_w=0.10
slow query: 1348.4ms query=Legal coca cultivation would enhance economic growth in deve… results=100 vec_w=0.90 fts_w=0.10
slow query: 738.4ms query=Legalising coca production would undemine the wider war on t… results=100 vec_w=0.90 fts_w=0.10
slow query: 320.3ms query=Coca chewing is harmful and should be proscribed  The origin… results=100 vec_w=0.90 fts_w=0.10
slow query: 887.1ms query=Unrestricted Coca production would increase the availability… results=100 vec_w=0.90 fts_w=0.10
slow query: 970.2ms query=Juries need to have all the information possible in order to… results=100 vec_w=0.90 fts_w=0.10
slow query: 201.8ms query=Occasional disclosure of convictions leads to an inconsisten… results=100 vec_w=0.90 fts_w=0.10
slow query: 2005.5ms query=The current system is unfairly weighted in favour of crimina… results=100 vec_w=0.90 fts_w=0.10
slow query: 479.2ms query=Jurors are already aware of information which might ‘bias’ t… results=100 vec_w=0.90 fts_w=0.10
slow query: 395.0ms query=Defendants who are innocent will be protected  This motion c… results=100 vec_w=0.90 fts_w=0.10
slow query: 672.5ms query=We already recognise that we cannot place complete trust in … results=100 vec_w=0.90 fts_w=0.10
slow query: 518.3ms query=Allowing this motion would lead to a miscarriage of justice.… results=100 vec_w=0.90 fts_w=0.10
slow query: 436.2ms query=The disclosure of previous convictions could falsely charact… results=100 vec_w=0.90 fts_w=0.10
slow query: 457.8ms query=The motion completely undermines the assumption of innocence… results=100 vec_w=0.90 fts_w=0.10
slow query: 453.3ms query=Witnesses might be identified and placed in danger  Televisi… results=100 vec_w=0.90 fts_w=0.10
slow query: 371.1ms query=Televising turns justice into entertainment  Broadcasting tr… results=100 vec_w=0.90 fts_w=0.10
slow query: 374.6ms query=Unruly defendants can play up to the cameras  Televising the… results=100 vec_w=0.90 fts_w=0.10
slow query: 621.2ms query=Open justice – crimes with large numbers of victims  The pri… results=100 vec_w=0.90 fts_w=0.10
slow query: 256.9ms query=Broadcasting provides a public record  Unlike many other cri… results=100 vec_w=0.90 fts_w=0.10
slow query: 165.0ms query=ICC does not have same problems as other legal systems  The … results=100 vec_w=0.90 fts_w=0.10
slow query: 448.9ms query=Handguns are uniquely dangerous when compared with other wea… results=100 vec_w=0.90 fts_w=0.10
slow query: 1558.4ms query=Individuals Should Not Have the Right to Bear Arms in DC  Un… results=100 vec_w=0.90 fts_w=0.10
slow query: 905.6ms query=A handgun ban reduces crime and deaths  Aside from the fact … results=100 vec_w=0.90 fts_w=0.10
slow query: 1818.9ms query=Handguns are Required For Symbolic Reasons As A Defence Agai… results=100 vec_w=0.90 fts_w=0.10
slow query: 1401.8ms query=The DC Handgun ban is inconsistent with other legislation in… results=100 vec_w=0.90 fts_w=0.10
slow query: 1297.8ms query=Hand Guns Are Required For Self Defence.  Under the status q… results=100 vec_w=0.90 fts_w=0.10
slow query: 1858.4ms query=Democracies have an obligation to shield these people and to… results=100 vec_w=0.90 fts_w=0.10
slow query: 781.2ms query=These people are under serious threat for their pursuit of j… results=100 vec_w=0.90 fts_w=0.10
slow query: 1366.0ms query=This offer of amnesty serves as a powerful public statement … results=100 vec_w=0.90 fts_w=0.10
slow query: 1652.0ms query=The liberal democratic paradigm is not the only legitimate m… results=100 vec_w=0.90 fts_w=0.10
slow query: 980.9ms query=Democracies should be wary of meddling in the internal affai… results=100 vec_w=0.90 fts_w=0.10
slow query: 1294.6ms query=The offer of amnesty allows home governments to discredit bl… results=100 vec_w=0.90 fts_w=0.10
slow query: 1061.7ms query=An amnesty policy will serve only to alienate regimes, shutt… results=100 vec_w=0.90 fts_w=0.10
slow query: 1232.8ms query=The Settlements commit future Israeli governments to a harde… results=100 vec_w=0.90 fts_w=0.10
slow query: 908.2ms query=The Settlements are illegal, and demonstrate the impotence o… results=100 vec_w=0.90 fts_w=0.10
slow query: 829.3ms query=The Settlements are seen by Palestinians as a sign of bad fa… results=100 vec_w=0.90 fts_w=0.10
slow query: 903.9ms query=Settlements remove Palestinians from their own land, and the… results=100 vec_w=0.90 fts_w=0.10
slow query: 451.3ms query=Settlements provide economic investment in the Occupied Terr… results=100 vec_w=0.90 fts_w=0.10
slow query: 556.7ms query=There is nothing legal or sacred about the West Bank’s borde… results=100 vec_w=0.90 fts_w=0.10
slow query: 1281.7ms query=The Palestinians were full participants in the 1948 War agai… results=100 vec_w=0.90 fts_w=0.10
slow query: 1053.1ms query=The Settlements are justified based on the expulsion of Jews… results=100 vec_w=0.90 fts_w=0.10
slow query: 922.9ms query=An ICC enforcement arm would be quicker  If international cr… results=100 vec_w=0.90 fts_w=0.10
slow query: 897.4ms query=An ICC enforcement is a necessity if there is to be internat… results=100 vec_w=0.90 fts_w=0.10
slow query: 587.6ms query=An ICC Enforcement arm would bring in a higher proportion of… results=100 vec_w=0.90 fts_w=0.10
slow query: 950.9ms query=An ICC enforcement arm would make the ICC more credible as a… results=100 vec_w=0.90 fts_w=0.10
slow query: 190.1ms query=An ICC enforcement arm would be unduly expensive  In a clima… results=100 vec_w=0.90 fts_w=0.10
slow query: 586.1ms query=ICC enforcement would create resentment  There are good reas… results=100 vec_w=0.90 fts_w=0.10
slow query: 656.6ms query=An ICC enforcement arm would be highly detrimental to the re… results=100 vec_w=0.90 fts_w=0.10
slow query: 206.6ms query=An ICC enforcement arm is unnecessary  To create an enforcem… results=100 vec_w=0.90 fts_w=0.10
slow query: 300.5ms query=Needle exchanges protect the public  Needle exchanges allow … results=100 vec_w=0.90 fts_w=0.10
slow query: 1258.0ms query=Needle exchanges prevent the transmission of disease  A need… results=100 vec_w=0.90 fts_w=0.10
slow query: 502.2ms query=Needle exchanges can help social services to locate addicts … results=100 vec_w=0.90 fts_w=0.10
slow query: 561.7ms query=Needle exchanges will increase the incidence of drug use  Be… results=100 vec_w=0.90 fts_w=0.10
slow query: 406.5ms query=Needle exchanges cause crime  Needle exchanges gather a larg… results=100 vec_w=0.90 fts_w=0.10
slow query: 359.6ms query=Creating needle exchange may normalise drug-taking behaviour… results=100 vec_w=0.90 fts_w=0.10
slow query: 404.4ms query=The rich are now also deterred  Another purpose of fines is … results=100 vec_w=0.90 fts_w=0.10
slow query: 315.4ms query=Rich and poor now face equality of impact of punishment  The… results=100 vec_w=0.90 fts_w=0.10
slow query: 2325.8ms query=Creates the perception that the rich are not immune to the c… results=100 vec_w=0.90 fts_w=0.10
slow query: 612.6ms query=The rich will resent this  The rich will feel like they are … results=100 vec_w=0.90 fts_w=0.10
slow query: 334.6ms query=Creates the perception that fines are like taxes, rather tha… results=100 vec_w=0.90 fts_w=0.10
slow query: 418.7ms query=A flat rate is more just  A fine ought to be proportionate t… results=100 vec_w=0.90 fts_w=0.10
slow query: 334.4ms query=Terrorist organisations such as Al Qaida do not respect the … results=100 vec_w=0.90 fts_w=0.10
slow query: 252.3ms query=In the event of an imminent attack it is only reasonable to … results=100 vec_w=0.90 fts_w=0.10
slow query: 326.2ms query=Time is of the essence in a crisis. When confronted with ext… results=100 vec_w=0.90 fts_w=0.10
slow query: 700.3ms query=Introducing the use of violence into the justice system mean… results=100 vec_w=0.90 fts_w=0.10
slow query: 383.3ms query=If legal principles are abandoned then there is little point… results=100 vec_w=0.90 fts_w=0.10
slow query: 360.1ms query=Allowing torture under any circumstances will allow the pros… results=100 vec_w=0.90 fts_w=0.10
slow query: 566.5ms query=Video footage of a court case would provide valuable informa… results=100 vec_w=0.90 fts_w=0.10
slow query: 616.8ms query=People should have a right of access to justice.  Given that… results=100 vec_w=0.90 fts_w=0.10
slow query: 189.4ms query=Cameras encourage efficiency and high standards.  Placing ca… results=100 vec_w=0.90 fts_w=0.10
slow query: 640.6ms query=Invoking public reaction can damage the lives of those conce… results=100 vec_w=0.90 fts_w=0.10
slow query: 848.3ms query=Witnesses and jurors could easily become involved in the med… results=100 vec_w=0.90 fts_w=0.10
slow query: 1371.9ms query=Televising court cases undermines the right to privacy for t… results=100 vec_w=0.90 fts_w=0.10
slow query: 627.9ms query=This turns court cases into entertainment, rather than legit… results=100 vec_w=0.90 fts_w=0.10
slow query: 372.7ms query=The character of every act depends upon the circumstances in… results=100 vec_w=0.90 fts_w=0.10
slow query: 257.9ms query=It may be necessary in the interests of national security  T… results=100 vec_w=0.90 fts_w=0.10
slow query: 224.2ms query=Holocaust Denial  Speech acts lead to physical acts. Thus po… results=100 vec_w=0.90 fts_w=0.10
slow query: 173.4ms query=Individual Liberty outweighs any potential harms  Whatever t… results=100 vec_w=0.90 fts_w=0.10
slow query: 271.1ms query=Free speech allows challenges to orthodox beliefs  Free spee… results=100 vec_w=0.90 fts_w=0.10
slow query: 199.4ms query=Prohibition does not work; instead, it glamorizes drugs  Tho… results=100 vec_w=0.90 fts_w=0.10
slow query: 160.2ms query=The law is hypocritical  In most countries where drugs are i… results=100 vec_w=0.90 fts_w=0.10
slow query: 323.5ms query=Drugs currently fund terrorism and regional instability  The… results=100 vec_w=0.90 fts_w=0.10
slow query: 204.7ms query=People should be free to take drugs  Individuals are soverei… results=100 vec_w=0.90 fts_w=0.10
slow query: 119.6ms query=Legal drugs would increase tax revenue  In 2009-2010, the ta… results=100 vec_w=0.90 fts_w=0.10
slow query: 138.8ms query=Drugs are safer when legal  Currently in the UK, purity of i… results=100 vec_w=0.90 fts_w=0.10
slow query: 167.6ms query=Legalisation reduces crime  The illegality of drugs fuels a … results=100 vec_w=0.90 fts_w=0.10
slow query: 357.4ms query=More people will take drugs if they are legal  Considering t… results=100 vec_w=0.90 fts_w=0.10
slow query: 384.2ms query=Drugs are dangerous, and the governement should discourage i… results=100 vec_w=0.90 fts_w=0.10
slow query: 827.0ms query=Rehabilitation Has Greater Regard For the Offender  Rehabili… results=100 vec_w=0.90 fts_w=0.10
slow query: 1061.6ms query=Rehabilitation Is A Better General Justifying Aim for Punish… results=100 vec_w=0.90 fts_w=0.10
slow query: 349.3ms query=Rehabilitation Doesn’t Actually Work  While some rehabilitat… results=100 vec_w=0.90 fts_w=0.10
slow query: 574.2ms query=Rehabilitation Constitutes an Unjustifiable Further Expense … results=100 vec_w=0.90 fts_w=0.10
slow query: 1206.2ms query=How Would One Know a System of Rehabilitation Is Really Work… results=100 vec_w=0.90 fts_w=0.10
slow query: 1032.6ms query=Rehabilitation Does Not Serve The Needs of Society  The prim… results=100 vec_w=0.90 fts_w=0.10
slow query: 274.3ms query=It blocks a significant amount of evidence  A system of just… results=100 vec_w=0.90 fts_w=0.10
slow query: 587.8ms query=Attorney client privilege need not be sacrosanct in all situ… results=100 vec_w=0.90 fts_w=0.10
slow query: 493.0ms query=It makes it more likely that attorneys will lie for their cl… results=100 vec_w=0.90 fts_w=0.10
slow query: 206.9ms query=It places excessive moral burden on solicitors  With the att… results=100 vec_w=0.90 fts_w=0.10
slow query: 297.8ms query=The principle behind attorney-client privilege is declining … results=100 vec_w=0.90 fts_w=0.10
slow query: 256.0ms query=It better enables Attorneys to advance their client's case  … results=100 vec_w=0.90 fts_w=0.10
slow query: 310.5ms query=Client-Attorney Privilege is already qualified appropriately… results=100 vec_w=0.90 fts_w=0.10
slow query: 200.5ms query=It supports the principle that everyone is entitled to a def… results=100 vec_w=0.90 fts_w=0.10
slow query: 444.1ms query=The ICC offers justice to victims of war crimes.  The ICC of… results=100 vec_w=0.90 fts_w=0.10
slow query: 1262.0ms query=The ICC allows for the prosecution of war criminals.  Law-ab… results=100 vec_w=0.90 fts_w=0.10
slow query: 708.5ms query=The deterrent effect of the Court ensures wide-spread and eq… results=100 vec_w=0.90 fts_w=0.10
slow query: 320.7ms query=It may be in the best interests of victims and their state f… results=100 vec_w=0.90 fts_w=0.10
slow query: 371.8ms query=The ICC fails to prevent atrocities.  The ICC will not deter… results=100 vec_w=0.90 fts_w=0.10
slow query: 548.0ms query=The novel crime of aggression leads to the prosecution of th… results=100 vec_w=0.90 fts_w=0.10
slow query: 641.0ms query=The ICC has too much authority.  The ICC will lead to politi… results=100 vec_w=0.90 fts_w=0.10
slow query: 997.0ms query=The ICC generates crippling expenses.  Cautious estimates su… results=100 vec_w=0.90 fts_w=0.10
slow query: 860.8ms query=A bargaining chip  In much the same way that material invest… results=100 vec_w=0.90 fts_w=0.10
slow query: 1358.2ms query=The academic tradition of the West  The growth of universiti… results=100 vec_w=0.90 fts_w=0.10
slow query: 691.7ms query=Maintaining the value of the degree  Employers and others ex… results=100 vec_w=0.90 fts_w=0.10
slow query: 1349.3ms query=‘Separation of town and gown’  There are two parties involve… results=100 vec_w=0.90 fts_w=0.10
slow query: 575.9ms query=Universities should exchange ideas not impose them  Of all p… results=100 vec_w=0.90 fts_w=0.10
slow query: 1590.9ms query=Argument One: Contact leads to the dissemination of values  … results=100 vec_w=0.90 fts_w=0.10
slow query: 546.8ms query=Online courses broadens access to education  Online courses … results=100 vec_w=0.90 fts_w=0.10
slow query: 284.4ms query=Online courses encourage sharing of academic information  On… results=100 vec_w=0.90 fts_w=0.10
slow query: 346.2ms query=Online courses are more convenient for students than traditi… results=100 vec_w=0.90 fts_w=0.10
slow query: 294.5ms query=Online courses are a way to higher academic excellence  Relo… results=100 vec_w=0.90 fts_w=0.10
slow query: 376.1ms query=Online courses would allow universities to use more resource… results=100 vec_w=0.90 fts_w=0.10
slow query: 454.6ms query=Online courses make it impossible to ensure academic honesty… results=100 vec_w=0.90 fts_w=0.10
slow query: 183.8ms query=Traditional universities are a rite of passage to independen… results=100 vec_w=0.90 fts_w=0.10
slow query: 261.0ms query=Online courses undermine society life of the university  Uni… results=100 vec_w=0.90 fts_w=0.10
slow query: 285.7ms query=Online courses undermine live communication with professors … results=100 vec_w=0.90 fts_w=0.10
slow query: 343.6ms query=Financial model of online courses is unsustainable  At the m… results=100 vec_w=0.90 fts_w=0.10
slow query: 236.3ms query=The state benefits from the skills of a university educated … results=100 vec_w=0.90 fts_w=0.10
slow query: 411.5ms query=Individuals have a right to the experience of higher educati… results=100 vec_w=0.90 fts_w=0.10
slow query: 204.1ms query=Individuals have a right to equal opportunities that free un… results=100 vec_w=0.90 fts_w=0.10
slow query: 419.9ms query=The burden of fees and loans are too great to expect young p… results=100 vec_w=0.90 fts_w=0.10
slow query: 412.0ms query=Maintaining a system of free university education leads to a… results=100 vec_w=0.90 fts_w=0.10
slow query: 278.3ms query=State control of acceptance/curriculum criteria has negative… results=100 vec_w=0.90 fts_w=0.10
slow query: 341.1ms query=Free university education unjustly benefits one subset of so… results=100 vec_w=0.90 fts_w=0.10
slow query: 498.8ms query=The quality of education suffers when university education i… results=100 vec_w=0.90 fts_w=0.10
slow query: 590.6ms query=The cost to the state is far too great to sustain universal … results=100 vec_w=0.90 fts_w=0.10
slow query: 605.5ms query=Affirmative action removes the cyclical disadvantages of dis… results=100 vec_w=0.90 fts_w=0.10
slow query: 629.0ms query=There is a moral obligation to provide affirmative action pr… results=100 vec_w=0.90 fts_w=0.10
slow query: 329.7ms query=Affirmative action reduces social prejudice  Past discrimina… results=100 vec_w=0.90 fts_w=0.10
slow query: 555.1ms query=Affirmative action creates bad workplaces for all minorities… results=100 vec_w=0.90 fts_w=0.10
slow query: 440.0ms query=Affirmative action perpetuates prejudice  Affirmative action… results=100 vec_w=0.90 fts_w=0.10
slow query: 763.1ms query=Meritocracy is the only fair system by which society should … results=100 vec_w=0.90 fts_w=0.10
slow query: 379.8ms query=A graduate tax would make university funding more sustainabl… results=100 vec_w=0.90 fts_w=0.10
slow query: 317.0ms query=Delivering funding via a graduate tax is the best way to enc… results=100 vec_w=0.90 fts_w=0.10
slow query: 389.8ms query=A graduate tax would make access to higher education fairer … results=100 vec_w=0.90 fts_w=0.10
slow query: 515.5ms query=Alternative- and more efficient- methods of funding universi… results=100 vec_w=0.90 fts_w=0.10
slow query: 186.9ms query=Graduates may move abroad to avoid tax payments  As taxes ar… results=100 vec_w=0.90 fts_w=0.10
slow query: 382.3ms query=A graduate tax would reduce teh autonomy of universities  If… results=100 vec_w=0.90 fts_w=0.10
slow query: 528.6ms query=Setting up a graduate tax system would be damagingly expensi… results=100 vec_w=0.90 fts_w=0.10
slow query: 959.9ms query=Scientific opinion often changes; evolution may be accepted … results=100 vec_w=0.90 fts_w=0.10
slow query: 981.5ms query=Communities should have a say in what is taught in schools, … results=100 vec_w=0.90 fts_w=0.10
slow query: 414.4ms query=There is a very real controversy regarding the origin and de… results=100 vec_w=0.90 fts_w=0.10
slow query: 732.0ms query=Much of the complexity of life cannot be explained by evolut… results=100 vec_w=0.90 fts_w=0.10
slow query: 1250.3ms query=Creationism is as valid a scientific theory as those of evol… results=100 vec_w=0.90 fts_w=0.10
slow query: 1171.2ms query=Education should be about truth and facts, not dogma and fai… results=100 vec_w=0.90 fts_w=0.10
slow query: 709.1ms query=Creationism is a religious, not a scientific, explanation of… results=100 vec_w=0.90 fts_w=0.10
slow query: 1663.4ms query=There is no empirical evidence supporting Creationism, where… results=100 vec_w=0.90 fts_w=0.10
slow query: 1493.0ms query=The scientific community as a whole overwhelmingly rejects C… results=100 vec_w=0.90 fts_w=0.10
slow query: 184.8ms query=Equality of opportunity between richer and poorer children  … results=100 vec_w=0.90 fts_w=0.10
slow query: 237.8ms query=Increasing parents' freedom of choice  Different parents hav… results=100 vec_w=0.90 fts_w=0.10
slow query: 365.6ms query=Only well-off families will benefit from increased freedom o… results=100 vec_w=0.90 fts_w=0.10
slow query: 374.2ms query=The state retain control of schools - freedom, in this conte… results=100 vec_w=0.90 fts_w=0.10
slow query: 209.6ms query=The most vulnerable children would be left behind by the sch… results=100 vec_w=0.90 fts_w=0.10
slow query: 641.7ms query=Most universities are publically funded so should have to be… results=100 vec_w=0.90 fts_w=0.10
slow query: 438.0ms query=Opens up education  Higher education, as with other levels o… results=100 vec_w=0.90 fts_w=0.10
slow query: 394.7ms query=Openness benefits research and the economy  Open access can … results=100 vec_w=0.90 fts_w=0.10
slow query: 606.0ms query=Students would be able to benefit from being able to use res… results=100 vec_w=0.90 fts_w=0.10
slow query: 457.5ms query=Making everything free to access will damage universities ab… results=100 vec_w=0.90 fts_w=0.10
slow query: 588.2ms query=Who will write and edit the work?  You can’t take the end re… results=100 vec_w=0.90 fts_w=0.10
slow query: 327.0ms query=Less incentive to study at university  If everything that Un… results=100 vec_w=0.90 fts_w=0.10
slow query: 486.7ms query=Universities deserve to profit from their work  Universities… results=100 vec_w=0.90 fts_w=0.10
slow query: 191.1ms query=Standardized Tests are skewed in favour of the wealthy  Stan… results=100 vec_w=0.90 fts_w=0.10
slow query: 175.1ms query=Standardized tests result in teachers “teaching the test”  T… results=100 vec_w=0.90 fts_w=0.10
slow query: 392.8ms query=Standardized tests are arbitrary  Standardized tests are inh… results=100 vec_w=0.90 fts_w=0.10
slow query: 312.5ms query=Standardized tests discriminate against minorities  Minority… results=100 vec_w=0.90 fts_w=0.10
slow query: 262.8ms query=Standardized tests exaggerate small differences in performan… results=100 vec_w=0.90 fts_w=0.10
slow query: 388.7ms query=Alternative factors that can be considered in the admissions… results=100 vec_w=0.90 fts_w=0.10
slow query: 244.5ms query=It is the only single standard that everyone ends up taking … results=100 vec_w=0.90 fts_w=0.10
slow query: 1062.6ms query=School's duty of care  Peer pressure drives most drug use am… results=100 vec_w=0.90 fts_w=0.10
slow query: 1042.0ms query=Prevent drug use  There is a clear and present problem with … results=100 vec_w=0.90 fts_w=0.10
slow query: 249.0ms query=No harm to non-drug users  Random drug tests will pose no ha… results=100 vec_w=0.90 fts_w=0.10
slow query: 756.4ms query=Keeping teenagers in education  Studies in Michigan in the U… results=100 vec_w=0.90 fts_w=0.10
slow query: 346.8ms query=Safeguarding the teacher-student relationship  Random drug t… results=100 vec_w=0.90 fts_w=0.10
slow query: 1025.7ms query=Right to privacy  Even if a right to privacy (which would pr… results=100 vec_w=0.90 fts_w=0.10
slow query: 105.3ms query=Schools are best places to ensure good nutrition  Education … results=100 vec_w=0.90 fts_w=0.10
slow query: 123.7ms query=A school breakfast gives all students an equal start to the … results=100 vec_w=0.90 fts_w=0.10
slow query: 213.9ms query=A healthy breakfast improves students concentration  Childre… results=100 vec_w=0.90 fts_w=0.10
slow query: 166.0ms query=Government should focus on the most needy  A primary respons… results=100 vec_w=0.90 fts_w=0.10
slow query: 364.2ms query=Can we be sure a school meal will be healthy?  Even if the s… results=100 vec_w=0.90 fts_w=0.10
slow query: 210.0ms query=A school breakfast for all is a greater cost on schools  Eve… results=100 vec_w=0.90 fts_w=0.10
slow query: 110.9ms query=Nutrition is the parents responsibility  Parents are respons… results=100 vec_w=0.90 fts_w=0.10
slow query: 694.4ms query=Cluster Bombs Are Inconsistent With International Law  The i… results=100 vec_w=0.90 fts_w=0.10
slow query: 664.1ms query=Cluster Bombs Cause Unacceptable Harm to Civilians  In a mod… results=100 vec_w=0.90 fts_w=0.10
slow query: 663.5ms query=Rejecting the Ban on Cluster Bombs Hurts the international i… results=100 vec_w=0.90 fts_w=0.10
slow query: 895.7ms query=The Ban is Unfeasible  The problem with the ban on cluster b… results=100 vec_w=0.90 fts_w=0.10
slow query: 523.7ms query=This House Believes That the U.S. Should Ban The Use of Clus… results=100 vec_w=0.90 fts_w=0.10
slow query: 247.9ms query=Cluster Bombs Have Significant Strategic Value  As mentioned… results=100 vec_w=0.90 fts_w=0.10
slow query: 205.0ms query=A strong leader has more benefits than harms  Putin is the s… results=100 vec_w=0.90 fts_w=0.10
slow query: 402.3ms query=Stability is more important than reform  Since the fall of c… results=100 vec_w=0.90 fts_w=0.10
slow query: 222.2ms query=A strong leader is working in the state’s best interest  Put… results=100 vec_w=0.90 fts_w=0.10
slow query: 289.0ms query=Russia as a state and Russians as a nation need strong leade… results=100 vec_w=0.90 fts_w=0.10
slow query: 1425.6ms query=Russia does not have true democracy  The status quo in Russi… results=100 vec_w=0.90 fts_w=0.10
slow query: 245.5ms query=Corruption, an essential issue in Russia, is due to the stro… results=100 vec_w=0.90 fts_w=0.10
slow query: 1119.9ms query=The status quo reveals that several powerful and influential… results=100 vec_w=0.90 fts_w=0.10
slow query: 301.0ms query=Proper democratic checks and balance are the only way to rea… results=100 vec_w=0.90 fts_w=0.10
slow query: 168.4ms query=Britain will have greater ability to respond quickly  Whatev… results=100 vec_w=0.90 fts_w=0.10
slow query: 248.4ms query=The UK would have a completely independent foreign policy  B… results=100 vec_w=0.90 fts_w=0.10
slow query: 552.0ms query=EU economic preference will no longer bind Britain  As a cus… results=100 vec_w=0.90 fts_w=0.10
slow query: 233.4ms query=UK will be disentangled from EU affairs  Leaving the EU woul… results=100 vec_w=0.90 fts_w=0.10
slow query: 367.1ms query=Power is shifting to the East  Geography has a great influen… results=100 vec_w=0.90 fts_w=0.10
slow query: 661.7ms query=Leaving the EU will mean the UK will have less regional infl… results=100 vec_w=0.90 fts_w=0.10
slow query: 879.4ms query=The EU is a force multiplier  The UK gets more bang for the … results=100 vec_w=0.90 fts_w=0.10
slow query: 274.2ms query=The UK needs to be part of a block to remain relevant  Histo… results=100 vec_w=0.90 fts_w=0.10
slow query: 572.6ms query=The present system of earmarking in Congress is wide open to… results=100 vec_w=0.90 fts_w=0.10
slow query: 3689.2ms query=The constitution should not be amended  We should always be … results=100 vec_w=0.90 fts_w=0.10
slow query: 326.4ms query=Has made little difference in the past  The precedent of the… results=100 vec_w=0.90 fts_w=0.10
slow query: 389.1ms query=A President would be able to abuse the power given to them i… results=100 vec_w=0.90 fts_w=0.10
slow query: 1245.7ms query=Nuclear weapons give states valuable agenda-setting power on… results=100 vec_w=0.90 fts_w=0.10
slow query: 438.1ms query=Public acknowledgement of the right to nuclear deterrence wi… results=100 vec_w=0.90 fts_w=0.10
slow query: 1790.1ms query=All countries have a right to defend themselves with nuclear… results=100 vec_w=0.90 fts_w=0.10
slow query: 1256.7ms query=Nuclear weapons give states valuable agenda-setting power on… results=100 vec_w=0.90 fts_w=0.10
slow query: 709.0ms query=Nuclear weapons serve to defuse international conflicts and … results=100 vec_w=0.90 fts_w=0.10
slow query: 927.6ms query=The threat of nuclear weapons falling into the hands of rogu… results=100 vec_w=0.90 fts_w=0.10
slow query: 1153.1ms query=The threat of a state developing nuclear weapons could insti… results=100 vec_w=0.90 fts_w=0.10
slow query: 633.2ms query=Possessing nuclear weapons will be counter to the peaceful i… results=100 vec_w=0.90 fts_w=0.10
slow query: 487.2ms query=Humanitarian intervention becomes impossible in states that … results=100 vec_w=0.90 fts_w=0.10
slow query: 2713.9ms query=The right of self-defence must be exercised in accordance wi… results=100 vec_w=0.90 fts_w=0.10
slow query: 554.4ms query=The people are interested in the health of their leader  The… results=100 vec_w=0.90 fts_w=0.10
slow query: 161.5ms query=The head of state/government must be accountable to the peop… results=100 vec_w=0.90 fts_w=0.10
slow query: 407.7ms query=Transparency allows citizens to choose for a healthy leader … results=100 vec_w=0.90 fts_w=0.10
slow query: 355.5ms query=A lack of transparency can endanger the leader  A person is … results=100 vec_w=0.90 fts_w=0.10
slow query: 491.6ms query=Rivals could misuse the opportunity  While the leader suffer… results=100 vec_w=0.90 fts_w=0.10
slow query: 331.5ms query=Damages diplomacy to be too open  Diplomacy can be very pers… results=100 vec_w=0.90 fts_w=0.10
slow query: 710.9ms query=Markets like stability  Business and the markets prize polit… results=100 vec_w=0.90 fts_w=0.10
slow query: 571.8ms query=Denial of privacy to the leaders  The leaders of states dese… results=100 vec_w=0.90 fts_w=0.10
slow query: 845.4ms query=Constitutional imperative  The Constitution of the United St… results=100 vec_w=0.90 fts_w=0.10
slow query: 428.2ms query=Checks and balances  By having both parties in charge of dif… results=100 vec_w=0.90 fts_w=0.10
slow query: 518.3ms query=How Congress Works  Congress is a bicameral body, with its c… results=100 vec_w=0.90 fts_w=0.10
slow query: 575.1ms query=Effect on the structure of the main political parties  Divid… results=100 vec_w=0.90 fts_w=0.10
slow query: 475.4ms query=Existing checks and balances  Proposition have made out so f… results=100 vec_w=0.90 fts_w=0.10
slow query: 512.0ms query=Parties as coalitions  The two political parties are ideolog… results=100 vec_w=0.90 fts_w=0.10
slow query: 652.4ms query=Growing partisanship  The current political climate makes di… results=100 vec_w=0.90 fts_w=0.10
slow query: 552.6ms query=Effect on democratic participation  Divided Government under… results=100 vec_w=0.90 fts_w=0.10
slow query: 529.1ms query=Providing attention simply encourages the regime  North Kore… results=100 vec_w=0.90 fts_w=0.10
slow query: 645.5ms query=South Korea can handle the situation itself  The two Koreas … results=100 vec_w=0.90 fts_w=0.10
slow query: 987.9ms query=Rounds of sanctions and engagement does not bring a solution… results=100 vec_w=0.90 fts_w=0.10
slow query: 1223.1ms query=North Korea is an unresolved conflict it can’t simply be ign… results=100 vec_w=0.90 fts_w=0.10
slow query: 672.4ms query=Ignoring North Korea wont resolve the situation  While the g… results=100 vec_w=0.90 fts_w=0.10
slow query: 470.5ms query=North Korea is an irrational regime that is a strategic thre… results=100 vec_w=0.90 fts_w=0.10
slow query: 700.4ms query=This is an unjust use of unelected power  Politicians want e… results=100 vec_w=0.90 fts_w=0.10
slow query: 1357.9ms query=Personality politics is harmful to the democratic process  C… results=100 vec_w=0.90 fts_w=0.10
slow query: 1048.6ms query=People will have less information about politicians’ manifes… results=100 vec_w=0.90 fts_w=0.10
slow query: 443.3ms query=Celebrity involvement counters financial power to the benefi… results=100 vec_w=0.90 fts_w=0.10
slow query: 506.8ms query=Celebrity involvement can highlight minority interests  Ther… results=100 vec_w=0.90 fts_w=0.10
slow query: 898.6ms query=Celebrity involvement can act as a ‘gateway’ to get more peo… results=100 vec_w=0.90 fts_w=0.10
slow query: 556.0ms query=Britain may not like losing the Queen's head on banknotes bu… results=100 vec_w=0.90 fts_w=0.10
slow query: 403.0ms query=Britain will lose economically if she stays out of the Euro … results=100 vec_w=0.90 fts_w=0.10
slow query: 226.7ms query=Amid all the Euroscepticism (sic) and xenophobic scaremonger… results=100 vec_w=0.90 fts_w=0.10
slow query: 302.6ms query=Joining the Euro would reduce the cost of travel in Europe. … results=100 vec_w=0.90 fts_w=0.10
slow query: 507.5ms query=In joining the single currency, Britain would have to surren… results=100 vec_w=0.90 fts_w=0.10
slow query: 894.3ms query=Losing the Queen's head on banknotes is NOT a minor issue, i… results=100 vec_w=0.90 fts_w=0.10
slow query: 434.3ms query=For Britain to join the single currency is simply unthinkabl… results=100 vec_w=0.90 fts_w=0.10
slow query: 1412.4ms query=Defaulting would be the quickest route to economic recovery … results=100 vec_w=0.90 fts_w=0.10
slow query: 1355.4ms query=The current austerity measures are not working  The Austerit… results=100 vec_w=0.90 fts_w=0.10
slow query: 416.9ms query=A Greek default would increase stability for the rest of the… results=100 vec_w=0.90 fts_w=0.10
slow query: 690.5ms query=Defaulting would not solve Greece’s problems  The propositio… results=100 vec_w=0.90 fts_w=0.10
slow query: 755.6ms query=Leaving the Eurozone would be detrimental for Greece in the … results=100 vec_w=0.90 fts_w=0.10
slow query: 548.1ms query=A Greek default would have a negative domino-effect on other… results=100 vec_w=0.90 fts_w=0.10
slow query: 1005.7ms query=Defaulting would cause chaos in Greece  There is no good sol… results=100 vec_w=0.90 fts_w=0.10
slow query: 503.2ms query=Compulsory voting broadens representation of disadvantaged g… results=100 vec_w=0.90 fts_w=0.10
slow query: 621.8ms query=It will reduce the power of special interest groups  A benef… results=100 vec_w=0.90 fts_w=0.10
slow query: 246.2ms query=Voting is a civic duty  Other civic duties also exist “which… results=100 vec_w=0.90 fts_w=0.10
slow query: 386.8ms query=It will cause more people to become interested in politics  … results=100 vec_w=0.90 fts_w=0.10
slow query: 342.0ms query=Compulsory voting has been implemented successfully.  Austra… results=100 vec_w=0.90 fts_w=0.10
slow query: 692.8ms query=Policing and financing the system is unmanageable  If a larg… results=100 vec_w=0.90 fts_w=0.10
slow query: 288.9ms query=There are alternatives that tackle the real causes of voter … results=100 vec_w=0.90 fts_w=0.10
slow query: 840.0ms query=Persuasion is more effective than coercion  Forcing people i… results=100 vec_w=0.90 fts_w=0.10
slow query: 495.7ms query=Aid can ensure better treatment of migrants  Migrants in dev… results=100 vec_w=0.90 fts_w=0.10
slow query: 294.3ms query=It is just to redistribute migrants  It is an accident of ge… results=100 vec_w=0.90 fts_w=0.10
slow query: 394.1ms query=Migrants can benefit developing countries  Migrants can brin… results=100 vec_w=0.90 fts_w=0.10
slow query: 617.7ms query=Large influxes of migrants will create conflict in unprepare… results=100 vec_w=0.90 fts_w=0.10
slow query: 363.3ms query=Migrants will simply return to the countries they have been … results=100 vec_w=0.90 fts_w=0.10
slow query: 448.1ms query=Developed countries have a greater responsibility to take in… results=100 vec_w=0.90 fts_w=0.10
slow query: 1208.8ms query=Collective bargaining leades to pay crises in the public sec… results=100 vec_w=0.90 fts_w=0.10
slow query: 1974.1ms query=Collective bargaining is not a right  Whilst the freedom of … results=100 vec_w=0.90 fts_w=0.10
slow query: 578.5ms query=Collective bargaining undermines the democractic process  Th… results=100 vec_w=0.90 fts_w=0.10
slow query: 566.5ms query=Collective bargaining is a counter to the creation of natura… results=100 vec_w=0.90 fts_w=0.10
slow query: 809.0ms query=Collective bargaining has been recognised as an enforcable r… results=100 vec_w=0.90 fts_w=0.10
slow query: 933.8ms query=Collective bargaining is a necessary aspect of democracy  Co… results=100 vec_w=0.90 fts_w=0.10
slow query: 3716.1ms query=The New START treaty will help against Iran’s nuclear progra… results=100 vec_w=0.90 fts_w=0.10
slow query: 3791.7ms query=The New START treaty will make for a safer world.  Reducing … results=100 vec_w=0.90 fts_w=0.10
slow query: 3279.1ms query=The New START treaty maintains US nuclear and missile defenc… results=100 vec_w=0.90 fts_w=0.10
slow query: 2492.5ms query=The New START treaty helps Russia more than the US  Not only… results=100 vec_w=0.90 fts_w=0.10
slow query: 775.4ms query=Problems with Verification.  Verification is vital in any ag… results=100 vec_w=0.90 fts_w=0.10
slow query: 3375.8ms query=The New START treaty sets a bad approach for a changing worl… results=100 vec_w=0.90 fts_w=0.10
slow query: 4227.4ms query=The New START treaty harms US nuclear capabilities  As David… results=100 vec_w=0.90 fts_w=0.10
slow query: 365.6ms query=Religious symbols cause problems in schools.  As well as div… results=100 vec_w=0.90 fts_w=0.10
slow query: 482.9ms query=Western societies are secularly focused  Many societies are … results=100 vec_w=0.90 fts_w=0.10
slow query: 393.4ms query=Many symbols are seen as a symbol of oppression on women.  R… results=100 vec_w=0.90 fts_w=0.10
slow query: 406.4ms query=Religious symbols cause division within Western society.  Re… results=100 vec_w=0.90 fts_w=0.10
slow query: 318.9ms query=A ban would be simple to enforce.  A ban would be simple to … results=100 vec_w=0.90 fts_w=0.10
slow query: 236.6ms query=Religious symbols are personal, therefore, they should not m… results=100 vec_w=0.90 fts_w=0.10
slow query: 279.0ms query=It is their culture and religion.  Religions themselves tend… results=100 vec_w=0.90 fts_w=0.10
slow query: 499.1ms query=If you ban one thing, you have to ban lots of things.  Every… results=100 vec_w=0.90 fts_w=0.10
slow query: 212.4ms query=Banning religious symbols is just a way of unfairly targetin… results=100 vec_w=0.90 fts_w=0.10
slow query: 305.1ms query=PMCs give value for money  Mercenaries are a cost efficient … results=100 vec_w=0.90 fts_w=0.10
slow query: 282.4ms query=PMCs can be made much more legitimate by regulation  Current… results=100 vec_w=0.90 fts_w=0.10
slow query: 347.1ms query=PMCs provide a service that may be otherwise unavailable.  M… results=100 vec_w=0.90 fts_w=0.10
slow query: 116.3ms query=PMCs are a valuable resource  PMCs are a flexible and effici… results=100 vec_w=0.90 fts_w=0.10
slow query: 422.9ms query=PMCs have an equally strong incentive to perform.  PMCs must… results=100 vec_w=0.90 fts_w=0.10
slow query: 173.1ms query=PMCs attract less attention and suspicion and can carry out … results=100 vec_w=0.90 fts_w=0.10
slow query: 316.6ms query=PMCs are untrustworthy  The possibility of mercenaries pulli… results=100 vec_w=0.90 fts_w=0.10
slow query: 279.7ms query=The role of PMCs has had a negative effect on traditional mi… results=100 vec_w=0.90 fts_w=0.10
slow query: 152.3ms query=PMCs violate human rights and International agreements in pu… results=100 vec_w=0.90 fts_w=0.10
slow query: 434.3ms query=PMCs have an interest in conflict.  ncreased reliance on mer… results=100 vec_w=0.90 fts_w=0.10
slow query: 232.5ms query=The legal ownership of guns by ordinary citizens inevitably … results=100 vec_w=0.90 fts_w=0.10
slow query: 205.5ms query=The only function of a gun is to kill  The only function of … results=100 vec_w=0.90 fts_w=0.10
slow query: 160.8ms query=Sports shooting desensitizes people to the lethal nature of … results=100 vec_w=0.90 fts_w=0.10
slow query: 137.9ms query=Gun ownership increases the risk of suicide  There is a corr… results=100 vec_w=0.90 fts_w=0.10
slow query: 416.9ms query=Gun ownership increases national security within democratic … results=100 vec_w=0.90 fts_w=0.10
slow query: 409.8ms query=Effective gun control is not achievable in democratic states… results=100 vec_w=0.90 fts_w=0.10
slow query: 153.8ms query=Gun ownership is an integral aspect of the right to self def… results=100 vec_w=0.90 fts_w=0.10
slow query: 1804.3ms query=Politicians should be able to make difficult decisions witho… results=100 vec_w=0.90 fts_w=0.10
slow query: 194.4ms query=Prosecutions of politicians are often motivated by partisan … results=100 vec_w=0.90 fts_w=0.10
slow query: 795.9ms query=Giving politicians’ immunity from prosecution allows them to… results=100 vec_w=0.90 fts_w=0.10
slow query: 1047.0ms query=In the event of major abuses of power it should be the publi… results=100 vec_w=0.90 fts_w=0.10
slow query: 391.6ms query=Seeing a politician put on trial hurts the integrity of thei… results=100 vec_w=0.90 fts_w=0.10
slow query: 155.5ms query=Politicians who commit crimes are likely unfit to serve.  Th… results=100 vec_w=0.90 fts_w=0.10
slow query: 230.2ms query=Immunity creates a perverse incentive to hang on to their of… results=100 vec_w=0.90 fts_w=0.10
slow query: 218.5ms query=Immunity for politicians hurts the image of their office  Fa… results=100 vec_w=0.90 fts_w=0.10
slow query: 246.7ms query=Immunity for politicians is an unjust double standard  Every… results=100 vec_w=0.90 fts_w=0.10
slow query: 286.8ms query=The ability to prosecute politicians is the ultimate protect… results=100 vec_w=0.90 fts_w=0.10
slow query: 675.1ms query=Quebec has the right to self-determination.  All people have… results=100 vec_w=0.90 fts_w=0.10
slow query: 916.3ms query=Quebec needs to be independent to retain its distinct langua… results=100 vec_w=0.90 fts_w=0.10
slow query: 540.9ms query=International Law Mandates Quebec be allowed Independence  I… results=100 vec_w=0.90 fts_w=0.10
slow query: 500.4ms query=This is not the will of the people of Quebec.  Secession fro… results=100 vec_w=0.90 fts_w=0.10
slow query: 720.4ms query=Quebec would not be able to be economically viable on its ow… results=100 vec_w=0.90 fts_w=0.10
slow query: 720.0ms query=Avoids the costs and uncertainty of elections  It is hard to… results=100 vec_w=0.90 fts_w=0.10
slow query: 637.0ms query=Having no elections is honest  Holding sham elections is fun… results=100 vec_w=0.90 fts_w=0.10
slow query: 344.2ms query=Allows the ruler to make necessary but unpopular decisions  … results=100 vec_w=0.90 fts_w=0.10
slow query: 530.3ms query=Forces the ruler to find another way to placate the people  … results=100 vec_w=0.90 fts_w=0.10
slow query: 867.4ms query=Elections of any sort force rulers to meet their people  Ele… results=100 vec_w=0.90 fts_w=0.10
slow query: 640.3ms query=Sham elections do not mean the elections have no influence o… results=100 vec_w=0.90 fts_w=0.10
slow query: 525.9ms query=Even a sham election demonstrates what the people want  In a… results=100 vec_w=0.90 fts_w=0.10
slow query: 935.0ms query=Some kind of election is more likely to lead to real democra… results=100 vec_w=0.90 fts_w=0.10
slow query: 711.5ms query=Mayors would be more accountable than a council  Electing ma… results=100 vec_w=0.90 fts_w=0.10
slow query: 274.4ms query=Electing a Mayor will revitalise local democracy  An elected… results=100 vec_w=0.90 fts_w=0.10
slow query: 401.4ms query=Elected Mayors would attract the best candidates to run for … results=100 vec_w=0.90 fts_w=0.10
slow query: 402.6ms query=Mayors would raise the profile of the city they represent  E… results=100 vec_w=0.90 fts_w=0.10
slow query: 646.6ms query=Directly elected mayors provide opportunities for populists.… results=100 vec_w=0.90 fts_w=0.10
slow query: 180.4ms query=Mayors could split economic regions  The value of a mayor is… results=100 vec_w=0.90 fts_w=0.10
slow query: 227.1ms query=Mayors will come at a cost  Having Mayors is costly. First o… results=100 vec_w=0.90 fts_w=0.10
slow query: 454.5ms query=Mayors would result in too much centralisation of power.  An… results=100 vec_w=0.90 fts_w=0.10
slow query: 303.7ms query=Imposing democracy can be a way to support individuals unabl… results=100 vec_w=0.90 fts_w=0.10
slow query: 251.9ms query=Interventions can be successful given the right conditions. … results=100 vec_w=0.90 fts_w=0.10
slow query: 261.7ms query=Promoting democracy promotes peace.  By most accounts, there… results=100 vec_w=0.90 fts_w=0.10
slow query: 538.6ms query=Because democracy is the best form of government, it is not … results=100 vec_w=0.90 fts_w=0.10
slow query: 317.0ms query=Unilateral action is burdensome, and dangerous.  POINT  The … results=100 vec_w=0.90 fts_w=0.10
slow query: 531.9ms query=Attempting to impose democracy may escalate conflict.  Inter… results=100 vec_w=0.90 fts_w=0.10
slow query: 308.0ms query=The imposition of democracy violates national sovereignty  C… results=100 vec_w=0.90 fts_w=0.10
slow query: 558.9ms query=The desire for, and fight for, democracy must come from with… results=100 vec_w=0.90 fts_w=0.10
slow query: 293.7ms query=Democracy by its very nature cannot be imposed.  Democratic … results=100 vec_w=0.90 fts_w=0.10
slow query: 408.7ms query=The House of Lords has an inbuilt conservative majority.  Th… results=100 vec_w=0.90 fts_w=0.10
slow query: 203.4ms query=The House of Lords is out of touch with the electorate.  The… results=100 vec_w=0.90 fts_w=0.10
slow query: 351.4ms query=Reform would strengthen the House of Lords  Reform of the Ho… results=100 vec_w=0.90 fts_w=0.10
slow query: 320.0ms query=The current House of Lords is undemocratic  The House of Lor… results=100 vec_w=0.90 fts_w=0.10
slow query: 417.4ms query=Reform would make the House of Lords simply a mirror of the … results=100 vec_w=0.90 fts_w=0.10
slow query: 369.4ms query=The public is apathetic to reform.  Whether or not reform of… results=100 vec_w=0.90 fts_w=0.10
slow query: 1017.0ms query=Democracy should not be the end-point aspiration of governme… results=100 vec_w=0.90 fts_w=0.10
slow query: 175.1ms query=The House of Lords allows a number of experts to influence g… results=100 vec_w=0.90 fts_w=0.10
slow query: 700.8ms query=Citizens have a right to know what is done in their name  Th… results=100 vec_w=0.90 fts_w=0.10
slow query: 887.9ms query=Transparency prevents public relations disasters  Transparen… results=100 vec_w=0.90 fts_w=0.10
slow query: 1087.1ms query=Transparency is a good in and of itself  The most essential … results=100 vec_w=0.90 fts_w=0.10
slow query: 544.4ms query=Transparency helps reduce international tension  Transparenc… results=100 vec_w=0.90 fts_w=0.10
slow query: 423.7ms query=Transparency prevents, or corrects, mistakes  Transparency i… results=100 vec_w=0.90 fts_w=0.10
slow query: 446.1ms query=Provides information to competitors  Where there is internat… results=100 vec_w=0.90 fts_w=0.10
slow query: 778.2ms query=In security too much transparency endangers lives  Transpare… results=100 vec_w=0.90 fts_w=0.10
slow query: 1805.2ms query=Transparency can lead to conflict  The idea that transparenc… results=100 vec_w=0.90 fts_w=0.10
slow query: 1357.5ms query=Don’t panic!  The role of the security services is in part t… results=100 vec_w=0.90 fts_w=0.10
slow query: 517.6ms query=Transparency can result in normalisation  While something is… results=100 vec_w=0.90 fts_w=0.10
slow query: 723.0ms query=The fact that it is a Representative highlights the fact tha… results=100 vec_w=0.90 fts_w=0.10
slow query: 459.4ms query=The EU has already been unifying on multiple fronts, this is… results=100 vec_w=0.90 fts_w=0.10
slow query: 663.5ms query=The creation of the post of a High Representative marked an … results=100 vec_w=0.90 fts_w=0.10
slow query: 612.4ms query=The High Representative will be a catalyst and a facilitator… results=100 vec_w=0.90 fts_w=0.10
slow query: 479.4ms query=The previous arrangement of having two foreign policy center… results=100 vec_w=0.90 fts_w=0.10
slow query: 523.0ms query=There have been tests on the EU's ability to create a common… results=100 vec_w=0.90 fts_w=0.10
slow query: 365.9ms query=The post of a High Representative is merely a shadow of what… results=100 vec_w=0.90 fts_w=0.10
slow query: 489.7ms query=Devolution has demonstrated the ability of Scots to govern t… results=100 vec_w=0.90 fts_w=0.10
slow query: 285.4ms query=Scotland has a proud history and has demonstrated since devo… results=100 vec_w=0.90 fts_w=0.10
slow query: 368.6ms query=An independent Scotland has enormous economic potential to j… results=100 vec_w=0.90 fts_w=0.10
slow query: 280.4ms query=The union has worked for over three hundred years and most p… results=100 vec_w=0.90 fts_w=0.10
slow query: 365.4ms query=Scotland needs English economic muscle as through the Barnet… results=100 vec_w=0.90 fts_w=0.10
slow query: 365.6ms query=Deliberately turning away from the international clout the U… results=100 vec_w=0.90 fts_w=0.10
slow query: 535.4ms query=They fuel colourism in society  Allowing the use of racial o… results=100 vec_w=0.90 fts_w=0.10
slow query: 135.9ms query=These products are dangerous  Skin whitening creams often co… results=100 vec_w=0.90 fts_w=0.10
slow query: 229.5ms query=Monetizing colonialism  Skin whitening can be seen as an att… results=100 vec_w=0.90 fts_w=0.10
slow query: 296.3ms query=Prohibition is counterproductive  As tempting as it is to fe… results=100 vec_w=0.90 fts_w=0.10
slow query: 242.6ms query=Run education campaigns instead  Education is an alternative… results=100 vec_w=0.90 fts_w=0.10
slow query: 232.8ms query=Banning these is papering over the issue  It would be all to… results=100 vec_w=0.90 fts_w=0.10
slow query: 110.1ms query=Personal autonomy  Like many other debates, this simply boil… results=100 vec_w=0.90 fts_w=0.10
slow query: 391.0ms query=People are given too much choice, which makes them less happ… results=100 vec_w=0.90 fts_w=0.10
slow query: 126.4ms query=Advertisements tell children that they should have everythin… results=100 vec_w=0.90 fts_w=0.10
slow query: 244.4ms query=There are too many advertisements in everyday life.  The she… results=100 vec_w=0.90 fts_w=0.10
slow query: 201.9ms query=Advertisements are an attempt to brainwash customers.  Peopl… results=100 vec_w=0.90 fts_w=0.10
slow query: 290.0ms query=Advertisements try to make people feel bad about not having … results=100 vec_w=0.90 fts_w=0.10
slow query: 175.4ms query=Advertising helps us choose between different goods.  Advert… results=100 vec_w=0.90 fts_w=0.10
slow query: 311.6ms query=Advertising is only as annoying as you want it to be.  No-on… results=100 vec_w=0.90 fts_w=0.10
slow query: 226.5ms query=Advertisements promote healthy products and lifestyles.  Adv… results=100 vec_w=0.90 fts_w=0.10
slow query: 127.0ms query=Small businesses need advertisements to make their products … results=100 vec_w=0.90 fts_w=0.10
slow query: 935.1ms query=We have a duty to protect individuals from the worst reactio… results=100 vec_w=0.90 fts_w=0.10
slow query: 335.1ms query=Just shock-tactics, at the cost of better art  Sometimes art… results=100 vec_w=0.90 fts_w=0.10
slow query: 511.7ms query=The power of the visual  Art differs from other forms of med… results=100 vec_w=0.90 fts_w=0.10
slow query: 347.1ms query=Freedom of speech  Artists ought to be allowed to express th… results=100 vec_w=0.90 fts_w=0.10
slow query: 448.9ms query=Restriction based on social disgust prevents socially libera… results=100 vec_w=0.90 fts_w=0.10
slow query: 710.0ms query=Social disgust can be central to artwork  Some forms of art … results=100 vec_w=0.90 fts_w=0.10
slow query: 1664.8ms query=The default of total copyright is harmful to the spreading o… results=100 vec_w=0.90 fts_w=0.10
slow query: 1815.0ms query=Intellectual property is a legal fiction created for conveni… results=100 vec_w=0.90 fts_w=0.10
slow query: 1015.0ms query=The creative commons is a more effective means for artists t… results=100 vec_w=0.90 fts_w=0.10
slow query: 1579.1ms query=The costs of monitoring copyright by states, artists, and la… results=100 vec_w=0.90 fts_w=0.10
slow query: 1781.2ms query=Artists should retain the right to control their work’s inte… results=100 vec_w=0.90 fts_w=0.10
slow query: 331.2ms query=Artists often rely on copyright protection to financially su… results=100 vec_w=0.90 fts_w=0.10
slow query: 729.2ms query=The lack of control over, and profit from, art will serve as… results=100 vec_w=0.90 fts_w=0.10
slow query: 1910.4ms query=Artists have a fundamental property right over their creativ… results=100 vec_w=0.90 fts_w=0.10
slow query: 173.9ms query=Women have a right to be free of stereotyping.  Women's righ… results=100 vec_w=0.90 fts_w=0.10
slow query: 323.2ms query=Sexist advertising is harmful to society, especially women. … results=100 vec_w=0.90 fts_w=0.10
slow query: 215.2ms query=Since advertising is pervasive in mediated messages, it has … results=100 vec_w=0.90 fts_w=0.10
slow query: 360.8ms query=Policies should be established which ban the promotion of se… results=100 vec_w=0.90 fts_w=0.10
slow query: 332.2ms query=Sexist advertising is subjective so would be too difficult t… results=100 vec_w=0.90 fts_w=0.10
slow query: 424.4ms query=Individuals have a choice and right to respond to ads and th… results=100 vec_w=0.90 fts_w=0.10
slow query: 266.6ms query=Any changes in advertising should come from businesses thems… results=100 vec_w=0.90 fts_w=0.10
slow query: 235.1ms query=Sexist advertising is profitable  Business has a compelling … results=100 vec_w=0.90 fts_w=0.10
slow query: 9581.8ms query=The failure of rule of law  As the anthropologist and lawyer… results=100 vec_w=0.90 fts_w=0.10
slow query: 1557.5ms query=Cultural relativism and adapting to conflict  The issues und… results=100 vec_w=0.90 fts_w=0.10
slow query: 7430.5ms query=Removing barriers to demobilisation, disarmament and rehabil… results=100 vec_w=0.90 fts_w=0.10
slow query: 2540.2ms query=The cultural construction of armed conflict  The jurisdictio… results=100 vec_w=0.90 fts_w=0.10
slow query: 2400.8ms query=Punishing objectively harmful conduct  Of the tens of thousa… results=100 vec_w=0.90 fts_w=0.10
slow query: 1705.5ms query=Universal rights and collective compromises  Cultural relati… results=100 vec_w=0.90 fts_w=0.10
slow query: 1057.0ms query=Making children military targets  The purpose of the ban on … results=100 vec_w=0.90 fts_w=0.10
slow query: 245.1ms query=performers are at risk of exploitation  Children are general… results=100 vec_w=0.90 fts_w=0.10
slow query: 206.4ms query=Just as the state creates laws to protect child performers i… results=100 vec_w=0.90 fts_w=0.10
slow query: 262.0ms query=Allowing children to perform pushes them to grow up too soon… results=100 vec_w=0.90 fts_w=0.10
slow query: 163.1ms query=Being a performer limits a child’s formal education  Spendin… results=100 vec_w=0.90 fts_w=0.10
slow query: 424.3ms query=It is unethical to expose children to the pressures of perfo… results=100 vec_w=0.90 fts_w=0.10
slow query: 468.9ms query=Being a performer can make the child physically vulnerable  … results=100 vec_w=0.90 fts_w=0.10
slow query: 599.7ms query=If child performers were banned, many children would find a … results=100 vec_w=0.90 fts_w=0.10
slow query: 396.0ms query=The government has no right to prevent children from doing w… results=100 vec_w=0.90 fts_w=0.10
slow query: 266.4ms query=Child performers are necessary for roles in some films, tele… results=100 vec_w=0.90 fts_w=0.10
slow query: 818.6ms query=Bilingual Education is expensive and encourages balkanizatio… results=100 vec_w=0.90 fts_w=0.10
slow query: 456.4ms query=The Identity and History of the United States are intrinsica… results=100 vec_w=0.90 fts_w=0.10
slow query: 610.9ms query=Avoids self-segregation  In a time when the US has begun to … results=100 vec_w=0.90 fts_w=0.10
slow query: 475.2ms query=Bilingual education hurts students  Bilingual education segr… results=100 vec_w=0.90 fts_w=0.10
slow query: 531.8ms query=It specifically denies a rich cultural heritage which is uni… results=100 vec_w=0.90 fts_w=0.10
slow query: 472.9ms query=The US has a long tradition of multiple languages  There is … results=100 vec_w=0.90 fts_w=0.10
slow query: 255.4ms query=Even within the United States people speak English different… results=100 vec_w=0.90 fts_w=0.10
slow query: 845.2ms query=In the current environment, moves to make English the offici… results=100 vec_w=0.90 fts_w=0.10
slow query: 2120.6ms query=Cultural appropriation is parallel to stolen intellectual pr… results=100 vec_w=0.90 fts_w=0.10
slow query: 475.4ms query=Compensation rights a wrong  Compensation is a basic princip… results=100 vec_w=0.90 fts_w=0.10
slow query: 949.6ms query=Compensation is important to give the communities credit the… results=100 vec_w=0.90 fts_w=0.10
slow query: 569.3ms query=Compensation has the potential to reverse damaged caused by … results=100 vec_w=0.90 fts_w=0.10
slow query: 331.9ms query=Reparations and the use of the term 'cultural appropriation'… results=100 vec_w=0.90 fts_w=0.10
slow query: 949.0ms query=No feasible system of which grounds of compensation can occu… results=100 vec_w=0.90 fts_w=0.10
slow query: 1650.5ms query=globalisation and multiculturalism.  Cultural appropriation … results=100 vec_w=0.90 fts_w=0.10
slow query: 977.7ms query=Consumers tend to feel alienated by spreading of their perso… results=100 vec_w=0.90 fts_w=0.10
slow query: 1679.2ms query=Collecting and selling personal information is a major viola… results=100 vec_w=0.90 fts_w=0.10
slow query: 1182.8ms query=Data breaches can result in huge amounts of personal data fa… results=100 vec_w=0.90 fts_w=0.10
slow query: 1899.1ms query=The sort of information being kept and sold is legitimate fo… results=100 vec_w=0.90 fts_w=0.10
slow query: 1631.4ms query=The storing and sale of personal data aids companies by maki… results=100 vec_w=0.90 fts_w=0.10
slow query: 966.7ms query=The sale of personal data makes for better advertising that … results=100 vec_w=0.90 fts_w=0.10
slow query: 471.0ms query=Government contracts can change the software industry for th… results=100 vec_w=0.90 fts_w=0.10
slow query: 1258.5ms query=Open source software is more adaptable to government needs. … results=100 vec_w=0.90 fts_w=0.10
slow query: 658.5ms query=Governments can re-define industry standards by choosing ope… results=100 vec_w=0.90 fts_w=0.10
slow query: 819.7ms query=Open source software undermines national security.  Even if … results=100 vec_w=0.90 fts_w=0.10
slow query: 1178.8ms query=Closed source software is better at meeting consumer needs. … results=100 vec_w=0.90 fts_w=0.10
slow query: 546.3ms query=Open source software is more expensive for governments in th… results=100 vec_w=0.90 fts_w=0.10
slow query: 825.7ms query=Non violent methods of disrupting riots must be tried before… results=100 vec_w=0.90 fts_w=0.10
slow query: 799.2ms query=Free speech is not useful in this context, as riot is never … results=100 vec_w=0.90 fts_w=0.10
slow query: 306.7ms query=Would stop riots from spreading  The police must try to stop… results=100 vec_w=0.90 fts_w=0.10
slow query: 416.9ms query=Social networks serve as a powerful signalling device for th… results=100 vec_w=0.90 fts_w=0.10
slow query: 940.5ms query=Blocking social networks denies people the ability to mobili… results=100 vec_w=0.90 fts_w=0.10
slow query: 863.5ms query=It is better to monitor riots through the social media riote… results=100 vec_w=0.90 fts_w=0.10
slow query: 1105.6ms query=The state can use blocking Twitter and its ilk as precedent … results=100 vec_w=0.90 fts_w=0.10
slow query: 940.5ms query=Police should not block the communications and freedom of ex… results=100 vec_w=0.90 fts_w=0.10
slow query: 511.9ms query=Blocking social networks will not work  How are the police t… results=100 vec_w=0.90 fts_w=0.10
slow query: 407.4ms query=Internet regjulation is a euphemism for censorship  Governme… results=100 vec_w=0.90 fts_w=0.10
slow query: 607.8ms query=Regulating the Internet is a means for governments to spy on… results=100 vec_w=0.90 fts_w=0.10
slow query: 474.7ms query=Internet regulation is an attempt by big interest groups to … results=100 vec_w=0.90 fts_w=0.10
slow query: 489.5ms query=Internet governance is necessary to combat heinous crimes co… results=100 vec_w=0.90 fts_w=0.10
slow query: 625.0ms query=Internet regulation is necessary to ensure a working economy… results=100 vec_w=0.90 fts_w=0.10
slow query: 671.3ms query=Internet regulation is necessary to ensure a safe internet  … results=100 vec_w=0.90 fts_w=0.10
slow query: 192.7ms query=Not censoring helps Google’s business proposition and corpor… results=100 vec_w=0.90 fts_w=0.10
slow query: 203.3ms query=Not censoring its search results is a victory for human righ… results=100 vec_w=0.90 fts_w=0.10
slow query: 296.3ms query=Not censoring puts global pressure on China to change its fr… results=100 vec_w=0.90 fts_w=0.10
slow query: 346.0ms query=Google will help Chinese internet freedom more by staying  A… results=100 vec_w=0.90 fts_w=0.10
slow query: 222.6ms query=As a business, Google shouldn’t interfere with domestic poli… results=100 vec_w=0.90 fts_w=0.10
slow query: 285.6ms query=Google can’t afford to abandon the Chinese market  In 2010, … results=100 vec_w=0.90 fts_w=0.10
slow query: 348.0ms query=A graduated response will be an effective deterrent  Researc… results=100 vec_w=0.90 fts_w=0.10
slow query: 273.9ms query=The unauthorised downloading of copyrighted material should … results=100 vec_w=0.90 fts_w=0.10
slow query: 322.9ms query=A graduated response is the fairest way to enforce copyright… results=100 vec_w=0.90 fts_w=0.10
slow query: 260.8ms query=ISP will not cooperate with a graduated response policy  The… results=100 vec_w=0.90 fts_w=0.10
slow query: 481.9ms query=The graduated response is a violation of the basic right to … results=100 vec_w=0.90 fts_w=0.10
slow query: 522.3ms query=The graduate response policy constitutes an invasion of priv… results=100 vec_w=0.90 fts_w=0.10
slow query: 1555.1ms query=The right to internet access fills a gap in traditional huma… results=100 vec_w=0.90 fts_w=0.10
slow query: 1061.1ms query=Internet access as a new human right.  Access to the interne… results=100 vec_w=0.90 fts_w=0.10
slow query: 801.3ms query=Internet access is a necessary part of the right to freedom … results=100 vec_w=0.90 fts_w=0.10
slow query: 441.8ms query=Internet access is a commodity not a human right.  If a huma… results=100 vec_w=0.90 fts_w=0.10
slow query: 281.6ms query=Internet access cannot be a human right when it is not avail… results=100 vec_w=0.90 fts_w=0.10
slow query: 1227.1ms query=Internet access is an enabler of rights not a right in itsel… results=100 vec_w=0.90 fts_w=0.10
slow query: 422.9ms query=Human rights are dependent upon the state  There is clearly … results=100 vec_w=0.90 fts_w=0.10
slow query: 443.3ms query=You are not going to be arrested because the government has … results=100 vec_w=0.90 fts_w=0.10
slow query: 269.2ms query=There is no physical risk  In terms of physical risk it is a… results=100 vec_w=0.90 fts_w=0.10
slow query: 229.5ms query=There are safeguards to prevent misuse  In democracies there… results=100 vec_w=0.90 fts_w=0.10
slow query: 204.2ms query=No one will ever actually look at the information  If the co… results=100 vec_w=0.90 fts_w=0.10
slow query: 498.8ms query=Lack of trust  The problem is that when it comes to privacy … results=100 vec_w=0.90 fts_w=0.10
slow query: 363.3ms query=Loss of Privacy  It is wrong to state that we only have anyt… results=100 vec_w=0.90 fts_w=0.10
slow query: 935.1ms query=The use of meta data causes unintentional harm  The other po… results=100 vec_w=0.90 fts_w=0.10
slow query: 585.8ms query=Abuse of information and power by intelligence agencies  Eve… results=100 vec_w=0.90 fts_w=0.10
slow query: 869.5ms query=A threat to democracy  Yes the NSA is unlikely to look at in… results=100 vec_w=0.90 fts_w=0.10
slow query: 351.5ms query=Risk of a two-tier Internet  As things stand there are relat… results=100 vec_w=0.90 fts_w=0.10
slow query: 544.9ms query=Privacy  This was the clinching argument in the Dutch exampl… results=100 vec_w=0.90 fts_w=0.10
slow query: 656.9ms query=Threats to Freeware, Shareware and Objectivity  There are ve… results=100 vec_w=0.90 fts_w=0.10
slow query: 344.1ms query=Allow ISPs to monitor and remove illegal or unwanted data  M… results=100 vec_w=0.90 fts_w=0.10
slow query: 637.5ms query=Realistic costs for users and providers of bandwidth and pho… results=100 vec_w=0.90 fts_w=0.10
slow query: 646.5ms query=Incentivise ISPs to provide more data capacity  If the ISPs … results=100 vec_w=0.90 fts_w=0.10
slow query: 121.2ms query=The Null Hypothesis  With regards to any proposition the onl… results=100 vec_w=0.90 fts_w=0.10
slow query: 101.3ms query=Religious belief is completely irrational  There is no evide… results=100 vec_w=0.90 fts_w=0.10
slow query: 336.4ms query=The God hypothesis is unnecessary  Science provides us with … results=100 vec_w=0.90 fts_w=0.10
slow query: 328.3ms query=Religions have no true claim to special moral knowledge  Rel… results=100 vec_w=0.90 fts_w=0.10
slow query: 172.0ms query=The Prime Mover  The universe follows rules of causality – c… results=100 vec_w=0.90 fts_w=0.10
slow query: 156.1ms query=The rareness of Life  Life requires an extremely fine set of… results=100 vec_w=0.90 fts_w=0.10
slow query: 487.4ms query=If there is a benevolent deity, then there should not be the… results=100 vec_w=0.90 fts_w=0.10
slow query: 812.4ms query=entirely natural theories can adequately explain belief in G… results=100 vec_w=0.90 fts_w=0.10
slow query: 783.4ms query=In reality there are only two theological positions, atheism… results=100 vec_w=0.90 fts_w=0.10
slow query: 1611.2ms query=Entirely natural theories can adequately explain the existen… results=100 vec_w=0.90 fts_w=0.10
slow query: 352.3ms query=Even if atheism was wrong and God did exist His seeming lack… results=100 vec_w=0.90 fts_w=0.10
slow query: 994.8ms query=If there were a God there would be irrefutable evidence of H… results=100 vec_w=0.90 fts_w=0.10
slow query: 431.3ms query=The nature of God as it is conventionally described is logic… results=100 vec_w=0.90 fts_w=0.10
slow query: 793.3ms query=The complexity of the universe and of life cannot be explain… results=100 vec_w=0.90 fts_w=0.10
slow query: 359.0ms query=Everything that begins to exist must have a cause. Since the… results=100 vec_w=0.90 fts_w=0.10
slow query: 640.0ms query=In the absence of positive evidence for the existence of God… results=100 vec_w=0.90 fts_w=0.10
slow query: 280.5ms query=There is always a risk associated with surgery and taking su… results=100 vec_w=0.90 fts_w=0.10
slow query: 1916.3ms query=Cutting off bit of children’s bodies for no apparent reason … results=100 vec_w=0.90 fts_w=0.10
slow query: 391.8ms query=In any other situation involving minors a precautionary prin… results=100 vec_w=0.90 fts_w=0.10
slow query: 248.0ms query=A practice that is thousands of years old and has not been f… results=100 vec_w=0.90 fts_w=0.10
slow query: 381.6ms query=Parents have the right to use their best judgment, in the li… results=100 vec_w=0.90 fts_w=0.10
slow query: 979.6ms query=There is no proven cause of harm and parents routinely make … results=100 vec_w=0.90 fts_w=0.10
slow query: 486.4ms query=Poor families would be helped far more by investment in educ… results=100 vec_w=0.90 fts_w=0.10
slow query: 1177.1ms query=The appropriate setting for sexual relations is within marri… results=100 vec_w=0.90 fts_w=0.10
slow query: 1197.8ms query=The bill violates the Philippine values of harmony and respe… results=100 vec_w=0.90 fts_w=0.10
slow query: 841.1ms query=There are clear and proven benefits to the health of the Fil… results=100 vec_w=0.90 fts_w=0.10
slow query: 2142.4ms query=Any body of values that claims to respect the rights of the … results=100 vec_w=0.90 fts_w=0.10
slow query: 719.3ms query=This is a victory for democracy – a precious Filipino value … results=100 vec_w=0.90 fts_w=0.10
slow query: 359.0ms query=Religious symbols cause problems in schools.  As well as div… results=100 vec_w=0.90 fts_w=0.10
slow query: 485.6ms query=Western societies are secularly focused  Many societies are … results=100 vec_w=0.90 fts_w=0.10
slow query: 389.7ms query=Many symbols are seen as a symbol of oppression on women.  R… results=100 vec_w=0.90 fts_w=0.10
slow query: 405.7ms query=Religious symbols cause division within Western society.  Re… results=100 vec_w=0.90 fts_w=0.10
slow query: 319.4ms query=A ban would be simple to enforce.  A ban would be simple to … results=100 vec_w=0.90 fts_w=0.10
slow query: 235.9ms query=Religious symbols are personal, therefore, they should not m… results=100 vec_w=0.90 fts_w=0.10
slow query: 275.3ms query=It is their culture and religion.  Religions themselves tend… results=100 vec_w=0.90 fts_w=0.10
slow query: 502.3ms query=If you ban one thing, you have to ban lots of things.  Every… results=100 vec_w=0.90 fts_w=0.10
slow query: 210.3ms query=Banning religious symbols is just a way of unfairly targetin… results=100 vec_w=0.90 fts_w=0.10
slow query: 724.5ms query=Integration and the acceptance of Western values are importa… results=100 vec_w=0.90 fts_w=0.10
slow query: 474.2ms query=Individual Freedom  Even if marriages are not made absolutel… results=100 vec_w=0.90 fts_w=0.10
slow query: 655.8ms query=Women in arranged marriages in Europe are disproportionately… results=100 vec_w=0.90 fts_w=0.10
slow query: 308.3ms query=It will cause resentment and make certain communities feel t… results=100 vec_w=0.90 fts_w=0.10
slow query: 500.2ms query=The state should not be allowed to intrude in such personal … results=100 vec_w=0.90 fts_w=0.10
slow query: 659.7ms query=It’s impossible to police such a law.  There is simply no fe… results=100 vec_w=0.90 fts_w=0.10
slow query: 439.4ms query=The government here may legitimately limit ‘free speech’.  W… results=100 vec_w=0.90 fts_w=0.10
slow query: 952.9ms query=Governments have a moral duty to protect its citizens from h… results=100 vec_w=0.90 fts_w=0.10
slow query: 871.1ms query=Even sites that appeared innocent have had a devastating eff… results=100 vec_w=0.90 fts_w=0.10
slow query: 467.3ms query=As an extensive form of media, the Internet should be subjec… results=100 vec_w=0.90 fts_w=0.10
slow query: 743.7ms query=The Internet is a free domain and cannot becontrolled by the… results=100 vec_w=0.90 fts_w=0.10
slow query: 388.4ms query=People often react poorly to being censored by their governm… results=100 vec_w=0.90 fts_w=0.10
slow query: 392.7ms query=Censorship is fundamentally incompatible with the notion of … results=100 vec_w=0.90 fts_w=0.10
slow query: 258.5ms query=Animal research causes severe harm to the animals involved  … results=100 vec_w=0.90 fts_w=0.10
slow query: 298.4ms query=Animals shouldn’t be harmed  The difference between us and o… results=100 vec_w=0.90 fts_w=0.10
slow query: 165.4ms query=It isn’t necessary  We don’t know how we will be able to dev… results=100 vec_w=0.90 fts_w=0.10
slow query: 102.8ms query=People will die if we don’t do animal testing  Every year, 2… results=100 vec_w=0.90 fts_w=0.10
slow query: 131.2ms query=Research animals are well treated  Animals used in research … results=100 vec_w=0.90 fts_w=0.10
slow query: 138.0ms query=Animal research is only used when it’s needed  EU member sta… results=100 vec_w=0.90 fts_w=0.10
slow query: 169.1ms query=Testing is needed for really new drugs  The real benefit of … results=100 vec_w=0.90 fts_w=0.10
slow query: 107.5ms query=Animals don’t have human rights  Humans have large brains, f… results=100 vec_w=0.90 fts_w=0.10
slow query: 1165.8ms query=Facebook provides an information point  Undoubtedly, one of … results=100 vec_w=0.90 fts_w=0.10
slow query: 1010.5ms query=Facebook encourages socialisation  One of the most crucial e… results=100 vec_w=0.90 fts_w=0.10
slow query: 1840.5ms query=Facebook is good for democracy  Social networks aid our soci… results=100 vec_w=0.90 fts_w=0.10
slow query: 1319.3ms query=Facebook has some dangerous consequences  Facebook is becomi… results=100 vec_w=0.90 fts_w=0.10
slow query: 363.0ms query=Facebook has a negative impact on learning  For many student… results=100 vec_w=0.90 fts_w=0.10
slow query: 943.7ms query=Facebook is bad for life satisfaction  Every single day, the… results=100 vec_w=0.90 fts_w=0.10
slow query: 584.2ms query=Cyber attacks can do serious damage to the state  Large scal… results=100 vec_w=0.90 fts_w=0.10
slow query: 497.7ms query=Cyber attacks are no different from traditional attacks  The… results=100 vec_w=0.90 fts_w=0.10
slow query: 398.9ms query=Currently there is no way to legally respond to cyber attack… results=100 vec_w=0.90 fts_w=0.10
slow query: 370.1ms query=Cyber attacks are difficult to trace  Cyber attacks are very… results=100 vec_w=0.90 fts_w=0.10
slow query: 607.1ms query=Definition of a large scale cyber attack is extremely vague … results=100 vec_w=0.90 fts_w=0.10
slow query: 406.0ms query=Cyber attacks are often carried out by non-state actors  Cyb… results=100 vec_w=0.90 fts_w=0.10
slow query: 240.2ms query=Electronic communication facilitates sexual misconduct.  Soc… results=100 vec_w=0.90 fts_w=0.10
slow query: 400.3ms query=A teacher-student relationship is not one between friends or… results=100 vec_w=0.90 fts_w=0.10
slow query: 215.1ms query=Acting as a warning signal for children at risk.  It is very… results=100 vec_w=0.90 fts_w=0.10
slow query: 305.1ms query=Teacher’s personal life might undermine educational message.… results=100 vec_w=0.90 fts_w=0.10
slow query: 239.5ms query=The law would violate freedom of speech and association.  Un… results=100 vec_w=0.90 fts_w=0.10
slow query: 207.2ms query=The law would be hard to enforce.  It would be difficult to … results=100 vec_w=0.90 fts_w=0.10
slow query: 238.6ms query=Teachers can be essential in supervising cyberspace.  Social… results=100 vec_w=0.90 fts_w=0.10
slow query: 609.2ms query=Social media can be powerful educational resources.  Many te… results=100 vec_w=0.90 fts_w=0.10
slow query: 1069.3ms query=A strategic missile defense shield will be an effective defe… results=100 vec_w=0.90 fts_w=0.10
slow query: 882.5ms query=As a matter of principle, every country, including the Unite… results=100 vec_w=0.90 fts_w=0.10
slow query: 717.2ms query=A robust missile defense shield will provide the protection … results=100 vec_w=0.90 fts_w=0.10
slow query: 419.9ms query=Strategic missile defense technology is substantially more a… results=100 vec_w=0.90 fts_w=0.10
slow query: 1296.1ms query=The political consequences of the system make the world less… results=100 vec_w=0.90 fts_w=0.10
slow query: 403.5ms query=The system is an incredibly expensive venture that may not e… results=100 vec_w=0.90 fts_w=0.10
slow query: 1296.2ms query=Mutually Assured Destruction breaks down when national missi… results=100 vec_w=0.90 fts_w=0.10
slow query: 1665.4ms query=The default of total copyright is harmful to the spreading o… results=100 vec_w=0.90 fts_w=0.10
slow query: 1804.0ms query=Intellectual property is a legal fiction created for conveni… results=100 vec_w=0.90 fts_w=0.10
slow query: 1010.9ms query=The creative commons is a more effective means for artists t… results=100 vec_w=0.90 fts_w=0.10
slow query: 1571.4ms query=The costs of monitoring copyright by states, artists, and la… results=100 vec_w=0.90 fts_w=0.10
slow query: 1786.1ms query=Artists should retain the right to control their work’s inte… results=100 vec_w=0.90 fts_w=0.10
slow query: 328.7ms query=Artists often rely on copyright protection to financially su… results=100 vec_w=0.90 fts_w=0.10
slow query: 734.6ms query=The lack of control over, and profit from, art will serve as… results=100 vec_w=0.90 fts_w=0.10
slow query: 1908.7ms query=Artists have a fundamental property right over their creativ… results=100 vec_w=0.90 fts_w=0.10
slow query: 949.0ms query=Genetically modified food is a danger to eco-systems.  GM fo… results=100 vec_w=0.90 fts_w=0.10
slow query: 1447.8ms query=Genetically modified food is too new and little researched t… results=100 vec_w=0.90 fts_w=0.10
slow query: 1805.8ms query=GMOs would create too much dependency on biotechnology compa… results=100 vec_w=0.90 fts_w=0.10
slow query: 628.9ms query=Genetically modified organisms can solve the problem of food… results=100 vec_w=0.90 fts_w=0.10
slow query: 1326.1ms query=Genetically modified organisms will prevent starvation due t… results=100 vec_w=0.90 fts_w=0.10
slow query: 301.1ms query=Genetically modified food is no different from any other sci… results=100 vec_w=0.90 fts_w=0.10
slow query: 422.4ms query=Profiling would have caught many of the perpetrators of terr… results=100 vec_w=0.90 fts_w=0.10
slow query: 395.4ms query=When you know terrorists are likely to be members of particu… results=100 vec_w=0.90 fts_w=0.10
slow query: 343.2ms query=The experience of Israel proves that profiling works  Israel… results=100 vec_w=0.90 fts_w=0.10
slow query: 614.5ms query=Randomly checking passengers’ identities is much safer than … results=100 vec_w=0.90 fts_w=0.10
slow query: 189.3ms query=Profiling exacerbates terrorism as it reinforces the percept… results=100 vec_w=0.90 fts_w=0.10
slow query: 252.9ms query=Profiling is simply institutionalizing racism an reduces min… results=100 vec_w=0.90 fts_w=0.10
slow query: 1166.8ms query=Facebook provides an information point  Undoubtedly, one of … results=100 vec_w=0.90 fts_w=0.10
slow query: 1004.0ms query=Facebook encourages socialisation  One of the most crucial e… results=100 vec_w=0.90 fts_w=0.10
slow query: 1824.7ms query=Facebook is good for democracy  Social networks aid our soci… results=100 vec_w=0.90 fts_w=0.10
slow query: 1309.1ms query=Facebook has some dangerous consequences  Facebook is becomi… results=100 vec_w=0.90 fts_w=0.10
slow query: 360.8ms query=Facebook has a negative impact on learning  For many student… results=100 vec_w=0.90 fts_w=0.10
slow query: 949.9ms query=Facebook is bad for life satisfaction  Every single day, the… results=100 vec_w=0.90 fts_w=0.10
slow query: 1487.3ms query=More women in the labour market leads to higher GDP  By intr… results=100 vec_w=0.90 fts_w=0.10
slow query: 387.7ms query=Gender equality is based on fundamental human rights endorse… results=100 vec_w=0.90 fts_w=0.10
slow query: 682.5ms query=Quotas encourage women to pursue education and professional … results=100 vec_w=0.90 fts_w=0.10
slow query: 1570.0ms query=Quota-led gender equality in executive boards will help shap… results=100 vec_w=0.90 fts_w=0.10
slow query: 660.5ms query=Public and private institutions should hire people based on … results=100 vec_w=0.90 fts_w=0.10
slow query: 1107.9ms query=There are other policy options that are less distortive and … results=100 vec_w=0.90 fts_w=0.10
slow query: 547.4ms query=There is no clear link between gender quota and economic gro… results=100 vec_w=0.90 fts_w=0.10
slow query: 183.6ms query=Porn is inherently dehumanising  Pornography necessarily obj… results=100 vec_w=0.90 fts_w=0.10
slow query: 513.3ms query=The feminist movement should not allow women to sell themsel… results=100 vec_w=0.90 fts_w=0.10
slow query: 342.9ms query=Pornography fuels unreachable ideals  Pornography presents a… results=100 vec_w=0.90 fts_w=0.10
slow query: 670.0ms query=Pornography eroticises violence  Many forms of media are oft… results=100 vec_w=0.90 fts_w=0.10
slow query: 798.1ms query=Pornography liberates women  Pornography is massively produc… results=100 vec_w=0.90 fts_w=0.10
slow query: 364.4ms query=The feminist movement cannot afford to alienate itself from … results=100 vec_w=0.90 fts_w=0.10
slow query: 712.8ms query=Attempting to ban it would only cause further problems  Ther… results=100 vec_w=0.90 fts_w=0.10
slow query: 406.4ms query=Freedom of expression is essential for women  Social movemen… results=100 vec_w=0.90 fts_w=0.10
slow query: 318.8ms query=The effects of unemployment  Unemployment has been linked to… results=100 vec_w=0.90 fts_w=0.10
slow query: 331.4ms query=The importance of jobs in livelihoods - money  Jobs are empo… results=100 vec_w=0.90 fts_w=0.10
slow query: 301.1ms query=Labour participation and rights  Labour participation enable… results=100 vec_w=0.90 fts_w=0.10
slow query: 333.8ms query=Women need alternatives for empowerment  Empowerment cannot … results=100 vec_w=0.90 fts_w=0.10
slow query: 201.0ms query=Where are the men?  Is the feminisation of labour emerging w… results=100 vec_w=0.90 fts_w=0.10
slow query: 204.3ms query=Who are the women?  Women are a diverse group, and the femin… results=100 vec_w=0.90 fts_w=0.10
slow query: 221.6ms query=The double burden  Despite a feminising labour market there … results=100 vec_w=0.90 fts_w=0.10
slow query: 1004.6ms query=Patenting enables knowledge sharing  Patents are typically g… results=100 vec_w=0.90 fts_w=0.10
slow query: 321.1ms query=Genes are intellectual property thus patentable  The patenti… results=100 vec_w=0.90 fts_w=0.10
slow query: 782.2ms query=Patenting inhibits research and therapeutics  The prevailing… results=100 vec_w=0.90 fts_w=0.10
slow query: 1816.0ms query=A liability regime not patents.  There are alternatives to t… results=100 vec_w=0.90 fts_w=0.10
slow query: 764.7ms query=Immoral to own a human life  Patenting genes and DNA fragmen… results=100 vec_w=0.90 fts_w=0.10
slow query: 660.8ms query=Patenting drives up the cost of therapies and renders them u… results=100 vec_w=0.90 fts_w=0.10
slow query: 377.1ms query=States must be responsible to their own citizens first  Ther… results=100 vec_w=0.90 fts_w=0.10
slow query: 435.0ms query=The Whole System is broken  It is not clear that the system … results=100 vec_w=0.90 fts_w=0.10
slow query: 302.0ms query=The system is open to abuse  It is extremely difficult to te… results=100 vec_w=0.90 fts_w=0.10
slow query: 303.0ms query=The rights of refugees are a cornerstone of international la… results=100 vec_w=0.90 fts_w=0.10
slow query: 378.4ms query=We must practice what we preach  Democratic nations preach t… results=100 vec_w=0.90 fts_w=0.10
slow query: 413.5ms query=We have a duty to help the persecuted  The principles which … results=100 vec_w=0.90 fts_w=0.10
slow query: 9582.7ms query=The failure of rule of law  As the anthropologist and lawyer… results=100 vec_w=0.90 fts_w=0.10
slow query: 1566.4ms query=Cultural relativism and adapting to conflict  The issues und… results=100 vec_w=0.90 fts_w=0.10
slow query: 7425.7ms query=Removing barriers to demobilisation, disarmament and rehabil… results=100 vec_w=0.90 fts_w=0.10
slow query: 2549.6ms query=The cultural construction of armed conflict  The jurisdictio… results=100 vec_w=0.90 fts_w=0.10
slow query: 2396.7ms query=Punishing objectively harmful conduct  Of the tens of thousa… results=100 vec_w=0.90 fts_w=0.10
slow query: 1705.8ms query=Universal rights and collective compromises  Cultural relati… results=100 vec_w=0.90 fts_w=0.10
slow query: 1049.1ms query=Making children military targets  The purpose of the ban on … results=100 vec_w=0.90 fts_w=0.10
slow query: 572.9ms query=Restrictions on migration would benefit people in the cities… results=100 vec_w=0.90 fts_w=0.10
slow query: 722.6ms query=The government has a right to make decisions in the best int… results=100 vec_w=0.90 fts_w=0.10
slow query: 815.5ms query=Restrictions would benefit rural areas  Unlimited rural-urba… results=100 vec_w=0.90 fts_w=0.10
slow query: 669.1ms query=Poor, uneducated people are lured into cities  The cause of … results=100 vec_w=0.90 fts_w=0.10
slow query: 740.5ms query=It is practically impossible to control people's movement  O… results=100 vec_w=0.90 fts_w=0.10
slow query: 330.6ms query=Restrictions cause an incredible loss of potential  One of t… results=100 vec_w=0.90 fts_w=0.10
slow query: 308.1ms query=Rural life is miserable and has higher mortality rates than … results=100 vec_w=0.90 fts_w=0.10
slow query: 504.4ms query=Freedom of movement is an intrinsic human right  Every human… results=100 vec_w=0.90 fts_w=0.10
    NDCG@10=0.4330  p50=474.82ms  ingest=1.51s
  [snapvec-ivfpq/scifact] ...
/Users/jaysonsteffens/Desktop/Personal/Projects/vex/vstash/_ivfpq_backend.py:115: UserWarning: only 5183 training vectors for nlist=287 (ratio 18.1); FAISS rule of thumb is ≥ 30 samples per cluster (~8610 total).  Below this many coarse clusters end up empty or under-trained and recall stops responding to nprobe.  Either pass more training data or lower nlist.
  self._index.fit(self._normalize(training_vectors))
    NDCG@10=0.7507  p50=10.3ms  ingest=0.57s  fit=6.14s
  [snapvec-ivfpq/nfcorpus] ...
/Users/jaysonsteffens/Desktop/Personal/Projects/vex/vstash/_ivfpq_backend.py:115: UserWarning: only 3633 training vectors for nlist=241 (ratio 15.1); FAISS rule of thumb is ≥ 30 samples per cluster (~7230 total).  Below this many coarse clusters end up empty or under-trained and recall stops responding to nprobe.  Either pass more training data or lower nlist.
  self._index.fit(self._normalize(training_vectors))
    NDCG@10=0.3493  p50=2.75ms  ingest=0.46s  fit=4.72s
  [snapvec-ivfpq/scidocs] ...
slow query: 109.3ms query=A Direct Search Method to solve Economic Dispatch Problem wi… results=100 vec_w=0.90 fts_w=0.10
slow query: 136.9ms query=General transformations for GPU execution of tree traversals results=100 vec_w=0.90 fts_w=0.10
slow query: 146.7ms query=When 25 Cents is Too Much: An Experiment on Willingness-To-S… results=100 vec_w=0.90 fts_w=0.10
    NDCG@10=0.1826  p50=29.24ms  ingest=2.74s  fit=25.83s
  [snapvec-ivfpq/fiqa] ...
slow query: 423.9ms query=Where should I park my rainy-day / emergency fund? results=100 vec_w=0.89 fts_w=0.11
slow query: 117.0ms query=Tax considerations for selling a property below appraised va… results=100 vec_w=0.90 fts_w=0.10
slow query: 119.3ms query=Can the Delta be used to calculate the option premium given … results=100 vec_w=0.90 fts_w=0.10
slow query: 267.5ms query=What is the difference between a 'trader' and a 'stockbroker… results=100 vec_w=0.90 fts_w=0.10
slow query: 107.6ms query=If I believe a stock is going to fall, what options do I hav… results=100 vec_w=0.90 fts_w=0.10
slow query: 111.0ms query=Is it bad practice to invest in stocks that fluctuate by sin… results=100 vec_w=0.90 fts_w=0.10
slow query: 175.6ms query=If I have a lot of debt and the housing market is rising, sh… results=100 vec_w=0.90 fts_w=0.10
slow query: 100.0ms query=How to calculate the value of a bond that is priced to yield… results=100 vec_w=0.90 fts_w=0.10
slow query: 102.4ms query=What is the best way to get a “rough” home appraisal prior t… results=100 vec_w=0.90 fts_w=0.10
slow query: 108.4ms query=Found an old un-cashed paycheck. How long is it good for? Wh… results=100 vec_w=0.90 fts_w=0.10
slow query: 113.4ms query=28 years old and just inherited large amount of money and re… results=100 vec_w=0.90 fts_w=0.10
slow query: 107.4ms query=Why don't share prices of a company rise every other Friday … results=100 vec_w=0.90 fts_w=0.10
slow query: 112.9ms query=Is it possible to transfer stock I already own into my Roth … results=100 vec_w=0.90 fts_w=0.10
slow query: 110.3ms query=Why could the serious financial woes of some EU member state… results=100 vec_w=0.90 fts_w=0.10
slow query: 125.2ms query=How to minimise the risk of a reduction in purchase power in… results=100 vec_w=0.90 fts_w=0.10
slow query: 112.7ms query=Is it a good idea to get an unsecured loan to pay off a cred… results=100 vec_w=0.90 fts_w=0.10
slow query: 101.1ms query=Is there any site you can find out about the 'bonus features… results=100 vec_w=0.90 fts_w=0.10
slow query: 120.0ms query=What is the best way to invest in gold as a hedge against in… results=100 vec_w=0.90 fts_w=0.10
slow query: 101.5ms query=0% APR first 12 months on new credit card. Can I exceed that… results=100 vec_w=0.90 fts_w=0.10
slow query: 122.0ms query=Why can't you just have someone invest for you and split the… results=100 vec_w=0.90 fts_w=0.10
slow query: 119.8ms query=Can the beta of a stock be used as a lagging indicator for t… results=100 vec_w=0.90 fts_w=0.10
slow query: 102.1ms query=Probablity of touching In the money vs expiring in the money… results=100 vec_w=0.90 fts_w=0.10
slow query: 121.2ms query=Do common stocks and preferred stocks have any differences i… results=100 vec_w=0.90 fts_w=0.10
slow query: 115.6ms query=How to contribute to Roth IRA when income is at the maximum … results=100 vec_w=0.90 fts_w=0.10
slow query: 117.8ms query=Buying an investment property in Australia - what are the ad… results=100 vec_w=0.90 fts_w=0.10
slow query: 100.8ms query=How does the importance of a cash emergency fund change when… results=100 vec_w=0.90 fts_w=0.10
slow query: 119.2ms query=What is the PEG ratio? How is the PEG ratio calculated? How … results=100 vec_w=0.90 fts_w=0.10
slow query: 120.2ms query=Can you explain why it's better to invest now rather than wa… results=100 vec_w=0.90 fts_w=0.10
slow query: 261.6ms query=What are a few sites that make it easy to invest in high int… results=100 vec_w=0.90 fts_w=0.10
slow query: 118.5ms query=If I were to get into a life situation where I would not be … results=100 vec_w=0.90 fts_w=0.10
slow query: 104.5ms query=IS it the wrong time to get into the equity market immediate… results=100 vec_w=0.90 fts_w=0.10
slow query: 129.7ms query=Can I open a bank account in the US remotely? Will I pay tax… results=100 vec_w=0.90 fts_w=0.10
slow query: 107.9ms query=How can I determine if my rate of return is “good” for the m… results=100 vec_w=0.90 fts_w=0.10
slow query: 120.7ms query=Where can I buy stocks if I only want to invest a little bit… results=100 vec_w=0.90 fts_w=0.10
    NDCG@10=0.4242  p50=60.74ms  ingest=5.48s  fit=52.22s
  [snapvec-ivfpq/arguana] ...
/Users/jaysonsteffens/Desktop/Personal/Projects/vex/vstash/_ivfpq_backend.py:115: UserWarning: only 8674 training vectors for nlist=372 (ratio 23.3); FAISS rule of thumb is ≥ 30 samples per cluster (~11160 total).  Below this many coarse clusters end up empty or under-trained and recall stops responding to nprobe.  Either pass more training data or lower nlist.
  self._index.fit(self._normalize(training_vectors))
slow query: 5285.3ms query=Being vegetarian helps the environment  Becoming a vegetaria… results=100 vec_w=0.90 fts_w=0.10
slow query: 1904.0ms query=It is immoral to kill animals  As evolved human beings it is… results=100 vec_w=0.90 fts_w=0.10
slow query: 711.0ms query=Vegetarianism is healthier  There are significant health ben… results=100 vec_w=0.90 fts_w=0.10
slow query: 232.5ms query=Being vegetarian reduces risks of food poisoning  Almost all… results=100 vec_w=0.90 fts_w=0.10
slow query: 198.5ms query=There are problems with being vegetarian  A vegetarian or ve… results=100 vec_w=0.90 fts_w=0.10
slow query: 397.0ms query=Survival of the fittest  It is natural for human beings to f… results=100 vec_w=0.90 fts_w=0.10
slow query: 448.4ms query=Humans can choose their own nutrition plan  Humans are omniv… results=100 vec_w=0.90 fts_w=0.10
slow query: 262.6ms query=Animal research causes severe harm to the animals involved  … results=100 vec_w=0.90 fts_w=0.10
slow query: 300.7ms query=Animals shouldn’t be harmed  The difference between us and o… results=100 vec_w=0.90 fts_w=0.10
slow query: 170.2ms query=It isn’t necessary  We don’t know how we will be able to dev… results=100 vec_w=0.90 fts_w=0.10
slow query: 100.3ms query=People will die if we don’t do animal testing  Every year, 2… results=100 vec_w=0.90 fts_w=0.10
slow query: 130.8ms query=Research animals are well treated  Animals used in research … results=100 vec_w=0.90 fts_w=0.10
slow query: 138.3ms query=Animal research is only used when it’s needed  EU member sta… results=100 vec_w=0.90 fts_w=0.10
slow query: 170.8ms query=Testing is needed for really new drugs  The real benefit of … results=100 vec_w=0.90 fts_w=0.10
slow query: 109.0ms query=Animals don’t have human rights  Humans have large brains, f… results=100 vec_w=0.90 fts_w=0.10
slow query: 155.5ms query=Poaching is becoming more advanced  A stronger, militarised … results=100 vec_w=0.90 fts_w=0.10
slow query: 319.2ms query=The justice system does not currently work  A major failing … results=100 vec_w=0.90 fts_w=0.10
slow query: 195.7ms query=Natural habitats being are destroyed  A tougher approach to … results=100 vec_w=0.90 fts_w=0.10
slow query: 209.9ms query=Endangered animals are a source of pride for African countri… results=100 vec_w=0.90 fts_w=0.10
slow query: 296.5ms query=Poaching is linked to terrorism  Stronger protection of anim… results=100 vec_w=0.90 fts_w=0.10
slow query: 167.8ms query=Fewer human deaths  Fewer large beasts will lead to fewer de… results=100 vec_w=0.90 fts_w=0.10
slow query: 370.4ms query=Heavy handed approaches do not solve the motivations for poa… results=100 vec_w=0.90 fts_w=0.10
slow query: 428.2ms query=Legalising the trade of horns, ivory, furs and pelts would b… results=100 vec_w=0.90 fts_w=0.10
slow query: 209.8ms query=African countries have little money to spare  Africa has som… results=100 vec_w=0.90 fts_w=0.10
slow query: 1679.0ms query=Underground Nuclear Storage is Safe  Underground nuclear was… results=100 vec_w=0.90 fts_w=0.10
slow query: 842.2ms query=Underground Nuclear Storage is Necessary  Even states withou… results=100 vec_w=0.90 fts_w=0.10
slow query: 602.6ms query=There Are Better Alternatives to Underground Nuclear Waste S… results=100 vec_w=0.90 fts_w=0.10
slow query: 523.0ms query=Nuclear waste should be reused to create more electricity.  … results=100 vec_w=0.90 fts_w=0.10
slow query: 349.1ms query=Underground Nuclear Storage is Expensive.  Underground nucle… results=100 vec_w=0.90 fts_w=0.10
slow query: 224.5ms query=Developing world  Developing countries such as China and Ind… results=100 vec_w=0.90 fts_w=0.10
slow query: 388.5ms query=450 PPM  The IPCC's Fourth Assessment Report determined that… results=100 vec_w=0.90 fts_w=0.10
slow query: 603.4ms query=Failure to reach global accord  The Kyoto Protocol failed to… results=100 vec_w=0.90 fts_w=0.10
slow query: 551.5ms query=Consequences of increased GHGs  Increased GHGs in the atmosp… results=100 vec_w=0.90 fts_w=0.10
slow query: 268.0ms query=Earth's Resiliency  All the conclusions about the effects of… results=100 vec_w=0.90 fts_w=0.10
slow query: 337.0ms query=New Technology  Humanity has revolutionized the world repeat… results=100 vec_w=0.90 fts_w=0.10
slow query: 382.3ms query=Carbon Trading Schemes  The EU ETS is an example of a viable… results=100 vec_w=0.90 fts_w=0.10
slow query: 263.7ms query=An immense boost to DRC’s economy  The Grand Inga dam would … results=100 vec_w=0.90 fts_w=0.10
slow query: 383.9ms query=The dam would power Africa  Only 29% of Sub Saharan Africa’s… results=100 vec_w=0.90 fts_w=0.10
slow query: 494.2ms query=Will enable the rebuilding of DRC  DR Congo has been one of … results=100 vec_w=0.90 fts_w=0.10
slow query: 154.0ms query=A dam could make the Congo more usable  While the Congo is m… results=100 vec_w=0.90 fts_w=0.10
slow query: 254.2ms query=A dam would damage the environment  Dams due to their genera… results=100 vec_w=0.90 fts_w=0.10
slow query: 341.6ms query=The cost is too high  The Grand Inga is ‘pie in the sky’ as … results=100 vec_w=0.90 fts_w=0.10
slow query: 210.8ms query=Dams displace communities  Dams result in the filling of a l… results=100 vec_w=0.90 fts_w=0.10
slow query: 350.8ms query=Such a big project is beyond DRC’s capacity  The Grand Inga … results=100 vec_w=0.90 fts_w=0.10
slow query: 580.1ms query=Prioritizing donors creates an incentive to become a donor  … results=100 vec_w=0.90 fts_w=0.10
slow query: 628.4ms query=A Practical Solution  There are many mechanisms by which thi… results=100 vec_w=0.90 fts_w=0.10
slow query: 570.6ms query=Organ donors are more deserving of organs  Reciprocity is a … results=100 vec_w=0.90 fts_w=0.10
slow query: 384.6ms query=People ought to donate their organs anyway  Organ donation, … results=100 vec_w=0.90 fts_w=0.10
slow query: 267.3ms query=This system will punish people for a past decision they cann… results=100 vec_w=0.90 fts_w=0.10
slow query: 323.5ms query=People may have valid religious reasons not to donate organs… results=100 vec_w=0.90 fts_w=0.10
slow query: 318.1ms query=Denying organs to non-donors is unduly coercive.  For the st… results=100 vec_w=0.90 fts_w=0.10
slow query: 492.7ms query=The right to access healthcare is absolute  Healthcare is a … results=100 vec_w=0.90 fts_w=0.10
slow query: 107.9ms query=If personhood accrues at birth, then abortion after inducing… results=100 vec_w=0.90 fts_w=0.10
slow query: 330.4ms query=The foetus feels pain  Partial-birth abortion is disgusting.… results=100 vec_w=0.90 fts_w=0.10
slow query: 314.3ms query=Abortion is wrong per se when there are alternatives such as… results=100 vec_w=0.90 fts_w=0.10
slow query: 229.8ms query=Banning partial birth abortions is in line with popular and … results=100 vec_w=0.90 fts_w=0.10
slow query: 214.1ms query=Opposition to partial birth abortion is part of a strategy i… results=100 vec_w=0.90 fts_w=0.10
slow query: 362.5ms query=Partial birth abortions are safer than any available alterna… results=100 vec_w=0.90 fts_w=0.10
slow query: 225.0ms query=The concept of "foetal rights" is an attack on the autonomy … results=100 vec_w=0.90 fts_w=0.10
slow query: 255.8ms query=It’s in the interests of employees  It’s in the interests of… results=100 vec_w=0.90 fts_w=0.10
slow query: 589.7ms query=It’s in the interests of employers  It’s in the interests of… results=100 vec_w=0.90 fts_w=0.10
slow query: 303.0ms query=It’s in the interests of co-workers  It’s in the interests o… results=100 vec_w=0.90 fts_w=0.10
slow query: 262.4ms query=Tackling HIV requires a responsible and active position by e… results=100 vec_w=0.90 fts_w=0.10
slow query: 399.8ms query=The risks of ignorance and prejudice are too high  This meas… results=100 vec_w=0.90 fts_w=0.10
slow query: 213.5ms query=It is a disincentive to get tested in the first place  The r… results=100 vec_w=0.90 fts_w=0.10
slow query: 933.0ms query=Employers have no right to private medical information  Empl… results=100 vec_w=0.90 fts_w=0.10
slow query: 195.1ms query=Savings can be used in other sections of medical care  The d… results=100 vec_w=0.90 fts_w=0.10
slow query: 272.7ms query=Easily affordable drugs will mean greater access  Generic dr… results=100 vec_w=0.90 fts_w=0.10
slow query: 292.9ms query=Reduce the prominence of bad and fake drugs  The increased a… results=100 vec_w=0.90 fts_w=0.10
slow query: 274.2ms query=Unfair to apply same patent laws universally  It is unrealis… results=100 vec_w=0.90 fts_w=0.10
slow query: 217.1ms query=Cheaper drugs aren’t trusted by consumers  The differences i… results=100 vec_w=0.90 fts_w=0.10
slow query: 225.7ms query=Most vital drugs are already generic  Many drugs which are u… results=100 vec_w=0.90 fts_w=0.10
slow query: 261.1ms query=Dominance of generic drugs will reduce reinvestment and inno… results=100 vec_w=0.90 fts_w=0.10
slow query: 304.2ms query=Reduce smoking  A ban on smoking in public places would help… results=100 vec_w=0.90 fts_w=0.10
slow query: 330.0ms query=Nip the problem in the bud  Smoking rates in Africa are rela… results=100 vec_w=0.90 fts_w=0.10
slow query: 549.2ms query=Lower healthcare costs  Smoking caused disease causes large … results=100 vec_w=0.90 fts_w=0.10
slow query: 115.8ms query=Easy to introduce  A ban on smoking in public places would b… results=100 vec_w=0.90 fts_w=0.10
slow query: 165.2ms query=Reduces growth of tobacco  Less people smoking means less to… results=100 vec_w=0.90 fts_w=0.10
slow query: 191.7ms query=Unenforceable  Smoking bans are often unenforceable in highe… results=100 vec_w=0.90 fts_w=0.10
slow query: 216.5ms query=Ban would harm the wider economy  A ban could harm the wider… results=100 vec_w=0.90 fts_w=0.10
slow query: 197.8ms query=Paternalistic  Personal autonomy has to be the key to this d… results=100 vec_w=0.90 fts_w=0.10
slow query: 379.8ms query=Schools are the best place to create lasting lifestyle chang… results=100 vec_w=0.90 fts_w=0.10
slow query: 1415.5ms query=Schools need to practice what they preach  Under the pressur… results=100 vec_w=0.90 fts_w=0.10
slow query: 501.2ms query=Better nutrition leads to better students.  There is a growi… results=100 vec_w=0.90 fts_w=0.10
slow query: 1123.6ms query=Targeting schools will be an ineffective strategy.  Schools … results=100 vec_w=0.90 fts_w=0.10
slow query: 1013.9ms query=Pupils will bring unhealthy food with them to schools.  Freq… results=100 vec_w=0.90 fts_w=0.10
slow query: 587.9ms query=“Junk food” sales are an important source of funding for sch… results=100 vec_w=0.90 fts_w=0.10
slow query: 1488.5ms query=Schools should educate about healthy choices, not make them … results=100 vec_w=0.90 fts_w=0.10
slow query: 152.4ms query=The guilt may be too heavy a burden for the relative who cou… results=100 vec_w=0.90 fts_w=0.10
slow query: 461.9ms query=Greater awareness will increase donations  There is a clear … results=100 vec_w=0.90 fts_w=0.10
slow query: 427.4ms query=It is a natural thing to do  We are biologically programmed … results=100 vec_w=0.90 fts_w=0.10
slow query: 510.9ms query=The right to individual self determination is a fundamental … results=100 vec_w=0.90 fts_w=0.10
slow query: 562.4ms query=We should preserve the person with greater quality of life  … results=100 vec_w=0.90 fts_w=0.10
slow query: 327.5ms query=The recipient is forced to receive the sacrifice of another … results=100 vec_w=0.90 fts_w=0.10
slow query: 338.6ms query=Doctors should not be asked to take the moral burden of peop… results=100 vec_w=0.90 fts_w=0.10
slow query: 280.9ms query=The role of society is to save lives not to assist in suicid… results=100 vec_w=0.90 fts_w=0.10
slow query: 416.8ms query=This would encourage coercion for some to die to save others… results=100 vec_w=0.90 fts_w=0.10
slow query: 357.7ms query=Self-preservation is our primary moral duty  Many people, es… results=100 vec_w=0.90 fts_w=0.10
slow query: 2082.0ms query=Allowing production of generic drugs saves lives, particular… results=100 vec_w=0.90 fts_w=0.10
slow query: 579.2ms query=You cannot own an idea, and thus cannot hold patents, especi… results=100 vec_w=0.90 fts_w=0.10
slow query: 1183.0ms query=The current patent system is unjust and creates perverse inc… results=100 vec_w=0.90 fts_w=0.10
slow query: 1392.0ms query=Production of generic drugs reduce medical costs by allowing… results=100 vec_w=0.90 fts_w=0.10
slow query: 1946.2ms query=When generic drugs are legalized firms and individuals no lo… results=100 vec_w=0.90 fts_w=0.10
slow query: 759.7ms query=Patent rights allow firms to more readily release their prod… results=100 vec_w=0.90 fts_w=0.10
slow query: 2856.7ms query=Robust drug patent laws incentivize investment of time and m… results=100 vec_w=0.90 fts_w=0.10
slow query: 1791.4ms query=The product of a firm's intellectual endeavor is the propert… results=100 vec_w=0.90 fts_w=0.10
slow query: 788.6ms query=Generic drugs often prove to be less effective than their br… results=100 vec_w=0.90 fts_w=0.10
slow query: 337.1ms query=Although there are many accounts of the efficacy of alternat… results=100 vec_w=0.90 fts_w=0.10
slow query: 470.3ms query=Many alternative remedies, such as homeopathy, offer nothing… results=100 vec_w=0.90 fts_w=0.10
slow query: 827.8ms query=Overwhelmingly alternative therapies are used in conjunction… results=100 vec_w=0.90 fts_w=0.10
slow query: 545.6ms query=The pharmaceutical and medical industries are worth billions… results=100 vec_w=0.90 fts_w=0.10
slow query: 230.5ms query=Alternative medical practitioners tend to spend more time wi… results=100 vec_w=0.90 fts_w=0.10
slow query: 269.5ms query=A huge number of fully accepted medical practices started be… results=100 vec_w=0.90 fts_w=0.10
slow query: 854.8ms query=Those who are in the late stages of a terminal disease have … results=100 vec_w=0.90 fts_w=0.10
slow query: 1288.0ms query=Every human being has a right to life  Perhaps the most basi… results=100 vec_w=0.90 fts_w=0.10
slow query: 506.7ms query=Suicide is a lonely, desperate act, carried out in secrecy a… results=100 vec_w=0.90 fts_w=0.10
slow query: 1352.9ms query=If someone is threatening to kill themselves it is your mora… results=100 vec_w=0.90 fts_w=0.10
slow query: 384.5ms query=It would have a damaging effect on society  Some people who … results=100 vec_w=0.90 fts_w=0.10
slow query: 652.6ms query=Only God can give and take away life  Life is Sacred so no o… results=100 vec_w=0.90 fts_w=0.10
slow query: 529.2ms query=It is vital that a doctor's role not be confused  The guidin… results=100 vec_w=0.90 fts_w=0.10
slow query: 277.6ms query=Broadening participation  The talent pool in South African r… results=100 vec_w=0.90 fts_w=0.10
slow query: 249.0ms query=Radical action needed for racial equality in South Africa  I… results=100 vec_w=0.90 fts_w=0.10
slow query: 212.4ms query=Most South Africans support quotas  In 2006, the South Afric… results=100 vec_w=0.90 fts_w=0.10
slow query: 216.9ms query=IRB rules  Racial quotas are a breach of the views of the wo… results=100 vec_w=0.90 fts_w=0.10
slow query: 193.3ms query=Racial quotas don’t develop new players  The quota system co… results=100 vec_w=0.90 fts_w=0.10
slow query: 180.9ms query=Quotas can drive players away.  Policies of racial quotas ca… results=100 vec_w=0.90 fts_w=0.10
slow query: 282.6ms query=Meritocracy  It is a value of sport in general that it shoul… results=100 vec_w=0.90 fts_w=0.10
slow query: 551.6ms query=Boycotting Euro 2012 will highlight Ukraine’s backsliding on… results=100 vec_w=0.90 fts_w=0.10
slow query: 1056.8ms query=Europe must not give approval to this regime.  Viktor Yanuko… results=100 vec_w=0.90 fts_w=0.10
slow query: 582.3ms query=Boycotting Euro 2012 is proportional  Diplomacy is necessary… results=100 vec_w=0.90 fts_w=0.10
slow query: 877.8ms query=A boycott won’t help resolve the issues at question  Europea… results=100 vec_w=0.90 fts_w=0.10
slow query: 245.0ms query=Europe needs to prevent Russian influence in Ukraine  If Eur… results=100 vec_w=0.90 fts_w=0.10
slow query: 371.0ms query=Boycotts did not take place for the 2008 Olympics despite th… results=100 vec_w=0.90 fts_w=0.10
slow query: 946.0ms query=The boycott would affect Poland and the Ukrainian people as … results=100 vec_w=0.90 fts_w=0.10
slow query: 280.5ms query=This is a sports event not a political event  Sport and poli… results=100 vec_w=0.90 fts_w=0.10
slow query: 747.1ms query=Hosting stimulates regeneration in local areas  Hosting stim… results=100 vec_w=0.90 fts_w=0.10
slow query: 340.1ms query=Hosting creates a 'feel-good' factor  Hosting creates a 'fee… results=100 vec_w=0.90 fts_w=0.10
slow query: 556.6ms query=COUNTERPOINT Any large expenditure in one area will stimulat… results=100 vec_w=0.90 fts_w=0.10
slow query: 245.6ms query=Hosting has wide-reaching economic benefits  Hosting creates… results=100 vec_w=0.90 fts_w=0.10
slow query: 409.3ms query=The bidding process is too long, tying up funds and land  Th… results=100 vec_w=0.90 fts_w=0.10
slow query: 408.0ms query=Hosting is very expensive  Hosting is very expensive. In rec… results=100 vec_w=0.90 fts_w=0.10
slow query: 611.7ms query=Hosting only affects one city  In large countries like the U… results=100 vec_w=0.90 fts_w=0.10
slow query: 1962.8ms query=Collisions are a part of the game.  First, collisions are pa… results=100 vec_w=0.90 fts_w=0.10
slow query: 500.7ms query=Collisions are exciting and fun to watch.  Baseball is a for… results=100 vec_w=0.90 fts_w=0.10
slow query: 441.3ms query=Collisions are not as dangerous as they’re feared to be.  So… results=100 vec_w=0.90 fts_w=0.10
slow query: 729.0ms query=Without collisions, either the catcher or the runner would h… results=100 vec_w=0.90 fts_w=0.10
slow query: 211.6ms query=Collisions are an example of violence that has no place in b… results=100 vec_w=0.90 fts_w=0.10
slow query: 416.9ms query=Collisions heighten antagonisms.  When someone gets hurt in … results=100 vec_w=0.90 fts_w=0.10
slow query: 211.9ms query=Collisions are unnecessary.  Baseball doesn’t need collision… results=100 vec_w=0.90 fts_w=0.10
slow query: 1404.6ms query=Collisions are dangerous and lead to injury.  Ray Fosse and … results=100 vec_w=0.90 fts_w=0.10
slow query: 775.6ms query=Radio is cheap to produce and easily accessible.  Community … results=100 vec_w=0.90 fts_w=0.10
slow query: 696.9ms query=Community radio gives voices to the people rather than impos… results=100 vec_w=0.90 fts_w=0.10
slow query: 747.5ms query=Community radio evens the playing field against state and co… results=100 vec_w=0.90 fts_w=0.10
slow query: 529.5ms query=Radio is yesterday’s technology.  Proposition is right to po… results=100 vec_w=0.90 fts_w=0.10
slow query: 470.2ms query=Community radio is just a platform, there is nothing innatel… results=100 vec_w=0.90 fts_w=0.10
slow query: 1953.3ms query=Community radio just gives a megaphone to extremists.  Exper… results=100 vec_w=0.90 fts_w=0.10
slow query: 756.8ms query=Many people find the views expressed by much of the church o… results=100 vec_w=0.90 fts_w=0.10
slow query: 2003.0ms query=This was a piece of art, advertised and described as such, t… results=100 vec_w=0.90 fts_w=0.10
slow query: 636.3ms query=There is a duty for a broadcaster that is not dependent on e… results=100 vec_w=0.90 fts_w=0.10
slow query: 526.1ms query=It is simply impractical for a major international broadcast… results=100 vec_w=0.90 fts_w=0.10
slow query: 1105.4ms query=Tens of thousands of licence fee payers objected to this, ul… results=100 vec_w=0.90 fts_w=0.10
slow query: 626.4ms query=Why should those who foot the bill have chunks of airtime fr… results=100 vec_w=0.90 fts_w=0.10
slow query: 616.9ms query=If this work had been an attack on Mohammed it would never h… results=100 vec_w=0.90 fts_w=0.10
slow query: 556.1ms query=The people are interested in the health of their leader  The… results=100 vec_w=0.90 fts_w=0.10
slow query: 164.6ms query=The head of state/government must be accountable to the peop… results=100 vec_w=0.90 fts_w=0.10
slow query: 411.5ms query=Transparency allows citizens to choose for a healthy leader … results=100 vec_w=0.90 fts_w=0.10
slow query: 351.8ms query=A lack of transparency can endanger the leader  A person is … results=100 vec_w=0.90 fts_w=0.10
slow query: 497.4ms query=Rivals could misuse the opportunity  While the leader suffer… results=100 vec_w=0.90 fts_w=0.10
slow query: 332.1ms query=Damages diplomacy to be too open  Diplomacy can be very pers… results=100 vec_w=0.90 fts_w=0.10
slow query: 712.3ms query=Markets like stability  Business and the markets prize polit… results=100 vec_w=0.90 fts_w=0.10
slow query: 564.1ms query=Denial of privacy to the leaders  The leaders of states dese… results=100 vec_w=0.90 fts_w=0.10
slow query: 857.1ms query=A bargaining chip  In much the same way that material invest… results=100 vec_w=0.90 fts_w=0.10
slow query: 1356.3ms query=The academic tradition of the West  The growth of universiti… results=100 vec_w=0.90 fts_w=0.10
slow query: 684.7ms query=Maintaining the value of the degree  Employers and others ex… results=100 vec_w=0.90 fts_w=0.10
slow query: 1346.2ms query=‘Separation of town and gown’  There are two parties involve… results=100 vec_w=0.90 fts_w=0.10
slow query: 571.6ms query=Universities should exchange ideas not impose them  Of all p… results=100 vec_w=0.90 fts_w=0.10
slow query: 1609.5ms query=Argument One: Contact leads to the dissemination of values  … results=100 vec_w=0.90 fts_w=0.10
slow query: 3623.1ms query=Hate speech  The enforcement of the laws proposed in this ar… results=100 vec_w=0.90 fts_w=0.10
slow query: 11617.6ms query=Classification, not censorship  We should expect fans of an … results=100 vec_w=0.90 fts_w=0.10
slow query: 3498.1ms query=Defending hip hop artists’ right to free speech  The interve… results=100 vec_w=0.90 fts_w=0.10
slow query: 3656.4ms query=A ban will be ineffective  A new legal prohibition on any ty… results=100 vec_w=0.90 fts_w=0.10
slow query: 7574.6ms query=A ban will further marginalise young members of impoverished… results=100 vec_w=0.90 fts_w=0.10
slow query: 3253.9ms query=Violent imagery can serve different purposes.  Calls for a b… results=100 vec_w=0.90 fts_w=0.10
slow query: 729.1ms query=Because religion promotes certainty of belief, divinely insp… results=100 vec_w=0.90 fts_w=0.10
slow query: 889.2ms query=Religion simply justifies reactionary views which many find … results=100 vec_w=0.90 fts_w=0.10
slow query: 820.3ms query=Ill-informed prejudice has no place in society. The veneer o… results=100 vec_w=0.90 fts_w=0.10
slow query: 979.0ms query=There is no right not to be offended, enforcing what is acce… results=100 vec_w=0.90 fts_w=0.10
slow query: 394.9ms query=Silencing views that are considered offensive is self-defeat… results=100 vec_w=0.90 fts_w=0.10
slow query: 733.6ms query=Regardless of the views expressed, freedom of speech means t… results=100 vec_w=0.90 fts_w=0.10
slow query: 2043.1ms query=Pluralism and Political Interference  The removal of ‘The Sp… results=100 vec_w=0.90 fts_w=0.10
slow query: 1336.3ms query=Artistic Freedom  A core principle of art is that it should … results=100 vec_w=0.90 fts_w=0.10
slow query: 2208.9ms query=Racialised Opposition  Some critics of ‘The Spear’ have crit… results=100 vec_w=0.90 fts_w=0.10
slow query: 567.3ms query=Infantilisation and Prejudice  Those who dismiss the reactio… results=100 vec_w=0.90 fts_w=0.10
slow query: 251.1ms query=Masculinity  The problem with leaving the painting, the spea… results=100 vec_w=0.90 fts_w=0.10
slow query: 664.5ms query=Public Decency  Freedom of Speech is something that is highl… results=100 vec_w=0.90 fts_w=0.10
slow query: 591.9ms query=Defamation  While South African Law does allow for freedom o… results=100 vec_w=0.90 fts_w=0.10
slow query: 1012.2ms query=Governments have always struggled with the idea of press inv… results=100 vec_w=0.90 fts_w=0.10
slow query: 1210.4ms query=The concept of what is a journalist needs to be clarified to… results=100 vec_w=0.90 fts_w=0.10
slow query: 1800.8ms query=There is a difference between actual journalists and those w… results=100 vec_w=0.90 fts_w=0.10
slow query: 2268.0ms query=It is a basic principle of journalism that sources should be… results=100 vec_w=0.90 fts_w=0.10
slow query: 1075.3ms query=Wikileaks is not a news organisation, it exists exclusively … results=100 vec_w=0.90 fts_w=0.10
slow query: 818.5ms query=Assange is mostly interested in self-promotion, not being a … results=100 vec_w=0.90 fts_w=0.10
slow query: 1148.2ms query=Other religions have the right to wear prescribed clothing e… results=100 vec_w=0.90 fts_w=0.10
slow query: 878.2ms query=Declaration of the faith is a key part of Christianity and t… results=100 vec_w=0.90 fts_w=0.10
slow query: 1070.6ms query=The confession of religious faith is far more important than… results=100 vec_w=0.90 fts_w=0.10
slow query: 1388.9ms query=Freedom of expression, like any right is fairly meaningless … results=100 vec_w=0.90 fts_w=0.10
slow query: 847.6ms query=Both employers acted out of concern for the interests of the… results=100 vec_w=0.90 fts_w=0.10
slow query: 619.1ms query=If this were about wearing a badge with a political slogan o… results=100 vec_w=0.90 fts_w=0.10
slow query: 603.6ms query=Employers impose rules relating to conduct in the workplace,… results=100 vec_w=0.90 fts_w=0.10
slow query: 661.6ms query=The expansion of Heathrow is vital for the economy  Expandin… results=100 vec_w=0.90 fts_w=0.10
slow query: 609.1ms query=Heathrow is full; it must expand  Put simply Heathrow is at … results=100 vec_w=0.90 fts_w=0.10
slow query: 492.9ms query=Heathrow is in the best location for London  Flying is criti… results=100 vec_w=0.90 fts_w=0.10
slow query: 501.7ms query=Expanding Heathrow would be at the expense of the environmen… results=100 vec_w=0.90 fts_w=0.10
slow query: 880.9ms query=The economic case for expansion does not add up  A study con… results=100 vec_w=0.90 fts_w=0.10
slow query: 749.7ms query=The third run-way would cause noise and pollution problems  … results=100 vec_w=0.90 fts_w=0.10
slow query: 117.2ms query=Online gambling affects families  A parent who gambles can q… results=100 vec_w=0.90 fts_w=0.10
slow query: 183.2ms query=Gambling is bad for you.  Gamblers may win money from time t… results=100 vec_w=0.90 fts_w=0.10
slow query: 217.6ms query=Gambling is addictive.  Humans get a buzz from taking a risk… results=100 vec_w=0.90 fts_w=0.10
slow query: 231.5ms query=Online gambling encourages crime  Human trafficking, forced … results=100 vec_w=0.90 fts_w=0.10
slow query: 186.4ms query=Cant enforce an online gambling ban  Governments can’t actua… results=100 vec_w=0.90 fts_w=0.10
slow query: 125.5ms query=Government only objects to online gambling because they dont… results=100 vec_w=0.90 fts_w=0.10
slow query: 182.2ms query=Other forms of online gambling  What is the difference betwe… results=100 vec_w=0.90 fts_w=0.10
slow query: 229.4ms query=Only regulation can mitigate harms  It is where the sites op… results=100 vec_w=0.90 fts_w=0.10
slow query: 219.2ms query=Personal freedom  Gambling is a leisure activity enjoyed by … results=100 vec_w=0.90 fts_w=0.10
slow query: 1604.0ms query=Those who have more owe more to the state  Wealthier people … results=100 vec_w=0.90 fts_w=0.10
slow query: 1431.0ms query=A well-implemented progressive taxation scheme serve to prom… results=100 vec_w=0.90 fts_w=0.10
slow query: 631.9ms query=Those able to pay more should pay more into the tax system  … results=100 vec_w=0.90 fts_w=0.10
slow query: 1130.0ms query=The state should promote the efficient distribution of incom… results=100 vec_w=0.90 fts_w=0.10
slow query: 1029.7ms query=Progressive taxation promotes a more equal, more harmonious … results=100 vec_w=0.90 fts_w=0.10
slow query: 858.1ms query=Progressive taxes place an unfair and disproportionate burde… results=100 vec_w=0.90 fts_w=0.10
slow query: 789.5ms query=The aim of taxation should be to provide equality of opportu… results=100 vec_w=0.90 fts_w=0.10
slow query: 1149.1ms query=Progressive systems are invariably highly complex and ineffi… results=100 vec_w=0.90 fts_w=0.10
slow query: 602.3ms query=The ability to orchestrate a progressive taxation regime giv… results=100 vec_w=0.90 fts_w=0.10
slow query: 789.4ms query=Individuals’ property and income are an index of deserving a… results=100 vec_w=0.90 fts_w=0.10
slow query: 320.0ms query=The effects of unemployment  Unemployment has been linked to… results=100 vec_w=0.90 fts_w=0.10
slow query: 327.6ms query=The importance of jobs in livelihoods - money  Jobs are empo… results=100 vec_w=0.90 fts_w=0.10
slow query: 295.6ms query=Labour participation and rights  Labour participation enable… results=100 vec_w=0.90 fts_w=0.10
slow query: 336.7ms query=Women need alternatives for empowerment  Empowerment cannot … results=100 vec_w=0.90 fts_w=0.10
slow query: 199.3ms query=Where are the men?  Is the feminisation of labour emerging w… results=100 vec_w=0.90 fts_w=0.10
slow query: 202.2ms query=Who are the women?  Women are a diverse group, and the femin… results=100 vec_w=0.90 fts_w=0.10
slow query: 218.1ms query=The double burden  Despite a feminising labour market there … results=100 vec_w=0.90 fts_w=0.10
slow query: 415.7ms query=Multilateralism is preferable to bilateralism.  It is prefer… results=100 vec_w=0.90 fts_w=0.10
slow query: 326.2ms query=Free trade is good for development and growth.  Free trade e… results=100 vec_w=0.90 fts_w=0.10
slow query: 350.9ms query=Trade is good for democracy.  Venezuela’s Hugo Chavez has be… results=100 vec_w=0.90 fts_w=0.10
slow query: 187.2ms query=The FTAA is bad for South American Agriculture.  During the … results=100 vec_w=0.90 fts_w=0.10
slow query: 616.7ms query=FTAA is bad for labour in developed countries.  Liberalizing… results=100 vec_w=0.90 fts_w=0.10
slow query: 103.3ms query=FTAA is bad for the environment.  Free trade creates a "race… results=100 vec_w=0.90 fts_w=0.10
slow query: 346.7ms query=The FTAA is bad for industries in developing nations.  This … results=100 vec_w=0.90 fts_w=0.10
slow query: 1562.6ms query=Women provide a platform for economic development  Where wom… results=100 vec_w=0.90 fts_w=0.10
slow query: 1256.7ms query=Women are the backbone of Africa’s agriculture  It sounds dr… results=100 vec_w=0.90 fts_w=0.10
slow query: 601.3ms query=There is greater potential for African women  There is great… results=100 vec_w=0.90 fts_w=0.10
slow query: 698.5ms query=Women are not the future for Africa’s economy  In the short … results=100 vec_w=0.90 fts_w=0.10
slow query: 2758.6ms query=Africa's greatest needs are for infrastructure and education… results=100 vec_w=0.90 fts_w=0.10
slow query: 1132.5ms query=Natural resources are key  Africa has a very significant amo… results=100 vec_w=0.90 fts_w=0.10
slow query: 1378.1ms query=Each man has a right to private property  The right to own p… results=100 vec_w=0.90 fts_w=0.10
slow query: 893.4ms query=The market should determine the price of products and servic… results=100 vec_w=0.90 fts_w=0.10
slow query: 647.1ms query=The capitalist society enhances personal freedom  The Wester… results=100 vec_w=0.90 fts_w=0.10
slow query: 615.7ms query=Incentive in form of profit benefits society as a whole  The… results=100 vec_w=0.90 fts_w=0.10
slow query: 291.3ms query=Socialism provides a more sustainable way of living  Capital… results=100 vec_w=0.90 fts_w=0.10
slow query: 1333.9ms query=Socialism is a more secure system than the free market in Ca… results=100 vec_w=0.90 fts_w=0.10
slow query: 1764.9ms query=Socialism leads to a more humane equal society  The gap betw… results=100 vec_w=0.90 fts_w=0.10
slow query: 333.1ms query=This ban would lower healthcare costs.  The health problems … results=100 vec_w=0.90 fts_w=0.10
slow query: 441.9ms query=Exposing non-smokers to second-hand smoke goes against their… results=100 vec_w=0.90 fts_w=0.10
slow query: 703.3ms query=This ban would encourage smokers to smoke less or give up sm… results=100 vec_w=0.90 fts_w=0.10
slow query: 132.2ms query=This ban would be easy to introduce.  A ban in all public pl… results=100 vec_w=0.90 fts_w=0.10
slow query: 533.9ms query=Smokers have a right to enjoy themselves.  Article 1 of the … results=100 vec_w=0.90 fts_w=0.10
slow query: 304.3ms query=This ban would put many pubs, clubs, etc. out of business.  … results=100 vec_w=0.90 fts_w=0.10
slow query: 320.5ms query=This ban would be difficult to enforce.  Given the popularit… results=100 vec_w=0.90 fts_w=0.10
slow query: 320.2ms query=It is unfair to new members of EU  Not only are the largest … results=100 vec_w=0.90 fts_w=0.10
slow query: 396.2ms query=CAP is costly and unfair to other industries  Currently CAP … results=100 vec_w=0.90 fts_w=0.10
slow query: 514.9ms query=It harms the economies of developing world  The current mode… results=100 vec_w=0.90 fts_w=0.10
slow query: 488.0ms query=It doesn’t serve its purpose (subsidies to larger farmers)  … results=100 vec_w=0.90 fts_w=0.10
slow query: 412.5ms query=It protects rural communities  People in EU are hard to conv… results=100 vec_w=0.90 fts_w=0.10
slow query: 452.5ms query=CAP protects the quality of the food in EU  The role of CAP … results=100 vec_w=0.90 fts_w=0.10
slow query: 391.0ms query=CAP maintains European food security  The subsidies to agric… results=100 vec_w=0.90 fts_w=0.10
slow query: 893.9ms query=There is ample precedent in the form of other “sin” taxes  A… results=100 vec_w=0.90 fts_w=0.10
slow query: 1256.7ms query=An individual's BMI is no longer a purely personal matter  T… results=100 vec_w=0.90 fts_w=0.10
slow query: 473.8ms query=A fat tax levels out the playing field for healthier food  A… results=100 vec_w=0.90 fts_w=0.10
slow query: 1718.2ms query=A tax is not an effective instrument to fight obesity  There… results=100 vec_w=0.90 fts_w=0.10
slow query: 501.1ms query=It hits the most vulnerable part of society hardest  The pra… results=100 vec_w=0.90 fts_w=0.10
slow query: 670.8ms query=A fat tax infringes on individual choice  Introducing such a… results=100 vec_w=0.90 fts_w=0.10
slow query: 481.9ms query=Small is beautiful: community empowerment  Microfinance is e… results=100 vec_w=0.90 fts_w=0.10
slow query: 285.5ms query=Microfinance and protection  Access to a small loan provides… results=100 vec_w=0.90 fts_w=0.10
slow query: 236.7ms query=A livelihoods approach  The livelihoods approach provides a … results=100 vec_w=0.90 fts_w=0.10
slow query: 221.4ms query=Ending poverty through entrepreneurialism  Introducing finan… results=100 vec_w=0.90 fts_w=0.10
slow query: 160.4ms query=Rebuilding agricultural systems  Africa is faced with an agr… results=100 vec_w=0.90 fts_w=0.10
slow query: 277.7ms query=Deeper issues unresolved  Microfinance provides a quick-fix … results=100 vec_w=0.90 fts_w=0.10
slow query: 336.4ms query=Debt cycles and the curse of microfinance  Microfinance is i… results=100 vec_w=0.90 fts_w=0.10
slow query: 426.4ms query=Realistic barriers  There are significant barriers to introd… results=100 vec_w=0.90 fts_w=0.10
slow query: 216.1ms query=Historically Democrats have presided over more economic stab… results=100 vec_w=0.90 fts_w=0.10
slow query: 166.2ms query=Bush squandered an extraordinary economic legacy on tax cuts… results=100 vec_w=0.90 fts_w=0.10
slow query: 145.9ms query=Democrats focus on increasing wages, creating better consume… results=100 vec_w=0.90 fts_w=0.10
slow query: 353.9ms query=Deregulation contributed to the banking crises and, therefor… results=100 vec_w=0.90 fts_w=0.10
slow query: 257.0ms query=Republicans more enthusiastically support market capitalism … results=100 vec_w=0.90 fts_w=0.10
slow query: 466.8ms query=“After three years, it is clear that President Obama’s budge… results=100 vec_w=0.90 fts_w=0.10
slow query: 160.9ms query=Republicans are the best at stimulating economic growth  The… results=100 vec_w=0.90 fts_w=0.10
slow query: 1082.6ms query=International labour and business standards go hand in hand … results=100 vec_w=0.90 fts_w=0.10
slow query: 315.5ms query=When developing countries employ poor labour standards, othe… results=100 vec_w=0.90 fts_w=0.10
slow query: 957.2ms query=Labour standards are necessary to protect basic human rights… results=100 vec_w=0.90 fts_w=0.10
slow query: 434.5ms query=Increasing a standard, even if not as high as the donor woul… results=100 vec_w=0.90 fts_w=0.10
slow query: 655.7ms query=Historically the donor of Foreign Aid has always set down pr… results=100 vec_w=0.90 fts_w=0.10
slow query: 551.6ms query=There is nothing wrong with individualised standards. It is … results=100 vec_w=0.90 fts_w=0.10
slow query: 494.5ms query=There is uneven implementation of labour standards even in w… results=100 vec_w=0.90 fts_w=0.10
slow query: 887.9ms query=Development has many facets of which pure economic growth is… results=100 vec_w=0.90 fts_w=0.10
slow query: 1134.4ms query=Universal standards of labour and business are not suited to… results=100 vec_w=0.90 fts_w=0.10
slow query: 310.9ms query=The Hyperloop is comparatively cheap  The Hyperloop would be… results=100 vec_w=0.90 fts_w=0.10
slow query: 338.7ms query=Fastest possible transportation over a short distance  Publi… results=100 vec_w=0.90 fts_w=0.10
slow query: 331.5ms query=The Hyperloop will be a low cost system for the user  The Hy… results=100 vec_w=0.90 fts_w=0.10
slow query: 617.3ms query=Lack of capacity or room for expansion  The plans for the Hy… results=100 vec_w=0.90 fts_w=0.10
slow query: 323.7ms query=If Musk won’t build it who will?  Elon Musk himself is unwil… results=100 vec_w=0.90 fts_w=0.10
slow query: 603.8ms query=There have been similar suggestions before for intercity tra… results=100 vec_w=0.90 fts_w=0.10
slow query: 579.3ms query=It will never work  The plan for the Hyperloop is sound tech… results=100 vec_w=0.90 fts_w=0.10
slow query: 195.7ms query=Profit margins are too small  A major problem for Tunisia’s … results=100 vec_w=0.90 fts_w=0.10
slow query: 391.1ms query=Vulnerable to unrest  Relying on tourism ensures that the ec… results=100 vec_w=0.90 fts_w=0.10
slow query: 292.9ms query=Overseas competition  Tunisia’s tourism industry is at risk … results=100 vec_w=0.90 fts_w=0.10
slow query: 491.5ms query=Tourism causes pollution  The tourism industry in Tunisia re… results=100 vec_w=0.90 fts_w=0.10
slow query: 186.1ms query=Investment  Tourism should be relied upon for economic growt… results=100 vec_w=0.90 fts_w=0.10
slow query: 303.7ms query=Other industries are less reliable  Other sectors, such as a… results=100 vec_w=0.90 fts_w=0.10
slow query: 222.5ms query=Produces Employment  Tourism is the second largest employer … results=100 vec_w=0.90 fts_w=0.10
slow query: 569.3ms query=Restrictions on migration would benefit people in the cities… results=100 vec_w=0.90 fts_w=0.10
slow query: 727.0ms query=The government has a right to make decisions in the best int… results=100 vec_w=0.90 fts_w=0.10
slow query: 819.8ms query=Restrictions would benefit rural areas  Unlimited rural-urba… results=100 vec_w=0.90 fts_w=0.10
slow query: 666.9ms query=Poor, uneducated people are lured into cities  The cause of … results=100 vec_w=0.90 fts_w=0.10
slow query: 743.6ms query=It is practically impossible to control people's movement  O… results=100 vec_w=0.90 fts_w=0.10
slow query: 332.8ms query=Restrictions cause an incredible loss of potential  One of t… results=100 vec_w=0.90 fts_w=0.10
slow query: 313.5ms query=Rural life is miserable and has higher mortality rates than … results=100 vec_w=0.90 fts_w=0.10
slow query: 500.9ms query=Freedom of movement is an intrinsic human right  Every human… results=100 vec_w=0.90 fts_w=0.10
slow query: 1079.0ms query=Dictatorships assure low cost political stability  Due to th… results=100 vec_w=0.90 fts_w=0.10
slow query: 675.0ms query=Dictatorships are more effective than democracies at mobiliz… results=100 vec_w=0.90 fts_w=0.10
slow query: 905.5ms query=Dictatorships can prevent social unrest  Dictatorships are b… results=100 vec_w=0.90 fts_w=0.10
slow query: 1214.5ms query=Development is about more than economic growth  Amartya Sen … results=100 vec_w=0.90 fts_w=0.10
slow query: 1059.4ms query=Democratic rule of law is the best ground for political stab… results=100 vec_w=0.90 fts_w=0.10
slow query: 462.8ms query=Political regime has a limited impact on development  It can… results=100 vec_w=0.90 fts_w=0.10
slow query: 542.0ms query=Democracy acts in the interest of the general population, wh… results=100 vec_w=0.90 fts_w=0.10
slow query: 2093.8ms query=Failure to withdraw blocks legitimate Palestinian aspiration… results=100 vec_w=0.90 fts_w=0.10
slow query: 2851.0ms query=Israel has no right to the occupied territories.  Because Is… results=100 vec_w=0.90 fts_w=0.10
slow query: 2398.0ms query=Returning to the 1967 borders would bring peace to Israel.  … results=100 vec_w=0.90 fts_w=0.10
slow query: 2482.1ms query=Returning to the 1967 borders would make war more likely.  T… results=100 vec_w=0.90 fts_w=0.10
slow query: 1129.3ms query=Many Israelis now live in the occupied territories.  Israel … results=100 vec_w=0.90 fts_w=0.10
slow query: 5623.4ms query=Israel has the right to claim minimal territory to ensure se… results=100 vec_w=0.90 fts_w=0.10
slow query: 508.3ms query=Migration is 'developmental'.  Recent reports by the HDR (20… results=100 vec_w=0.90 fts_w=0.10
slow query: 344.6ms query=The freedom to move is a human right.  Mobility is a human r… results=100 vec_w=0.90 fts_w=0.10
slow query: 488.1ms query=Free movement will provide benefits for productivity.  A fre… results=100 vec_w=0.90 fts_w=0.10
slow query: 179.1ms query=Policies towards a free labour market will create unity.  Na… results=100 vec_w=0.90 fts_w=0.10
slow query: 658.8ms query=Implementing a free labour market will enable effective mana… results=100 vec_w=0.90 fts_w=0.10
slow query: 252.2ms query=Urbanisation without industrialisation, the dangerous liveli… results=100 vec_w=0.90 fts_w=0.10
slow query: 526.8ms query=Who is left behind?  In promoting a free labour market, we n… results=100 vec_w=0.90 fts_w=0.10
slow query: 560.9ms query=Migration reasonings and exploitation.  A free labour market… results=100 vec_w=0.90 fts_w=0.10
slow query: 588.2ms query=States will monitor each other, and an international body co… results=100 vec_w=0.90 fts_w=0.10
slow query: 957.7ms query=Arenas of potential conflict must be regulated  Conflict nee… results=100 vec_w=0.90 fts_w=0.10
slow query: 1017.9ms query=The use of the internet undermines the state by demonopolizi… results=100 vec_w=0.90 fts_w=0.10
slow query: 894.9ms query=A cyber treaty benefits everyone  A treaty that bans, or sha… results=100 vec_w=0.90 fts_w=0.10
slow query: 764.5ms query=A treaty would benefit larger powers over the small  Any tre… results=100 vec_w=0.90 fts_w=0.10
slow query: 543.7ms query=Unlike warfare cyber-attacks don’t kill so they don’t need t… results=100 vec_w=0.90 fts_w=0.10
slow query: 1711.0ms query=It would never work  There are immense challenges to making … results=100 vec_w=0.90 fts_w=0.10
slow query: 754.1ms query=It is in the national interest for democracies to support th… results=100 vec_w=0.90 fts_w=0.10
slow query: 890.6ms query=Diplomacy is not going anywhere  The best solution would be … results=100 vec_w=0.90 fts_w=0.10
slow query: 411.8ms query=Syria clearly meets the standards for intervention  The Assa… results=100 vec_w=0.90 fts_w=0.10
slow query: 504.4ms query=The Free Syrian Army is outgunned  The Syrian army is one of… results=100 vec_w=0.90 fts_w=0.10
slow query: 274.5ms query=Would balance the support for Syrian government  Syria's gov… results=100 vec_w=0.90 fts_w=0.10
slow query: 261.0ms query=Arming the rebels would be unpopular  Ten years after the Ir… results=100 vec_w=0.90 fts_w=0.10
slow query: 469.7ms query=Would it work?  The most fundamental question for any policy… results=100 vec_w=0.90 fts_w=0.10
slow query: 514.8ms query=Possibility of being drawn into a long drawn out conflict  E… results=100 vec_w=0.90 fts_w=0.10
slow query: 1340.2ms query=Unforeseeable consequences  We do not know where arming the … results=100 vec_w=0.90 fts_w=0.10
slow query: 618.8ms query=Sovereignty and non intervention in internal affairs  It is … results=100 vec_w=0.90 fts_w=0.10
slow query: 1022.7ms query=Reparations would be a step towards closing colonial scars. … results=100 vec_w=0.90 fts_w=0.10
slow query: 354.2ms query=Reparations demonstrate a true concern for the developing wo… results=100 vec_w=0.90 fts_w=0.10
slow query: 1175.7ms query=What happened during the colonial era was morally wrong.  Th… results=100 vec_w=0.90 fts_w=0.10
slow query: 749.0ms query=There is already a precedent for paying reparations to such … results=100 vec_w=0.90 fts_w=0.10
slow query: 432.8ms query=Reparations would effectively right the economic imbalance c… results=100 vec_w=0.90 fts_w=0.10
slow query: 989.8ms query=Such reparations would do little to actually improve the dev… results=100 vec_w=0.90 fts_w=0.10
slow query: 223.7ms query=The very payment of reparations exerts a neo-colonial power … results=100 vec_w=0.90 fts_w=0.10
slow query: 418.0ms query=Reparations unfairly target the taxpayers of former colonial… results=100 vec_w=0.90 fts_w=0.10
slow query: 678.5ms query=Time has removed the opportunity to truly make reparations t… results=100 vec_w=0.90 fts_w=0.10
slow query: 2571.5ms query=Georgian rule in South Ossetia is historically illegitimate … results=100 vec_w=0.90 fts_w=0.10
slow query: 1252.1ms query=South Ossetia has a right to self-determination  The 1993 Vi… results=100 vec_w=0.90 fts_w=0.10
slow query: 883.9ms query=South Ossetian independence will help prevent future conflic… results=100 vec_w=0.90 fts_w=0.10
slow query: 1711.7ms query=A South Ossetian state is unviable  There are many factors t… results=100 vec_w=0.90 fts_w=0.10
slow query: 1264.7ms query=Georgia has a right to territorial integrity  Georgia has a … results=100 vec_w=0.90 fts_w=0.10
slow query: 540.0ms query=Illegitimacy of the 2006 referendum  South Ossetia was wrong… results=100 vec_w=0.90 fts_w=0.10
slow query: 362.1ms query=Progress in ending conflict in Africa  Conflict in Africa is… results=100 vec_w=0.90 fts_w=0.10
slow query: 543.8ms query=The Solemn Declaration  The Solemn Declaration did not just … results=100 vec_w=0.90 fts_w=0.10
slow query: 513.5ms query=The increasing effectiveness of the African Union  The Afric… results=100 vec_w=0.90 fts_w=0.10
slow query: 406.8ms query=Not all conflict is war  What is War? The AU’s declaration d… results=100 vec_w=0.90 fts_w=0.10
slow query: 173.8ms query=Africa is the most warlike continent  In 2012 Africa had the… results=100 vec_w=0.90 fts_w=0.10
slow query: 558.2ms query=No mechanism to prevent crises and war exists  Within countr… results=100 vec_w=0.90 fts_w=0.10
slow query: 333.6ms query=Gains may be reversed; events can’t be foreseen  Africa stil… results=100 vec_w=0.90 fts_w=0.10
slow query: 220.2ms query=War is in human nature  War and conflict between groups is i… results=100 vec_w=0.90 fts_w=0.10
slow query: 332.4ms query=Only an international treaty can create penalties for non-co… results=100 vec_w=0.90 fts_w=0.10
slow query: 376.6ms query=The hard part is the cutting of emissions  The problem with … results=100 vec_w=0.90 fts_w=0.10
slow query: 247.2ms query=It is too late for half measures  Two degrees Celsius has ge… results=100 vec_w=0.90 fts_w=0.10
slow query: 220.1ms query=Only a non-binding agreement would get the targets necessary… results=100 vec_w=0.90 fts_w=0.10
slow query: 494.6ms query=A more informal agreement avoids the US congress  The United… results=100 vec_w=0.90 fts_w=0.10
slow query: 149.2ms query=Sovereign states should be allowed to set their own targets … results=100 vec_w=0.90 fts_w=0.10
slow query: 535.9ms query=On issues such as gay marriage, human rights activists have … results=100 vec_w=0.90 fts_w=0.10
slow query: 1454.7ms query=Broadcasters almost never show scenes of torture or torment … results=100 vec_w=0.90 fts_w=0.10
slow query: 945.2ms query=Where there is a clear objection to discussing a certain sub… results=100 vec_w=0.90 fts_w=0.10
slow query: 1367.8ms query=Citizens deserve the right to know what is happening in thei… results=100 vec_w=0.90 fts_w=0.10
slow query: 702.3ms query=Journalism should report the experiences of the vulnerable a… results=100 vec_w=0.90 fts_w=0.10
slow query: 1011.3ms query=The job of a journalist is to report the world and events as… results=100 vec_w=0.90 fts_w=0.10
slow query: 1033.6ms query=Domestic courts are often incapable of providing a fair tria… results=100 vec_w=0.90 fts_w=0.10
slow query: 419.7ms query=The ICC is a force for good, and the all states should be se… results=100 vec_w=0.90 fts_w=0.10
slow query: 199.5ms query=The American people support ICC membership.  In a democracy … results=100 vec_w=0.90 fts_w=0.10
slow query: 324.2ms query=Risk of “lawfare” against Israel  The specific position that… results=100 vec_w=0.90 fts_w=0.10
slow query: 688.0ms query=ICC trials violate the due process guarantees of the US cons… results=100 vec_w=0.90 fts_w=0.10
slow query: 987.3ms query=The rest of the world is better off with the US out  The cru… results=100 vec_w=0.90 fts_w=0.10
slow query: 439.9ms query=Ratification of the International Criminal Court would be a … results=100 vec_w=0.90 fts_w=0.10
slow query: 1621.0ms query=A UN standing army would be ideally suited to respond to con… results=100 vec_w=0.90 fts_w=0.10
slow query: 495.0ms query=A UN Standing Army would solve the problem of American milit… results=100 vec_w=0.90 fts_w=0.10
slow query: 634.2ms query=A UN standing army would be more effective in operations the… results=100 vec_w=0.90 fts_w=0.10
slow query: 1454.3ms query=A UN standing army is simply impossible to form.  A standing… results=100 vec_w=0.90 fts_w=0.10
slow query: 246.2ms query=A UN standing army is unnecessary  A UN standing army is unn… results=100 vec_w=0.90 fts_w=0.10
slow query: 221.2ms query=A U.N. standing army renders the United Nations a de facto s… results=100 vec_w=0.90 fts_w=0.10
slow query: 336.9ms query=There are better alternatives to solving the problems of con… results=100 vec_w=0.90 fts_w=0.10
slow query: 313.6ms query=A UN standing army would not be cost-effective.  The cost of… results=100 vec_w=0.90 fts_w=0.10
slow query: 399.4ms query=UN ignores or enables human rights abuses.  Despite the deve… results=100 vec_w=0.90 fts_w=0.10
slow query: 234.2ms query=Most international co-operation can takes place outside UN f… results=100 vec_w=0.90 fts_w=0.10
slow query: 316.3ms query=: Main purpose of UN, to prevent war, has clearly not been a… results=100 vec_w=0.90 fts_w=0.10
slow query: 214.7ms query=UN decision-making procedures are very inefficient.  The UN … results=100 vec_w=0.90 fts_w=0.10
slow query: 389.1ms query=Many UN bodies are corrupt or compromised.  As mentioned abo… results=100 vec_w=0.90 fts_w=0.10
slow query: 335.1ms query=The UN has been at the forefront of promoting respect for in… results=100 vec_w=0.90 fts_w=0.10
slow query: 296.5ms query=As world becomes more globalised, the need for a global foru… results=100 vec_w=0.90 fts_w=0.10
slow query: 286.2ms query=Solution to problems of UN is to reform outdated structures.… results=100 vec_w=0.90 fts_w=0.10
slow query: 291.0ms query=Many UN organs carry out valuable work around the world.  Th… results=100 vec_w=0.90 fts_w=0.10
slow query: 143.4ms query=The UN has performed a valuable service in preventing wars a… results=100 vec_w=0.90 fts_w=0.10
slow query: 406.9ms query=Myanmar is no longer a military dictatorship  Myanmar has ta… results=100 vec_w=0.90 fts_w=0.10
slow query: 432.2ms query=Regional factors favour re-engagement  Myanmar has continuin… results=100 vec_w=0.90 fts_w=0.10
slow query: 349.8ms query=States should not be isolated on political grounds  The isol… results=100 vec_w=0.90 fts_w=0.10
slow query: 487.9ms query=There is scope for further diplomatic progress in the region… results=100 vec_w=0.90 fts_w=0.10
slow query: 670.0ms query=Disengagement has done more harm than good in the region  Th… results=100 vec_w=0.90 fts_w=0.10
slow query: 611.8ms query=The international community and political legitimacy  The mi… results=100 vec_w=0.90 fts_w=0.10
slow query: 633.6ms query=Vested international interest are harming Myanmar  Certain m… results=100 vec_w=0.90 fts_w=0.10
slow query: 355.4ms query=Re-engagement will weaken the reform movement  International… results=100 vec_w=0.90 fts_w=0.10
slow query: 968.0ms query=Liberal democracies have a moral obligation to denounce ille… results=100 vec_w=0.90 fts_w=0.10
slow query: 651.0ms query=Blind obedience to authority  One of the major factors that … results=100 vec_w=0.90 fts_w=0.10
slow query: 822.0ms query=Authoritarian leadership  President Kagame though considered… results=100 vec_w=0.90 fts_w=0.10
slow query: 335.6ms query=International concern  Rwanda, though a progressing country … results=100 vec_w=0.90 fts_w=0.10
slow query: 587.2ms query=Setting Rwanda's priorities  Rwanda is an emerging democracy… results=100 vec_w=0.90 fts_w=0.10
slow query: 745.5ms query=There is accountability without a free press  Freedom of spe… results=100 vec_w=0.90 fts_w=0.10
slow query: 448.6ms query=Focused leadership  Progress in Africa has been hindered by … results=100 vec_w=0.90 fts_w=0.10
slow query: 600.9ms query=The historical reasons for which the state of Lesotho exists… results=100 vec_w=0.90 fts_w=0.10
slow query: 1489.7ms query=Annexation will allow the free movement of Basotho people, g… results=100 vec_w=0.90 fts_w=0.10
slow query: 1006.9ms query=Lesotho is in a dire condition and needs help from its close… results=100 vec_w=0.90 fts_w=0.10
slow query: 497.2ms query=South Africa will gain influence, stability and a better ima… results=100 vec_w=0.90 fts_w=0.10
slow query: 783.6ms query=A local, decentralized authority can provide better opportun… results=100 vec_w=0.90 fts_w=0.10
slow query: 655.0ms query=It is not in the interest of South Africa to annex a poor, u… results=100 vec_w=0.90 fts_w=0.10
slow query: 757.9ms query=Annexation is not needed where there is already extensive co… results=100 vec_w=0.90 fts_w=0.10
slow query: 961.0ms query=A federal Europe will protect the cultural diversity of its … results=100 vec_w=0.90 fts_w=0.10
slow query: 271.7ms query=A federal Europe will ensure that large, multinational busin… results=100 vec_w=0.90 fts_w=0.10
slow query: 511.8ms query=A federal Europe will benefit the citizens of its member sta… results=100 vec_w=0.90 fts_w=0.10
slow query: 576.5ms query=A federal Europe will be a stronger international actor  A f… results=100 vec_w=0.90 fts_w=0.10
slow query: 651.2ms query=The federal model has proved to be a success previously  The… results=100 vec_w=0.90 fts_w=0.10
slow query: 683.2ms query=Existing contributive inequalities within the Union would be… results=100 vec_w=0.90 fts_w=0.10
slow query: 187.3ms query=The concept of federalism lacks political support  Euroscept… results=100 vec_w=0.90 fts_w=0.10
slow query: 401.6ms query=Moves toward federalism will endanger the stability of the E… results=100 vec_w=0.90 fts_w=0.10
slow query: 152.5ms query=Poaching is becoming more advanced  A stronger, militarised … results=100 vec_w=0.90 fts_w=0.10
slow query: 309.8ms query=The justice system does not currently work  A major failing … results=100 vec_w=0.90 fts_w=0.10
slow query: 194.5ms query=Natural habitats being are destroyed  A tougher approach to … results=100 vec_w=0.90 fts_w=0.10
slow query: 206.6ms query=Endangered animals are a source of pride for African countri… results=100 vec_w=0.90 fts_w=0.10
slow query: 291.4ms query=Poaching is linked to terrorism  Stronger protection of anim… results=100 vec_w=0.90 fts_w=0.10
slow query: 164.6ms query=Fewer human deaths  Fewer large beasts will lead to fewer de… results=100 vec_w=0.90 fts_w=0.10
slow query: 364.0ms query=Heavy handed approaches do not solve the motivations for poa… results=100 vec_w=0.90 fts_w=0.10
slow query: 423.7ms query=Legalising the trade of horns, ivory, furs and pelts would b… results=100 vec_w=0.90 fts_w=0.10
slow query: 204.7ms query=African countries have little money to spare  Africa has som… results=100 vec_w=0.90 fts_w=0.10
slow query: 732.1ms query=Major changes need to be put to the people and the people mu… results=100 vec_w=0.90 fts_w=0.10
slow query: 731.7ms query=The decision not to hold a referendum directly ignores the w… results=100 vec_w=0.90 fts_w=0.10
slow query: 243.3ms query=Reform treaties are too important to be left to politicians … results=100 vec_w=0.90 fts_w=0.10
slow query: 344.2ms query=If all member states held a referendum on all EU treaties no… results=100 vec_w=0.90 fts_w=0.10
slow query: 383.6ms query=Voters do not understand or care about EU reforms.  They wou… results=100 vec_w=0.90 fts_w=0.10
slow query: 769.0ms query=Referendums are more about PR than politics.  Referendum vot… results=100 vec_w=0.90 fts_w=0.10
slow query: 170.1ms query=Significant changes in the past have not been put to popular… results=100 vec_w=0.90 fts_w=0.10
slow query: 346.7ms query=The only just method  Prosecuting offenders is the only way … results=100 vec_w=0.90 fts_w=0.10
slow query: 336.0ms query=Prosecutions are needed for victims  Prosecutions are the on… results=100 vec_w=0.90 fts_w=0.10
slow query: 173.0ms query=International prosecution encourages domestic justice  By in… results=100 vec_w=0.90 fts_w=0.10
slow query: 581.5ms query=Deters future offences  By prosecuting those who commit crim… results=100 vec_w=0.90 fts_w=0.10
slow query: 518.7ms query=Prosecutions don't get to the real truth  Truth is the most … results=100 vec_w=0.90 fts_w=0.10
slow query: 209.8ms query=Fear of prosecutions cause leaders to do more damage  Instea… results=100 vec_w=0.90 fts_w=0.10
slow query: 345.3ms query=Peace more important than Justice  In practice, prosecutions… results=100 vec_w=0.90 fts_w=0.10
slow query: 543.0ms query=Technology has driven youths to identify new markets  A key … results=100 vec_w=0.90 fts_w=0.10
slow query: 457.3ms query=Technology has enabled Africa’s cultural industries to grow.… results=100 vec_w=0.90 fts_w=0.10
slow query: 893.2ms query=Technology will lead job growth for youths.  The rate of une… results=100 vec_w=0.90 fts_w=0.10
slow query: 218.4ms query=Technology is building a platform for sharing ideas.  Entrep… results=100 vec_w=0.90 fts_w=0.10
slow query: 229.8ms query=Changing education systems and democracy.  Technology has en… results=100 vec_w=0.90 fts_w=0.10
slow query: 391.0ms query=The technological revolution has been hyped.  Debates may be… results=100 vec_w=0.90 fts_w=0.10
slow query: 223.4ms query=Technology has only benefited private companies.  Ultimately… results=100 vec_w=0.90 fts_w=0.10
slow query: 139.6ms query=Technology remains insecure and a security risk.  The intern… results=100 vec_w=0.90 fts_w=0.10
slow query: 269.2ms query=Technology will not result in entrepreneurialism without pro… results=100 vec_w=0.90 fts_w=0.10
slow query: 524.8ms query=Turkey has precedents, such as Romania and Bulgaria, both of… results=100 vec_w=0.90 fts_w=0.10
slow query: 800.8ms query=Turkey is a poverty stricken country and entry into the EU w… results=100 vec_w=0.90 fts_w=0.10
slow query: 369.8ms query=Turkey joining the EU would help the international fight aga… results=100 vec_w=0.90 fts_w=0.10
slow query: 858.7ms query=Any country that fulfils the accession criteria should be al… results=100 vec_w=0.90 fts_w=0.10
slow query: 1759.9ms query=Turkey is a highly unstable democracy in an unstable part of… results=100 vec_w=0.90 fts_w=0.10
slow query: 360.7ms query=Turkey would have the largest population of all member state… results=100 vec_w=0.90 fts_w=0.10
slow query: 1008.9ms query=Turkey would be an unstable Muslim state in a traditionally … results=100 vec_w=0.90 fts_w=0.10
slow query: 1692.7ms query=Turkey has a poor human rights record  Turkey’s human rights… results=100 vec_w=0.90 fts_w=0.10
slow query: 806.1ms query=The geographical definition of Europe must be limited and do… results=100 vec_w=0.90 fts_w=0.10
slow query: 373.1ms query=The partition of Ireland was undemocratic  The people of Nor… results=100 vec_w=0.90 fts_w=0.10
slow query: 107.3ms query=Economic efficiency  A Unified Ireland would be better off e… results=100 vec_w=0.90 fts_w=0.10
slow query: 508.2ms query=Britain is morally obliged to permit the secession of northe… results=100 vec_w=0.90 fts_w=0.10
slow query: 463.8ms query=It would be easier to protect the rights of religious minori… results=100 vec_w=0.90 fts_w=0.10
slow query: 276.2ms query=Uniting Ireland would bring about an end to sectarian violen… results=100 vec_w=0.90 fts_w=0.10
slow query: 673.2ms query=The majority of the inhabitants of Northern Ireland do not s… results=100 vec_w=0.90 fts_w=0.10
slow query: 266.0ms query=Unification would reignite civil disorder and violent factio… results=100 vec_w=0.90 fts_w=0.10
slow query: 671.9ms query=Unification would be damaging for the economies of both part… results=100 vec_w=0.90 fts_w=0.10
slow query: 3724.6ms query=The New START treaty will help against Iran’s nuclear progra… results=100 vec_w=0.90 fts_w=0.10
slow query: 3797.0ms query=The New START treaty will make for a safer world.  Reducing … results=100 vec_w=0.90 fts_w=0.10
slow query: 3261.3ms query=The New START treaty maintains US nuclear and missile defenc… results=100 vec_w=0.90 fts_w=0.10
slow query: 2497.7ms query=The New START treaty helps Russia more than the US  Not only… results=100 vec_w=0.90 fts_w=0.10
slow query: 777.6ms query=Problems with Verification.  Verification is vital in any ag… results=100 vec_w=0.90 fts_w=0.10
slow query: 3388.6ms query=The New START treaty sets a bad approach for a changing worl… results=100 vec_w=0.90 fts_w=0.10
slow query: 4217.3ms query=The New START treaty harms US nuclear capabilities  As David… results=100 vec_w=0.90 fts_w=0.10
slow query: 334.6ms query=Environmental Damage  Both licit and illicit resource extrac… results=100 vec_w=0.90 fts_w=0.10
slow query: 1020.2ms query=Resource abundance has led to poor governance  Corruption in… results=100 vec_w=0.90 fts_w=0.10
slow query: 782.2ms query=Foreign companies gain most of the profits  The majority of … results=100 vec_w=0.90 fts_w=0.10
slow query: 218.9ms query=Resources are a source of conflict  There is a strong connec… results=100 vec_w=0.90 fts_w=0.10
slow query: 421.8ms query=Bring Africa out of poverty  The African continent has the h… results=100 vec_w=0.90 fts_w=0.10
slow query: 232.7ms query=Natural resources create employment  The extraction of natur… results=100 vec_w=0.90 fts_w=0.10
slow query: 179.8ms query=Source of trade  Natural resources are a source of economic … results=100 vec_w=0.90 fts_w=0.10
slow query: 442.1ms query=Teacher training  Investment is required in teacher training… results=100 vec_w=0.90 fts_w=0.10
slow query: 174.5ms query=Social Policy: encouraging teaching careers  UNESCO (2013) r… results=100 vec_w=0.90 fts_w=0.10
slow query: 233.4ms query=Incentivising movement so there are teachers where they are … results=100 vec_w=0.90 fts_w=0.10
slow query: 327.7ms query=Social Policy for satisfied teachers  The creation of nation… results=100 vec_w=0.90 fts_w=0.10
slow query: 210.1ms query=Colonial legacies: the issue of language  A fundamental rest… results=100 vec_w=0.90 fts_w=0.10
slow query: 102.7ms query=The MDG is the barrier  Significant progress has been made i… results=100 vec_w=0.90 fts_w=0.10
slow query: 404.9ms query=The complex controls over enrolment  Suggesting investments … results=100 vec_w=0.90 fts_w=0.10
slow query: 285.0ms query=Teaching begins at home  For the target of universal primary… results=100 vec_w=0.90 fts_w=0.10
slow query: 182.3ms query=Small size makes for ease  The Seychelles, as with the other… results=100 vec_w=0.90 fts_w=0.10
slow query: 340.7ms query=Moving is an imperative  It is clear that if the Seychelles … results=100 vec_w=0.90 fts_w=0.10
slow query: 596.5ms query=Shared sovereignty  If there are no countries willing to ced… results=100 vec_w=0.90 fts_w=0.10
slow query: 970.7ms query=Other nations have an obligation to help  The President of V… results=100 vec_w=0.90 fts_w=0.10
slow query: 305.7ms query=New countries forged by those fleeing disaster  There have b… results=100 vec_w=0.90 fts_w=0.10
slow query: 465.8ms query=Could retain sovereignty without acquiring new territory  Wh… results=100 vec_w=0.90 fts_w=0.10
slow query: 232.5ms query=Other states would not want to waste resources on a refugee … results=100 vec_w=0.90 fts_w=0.10
slow query: 679.2ms query=Human development indicators have significantly improved in … results=100 vec_w=0.90 fts_w=0.10
slow query: 466.7ms query=Africa’s Economies are growing rapidly  Africa has recently … results=100 vec_w=0.90 fts_w=0.10
slow query: 622.9ms query=Foreign Direct Investment to the continent has increased  Fo… results=100 vec_w=0.90 fts_w=0.10
slow query: 487.4ms query=Greater Access to Technology  Proponents of this view claim … results=100 vec_w=0.90 fts_w=0.10
slow query: 226.2ms query=Majority of states are still undemocratic  While there is a … results=100 vec_w=0.90 fts_w=0.10
slow query: 553.0ms query=War and Civil unrest disrupt development and economic growth… results=100 vec_w=0.90 fts_w=0.10
slow query: 422.9ms query=The Continent is still vulnerable to natural disasters  A ma… results=100 vec_w=0.90 fts_w=0.10
slow query: 299.5ms query=Millennium Development Goals have not yet been reached  Whil… results=100 vec_w=0.90 fts_w=0.10
slow query: 443.2ms query=Economically beneficial  Switching diplomatic recognition to… results=100 vec_w=0.90 fts_w=0.10
slow query: 391.5ms query=PRC is clearly the China that matters  The Chinese civil war… results=100 vec_w=0.90 fts_w=0.10
slow query: 265.2ms query=Should not ignore the will of 1.3billion  A small African co… results=100 vec_w=0.90 fts_w=0.10
slow query: 624.0ms query=Cannot avoid dealing with a UNSC member  The PRC is a member… results=100 vec_w=0.90 fts_w=0.10
slow query: 363.0ms query=There is a truce in the diplomatic conflict  There is a truc… results=100 vec_w=0.90 fts_w=0.10
slow query: 429.4ms query=Receive much greater interest from Taiwan  There are benefit… results=100 vec_w=0.90 fts_w=0.10
slow query: 219.2ms query=Should recognise a democracy  São Tomé is a multiparty democ… results=100 vec_w=0.90 fts_w=0.10
slow query: 1417.4ms query=Defaulting would be the quickest route to economic recovery … results=100 vec_w=0.90 fts_w=0.10
slow query: 1360.3ms query=The current austerity measures are not working  The Austerit… results=100 vec_w=0.90 fts_w=0.10
slow query: 415.9ms query=A Greek default would increase stability for the rest of the… results=100 vec_w=0.90 fts_w=0.10
slow query: 679.9ms query=Defaulting would not solve Greece’s problems  The propositio… results=100 vec_w=0.90 fts_w=0.10
slow query: 743.9ms query=Leaving the Eurozone would be detrimental for Greece in the … results=100 vec_w=0.90 fts_w=0.10
slow query: 541.3ms query=A Greek default would have a negative domino-effect on other… results=100 vec_w=0.90 fts_w=0.10
slow query: 996.3ms query=Defaulting would cause chaos in Greece  There is no good sol… results=100 vec_w=0.90 fts_w=0.10
slow query: 465.5ms query=China has changed a lot since Tiananmen  China has changed o… results=100 vec_w=0.90 fts_w=0.10
slow query: 445.1ms query=A code of conduct is needed not a ban  The current arms ban … results=100 vec_w=0.90 fts_w=0.10
slow query: 402.6ms query=China can’t be ignored  Europe has a developing strategic pa… results=100 vec_w=0.90 fts_w=0.10
slow query: 252.1ms query=China will simply get similar products elsewhere  In a globa… results=100 vec_w=0.90 fts_w=0.10
slow query: 967.6ms query=Cooperation is the best way to gain influence  Cooperating w… results=100 vec_w=0.90 fts_w=0.10
slow query: 552.6ms query=Prevents a competitor from building a high tech military  Th… results=100 vec_w=0.90 fts_w=0.10
slow query: 533.8ms query=Lifting the ban will damage relations with the U.S.  Even if… results=100 vec_w=0.90 fts_w=0.10
slow query: 307.0ms query=There is no reason to strengthen China militarily  Lifting t… results=100 vec_w=0.90 fts_w=0.10
slow query: 910.5ms query=China is a threat to regional stability  China poses a threa… results=100 vec_w=0.90 fts_w=0.10
slow query: 733.6ms query=The arms ban is still necessary  The European Union should s… results=100 vec_w=0.90 fts_w=0.10
slow query: 901.6ms query=It is legitimate to undermine illegitimate governments to pr… results=100 vec_w=0.90 fts_w=0.10
slow query: 781.2ms query=Advancing national interests  A nation’s foreign policy shou… results=100 vec_w=0.90 fts_w=0.10
slow query: 173.7ms query=It is domestic not international legitimacy that matters  Wh… results=100 vec_w=0.90 fts_w=0.10
slow query: 521.7ms query=It is legitimate to enable freedom  Circumventing censorship… results=100 vec_w=0.90 fts_w=0.10
slow query: 532.6ms query=Governments enable censorship to protect their citizens  Wha… results=100 vec_w=0.90 fts_w=0.10
slow query: 595.9ms query=Aggressive foreign policy is not legitimate foreign policy  … results=100 vec_w=0.90 fts_w=0.10
slow query: 511.4ms query=This policy is not necessary and may be counterproductive  U… results=100 vec_w=0.90 fts_w=0.10
slow query: 803.1ms query=The international system is based on equality and non-interf… results=100 vec_w=0.90 fts_w=0.10
slow query: 477.8ms query=Small is beautiful: community empowerment  Microfinance is e… results=100 vec_w=0.90 fts_w=0.10
slow query: 283.9ms query=Microfinance and protection  Access to a small loan provides… results=100 vec_w=0.90 fts_w=0.10
slow query: 236.1ms query=A livelihoods approach  The livelihoods approach provides a … results=100 vec_w=0.90 fts_w=0.10
slow query: 220.1ms query=Ending poverty through entrepreneurialism  Introducing finan… results=100 vec_w=0.90 fts_w=0.10
slow query: 161.5ms query=Rebuilding agricultural systems  Africa is faced with an agr… results=100 vec_w=0.90 fts_w=0.10
slow query: 276.5ms query=Deeper issues unresolved  Microfinance provides a quick-fix … results=100 vec_w=0.90 fts_w=0.10
slow query: 334.8ms query=Debt cycles and the curse of microfinance  Microfinance is i… results=100 vec_w=0.90 fts_w=0.10
slow query: 424.6ms query=Realistic barriers  There are significant barriers to introd… results=100 vec_w=0.90 fts_w=0.10
slow query: 1247.4ms query=Turkey is actually part of the European continent both geogr… results=100 vec_w=0.90 fts_w=0.10
slow query: 1279.5ms query=The admission of Turkey will help the economy of the EU deve… results=100 vec_w=0.90 fts_w=0.10
slow query: 1088.7ms query=Strategic position and energy benefits  There would be immen… results=100 vec_w=0.90 fts_w=0.10
slow query: 850.3ms query=Turkey is not yet up to European standards of human rights. … results=100 vec_w=0.90 fts_w=0.10
slow query: 632.4ms query=Turkey must recognize Cyprus.  The biggest problem facing Tu… results=100 vec_w=0.90 fts_w=0.10
slow query: 846.7ms query=Turkey is not enough economically developed to join the EU. … results=100 vec_w=0.90 fts_w=0.10
slow query: 718.3ms query=The fact that it is a Representative highlights the fact tha… results=100 vec_w=0.90 fts_w=0.10
slow query: 455.1ms query=The EU has already been unifying on multiple fronts, this is… results=100 vec_w=0.90 fts_w=0.10
slow query: 667.1ms query=The creation of the post of a High Representative marked an … results=100 vec_w=0.90 fts_w=0.10
slow query: 603.9ms query=The High Representative will be a catalyst and a facilitator… results=100 vec_w=0.90 fts_w=0.10
slow query: 481.9ms query=The previous arrangement of having two foreign policy center… results=100 vec_w=0.90 fts_w=0.10
slow query: 516.6ms query=There have been tests on the EU's ability to create a common… results=100 vec_w=0.90 fts_w=0.10
slow query: 366.8ms query=The post of a High Representative is merely a shadow of what… results=100 vec_w=0.90 fts_w=0.10
slow query: 289.4ms query=Going back on this rule would promote casual sex  Condoning … results=100 vec_w=0.90 fts_w=0.10
slow query: 204.0ms query=Protects people from spending eternity in Hell.  It is impor… results=100 vec_w=0.90 fts_w=0.10
slow query: 678.0ms query=Radical changes risk the stability of the Catholic Church.  … results=100 vec_w=0.90 fts_w=0.10
slow query: 474.3ms query=In context of other teachings, does not promote the spread o… results=100 vec_w=0.90 fts_w=0.10
slow query: 354.5ms query=The Catholic Church believes that any limitation of procreat… results=100 vec_w=0.90 fts_w=0.10
slow query: 499.5ms query=In contradiction to the Catholic Church's responsibility to … results=100 vec_w=0.90 fts_w=0.10
slow query: 375.9ms query=Birth control within monogamous relationships.  Contraceptio… results=100 vec_w=0.90 fts_w=0.10
slow query: 406.7ms query=Promotes image of Catholic Church as uncaring and stubborn. … results=100 vec_w=0.90 fts_w=0.10
slow query: 255.9ms query=Barrier contraception can protect women from husbands with A… results=100 vec_w=0.90 fts_w=0.10
slow query: 203.5ms query=Opposed by much of the Church  In spite of the Catholic Chur… results=100 vec_w=0.90 fts_w=0.10
slow query: 722.2ms query=Socialism was a twentieth century ideology which ran its cou… results=100 vec_w=0.90 fts_w=0.10
slow query: 284.3ms query=Although there are protests as a result of the banking crisi… results=100 vec_w=0.90 fts_w=0.10
slow query: 337.9ms query=Even the leaders of the Left have given up on Socialism as a… results=100 vec_w=0.90 fts_w=0.10
slow query: 638.1ms query=The idea that wealth should be more fairly and evenly distri… results=100 vec_w=0.90 fts_w=0.10
slow query: 367.8ms query=It is impossible to acquire the information necessary to cre… results=100 vec_w=0.90 fts_w=0.10
slow query: 321.8ms query=Globalisation has made socialism impractical to implement  G… results=100 vec_w=0.90 fts_w=0.10
slow query: 671.4ms query=Class consciousness is an important aspect of Socialism, it … results=100 vec_w=0.90 fts_w=0.10
slow query: 446.1ms query=Socialism has changed historically to meet the challenges of… results=100 vec_w=0.90 fts_w=0.10
slow query: 1314.9ms query=Medical science allows us to control death, suicide and euth… results=100 vec_w=0.90 fts_w=0.10
slow query: 1202.9ms query=Suicide is a rational choice in many situations.  When confr… results=100 vec_w=0.90 fts_w=0.10
slow query: 1229.6ms query=The decision to die is a deeply personal one - it is no busi… results=100 vec_w=0.90 fts_w=0.10
slow query: 1390.1ms query=Once the moral absolute is broken, there is no other credibl… results=100 vec_w=0.90 fts_w=0.10
slow query: 1849.4ms query=The death of one individual has implications for others, whi… results=100 vec_w=0.90 fts_w=0.10
slow query: 1152.8ms query=There is a risk that even a free choice may have some coerci… results=100 vec_w=0.90 fts_w=0.10
slow query: 1453.9ms query=It is impossible to frame a structure which respects the rig… results=100 vec_w=0.90 fts_w=0.10
slow query: 620.9ms query=Animal research necessitates significant harm to the animals… results=100 vec_w=0.90 fts_w=0.10
slow query: 291.7ms query=Would send a positive social message, increasing animal welf… results=100 vec_w=0.90 fts_w=0.10
slow query: 870.4ms query=Animals have a right not to be harmed  The differences betwe… results=100 vec_w=0.90 fts_w=0.10
slow query: 686.8ms query=Research can be done effectively without experimenting on li… results=100 vec_w=0.90 fts_w=0.10
slow query: 380.1ms query=Some groups of people have less capacity for suffering than … results=100 vec_w=0.90 fts_w=0.10
slow query: 631.3ms query=People would die and suffer needlessly under such a policy  … results=100 vec_w=0.90 fts_w=0.10
slow query: 596.5ms query=Animals involved in animal research are mostly well treated.… results=100 vec_w=0.90 fts_w=0.10
slow query: 1314.2ms query=Animal research is only used where other research methods ar… results=100 vec_w=0.90 fts_w=0.10
slow query: 1525.0ms query=Animal research is necessary for the development of truly no… results=100 vec_w=0.90 fts_w=0.10
slow query: 627.4ms query=Animals' rights are of less moral worth than human rights  H… results=100 vec_w=0.90 fts_w=0.10
slow query: 289.3ms query=More ‘good’ is produced by saving five lives than saving one… results=100 vec_w=0.90 fts_w=0.10
slow query: 333.4ms query=As humans we try to save as many people as possible  There e… results=100 vec_w=0.90 fts_w=0.10
slow query: 591.2ms query=Killing one person is the rational choice  The philosopher J… results=100 vec_w=0.90 fts_w=0.10
slow query: 230.6ms query=We cannot make any judgments about whose life is valuable an… results=100 vec_w=0.90 fts_w=0.10
slow query: 292.2ms query=The act of killing is emotionally damaging  To actually be i… results=100 vec_w=0.90 fts_w=0.10
slow query: 164.1ms query=We do not want a society in which killing can be acceptable … results=100 vec_w=0.90 fts_w=0.10
slow query: 163.1ms query=Utilitarianism is demanding  If we choose to save the five p… results=100 vec_w=0.90 fts_w=0.10
slow query: 149.8ms query=We instinctively know killing is wrong  While sometimes our … results=100 vec_w=0.90 fts_w=0.10
slow query: 226.5ms query=Killing is worse than letting someone die  People die in acc… results=100 vec_w=0.90 fts_w=0.10
slow query: 546.8ms query=The apparent loss of liberty is overstated.  Negative cases … results=100 vec_w=0.90 fts_w=0.10
slow query: 358.9ms query=The argument is about practicality and the balancing of risk… results=100 vec_w=0.90 fts_w=0.10
slow query: 619.7ms query=National security is something that must be protected even a… results=100 vec_w=0.90 fts_w=0.10
slow query: 419.1ms query=Western countries already benefit from extremely liberal law… results=100 vec_w=0.90 fts_w=0.10
slow query: 489.8ms query=It is with the popular support of the public that security m… results=100 vec_w=0.90 fts_w=0.10
slow query: 590.9ms query=The loss of individual liberty is the start of a slippery sl… results=100 vec_w=0.90 fts_w=0.10
slow query: 361.8ms query=In the public’s eyes, the government seems to suspect everyo… results=100 vec_w=0.90 fts_w=0.10
slow query: 373.9ms query=It impedes economic progress.  Extra-security measures only … results=100 vec_w=0.90 fts_w=0.10
slow query: 332.4ms query=It would be letting the terrorists win  It is the aim of all… results=100 vec_w=0.90 fts_w=0.10
slow query: 953.2ms query=The threat of terrorism and security risks are overstated.  … results=100 vec_w=0.90 fts_w=0.10
slow query: 577.2ms query=Overcomes prejudice  Affirmative action is required to overc… results=100 vec_w=0.90 fts_w=0.10
slow query: 748.0ms query=Equality of opportunity  Affirmative action is required for … results=100 vec_w=0.90 fts_w=0.10
slow query: 468.3ms query=Changes negative perceptions of university life  Affirmative… results=100 vec_w=0.90 fts_w=0.10
slow query: 231.4ms query=Increase the number of Minorities  College admission process… results=100 vec_w=0.90 fts_w=0.10
slow query: 295.0ms query=Affirmative action can create social tensions  Under the pol… results=100 vec_w=0.90 fts_w=0.10
slow query: 353.9ms query=Affirmative action will not work  The underlying issue which… results=100 vec_w=0.90 fts_w=0.10
slow query: 286.1ms query=Achievements should be earned not given  There is a great po… results=100 vec_w=0.90 fts_w=0.10
slow query: 1311.5ms query=Neo-functionalism proposes a purpose to EU integration.  Neo… results=100 vec_w=0.90 fts_w=0.10
slow query: 378.7ms query=Supranational Entrepreneurs played a crucial role in integra… results=100 vec_w=0.90 fts_w=0.10
slow query: 507.6ms query=Neo-functionalism explains the cause of integration  Spill-o… results=100 vec_w=0.90 fts_w=0.10
slow query: 306.2ms query=Neo-functionalism - liberal theory of regional integration  … results=100 vec_w=0.90 fts_w=0.10
slow query: 327.7ms query=Neo-functionalism provides a good starting point for EU anal… results=100 vec_w=0.90 fts_w=0.10
slow query: 456.4ms query=The Founder of Neo-functionalism abandoned his own Theory (H… results=100 vec_w=0.90 fts_w=0.10
slow query: 248.2ms query=The international system is characterised by anarchy and the… results=100 vec_w=0.90 fts_w=0.10
slow query: 838.5ms query=The Empty Chair Crisis 1965  In 1965 during the Empty Chair … results=100 vec_w=0.90 fts_w=0.10
slow query: 799.6ms query=The assumption of the automaticity of Spill-over is wrong.  … results=100 vec_w=0.90 fts_w=0.10
slow query: 753.6ms query=It may be necessary to limit trial by jury in cases where th… results=100 vec_w=0.90 fts_w=0.10
slow query: 920.5ms query=It may be necessary to limit trial by jury in cases where it… results=100 vec_w=0.90 fts_w=0.10
slow query: 376.6ms query=It may be necessary to limit trial by jury in terrorism case… results=100 vec_w=0.90 fts_w=0.10
slow query: 385.0ms query=Judges are better at delivering justice than juries are.  Ju… results=100 vec_w=0.90 fts_w=0.10
slow query: 1097.1ms query=Having trial by jury for people accused of very small offenc… results=100 vec_w=0.90 fts_w=0.10
slow query: 840.5ms query=Through jury nullification, juries make the law more account… results=100 vec_w=0.90 fts_w=0.10
slow query: 411.7ms query=Limiting trial by jury in some cases sets the stage for limi… results=100 vec_w=0.90 fts_w=0.10
slow query: 954.7ms query=Trial by jury is a fundamental right and should never be abr… results=100 vec_w=0.90 fts_w=0.10
slow query: 357.7ms query=Protections offered in a court must be absolute in order for… results=100 vec_w=0.90 fts_w=0.10
slow query: 284.3ms query=Terrorism can lead to discussion  In some cases, terrorism c… results=100 vec_w=0.90 fts_w=0.10
slow query: 689.3ms query=Consequentialism  Actions can only be justified by their out… results=100 vec_w=0.90 fts_w=0.10
slow query: 1315.6ms query=Legitimacy  In extreme cases, in which peaceful and democrat… results=100 vec_w=0.90 fts_w=0.10
slow query: 254.9ms query=Terrorism can bring attention  Terrorism can raise the profi… results=100 vec_w=0.90 fts_w=0.10
slow query: 1069.5ms query=Terrorism is relative  The definition of terrorism depends v… results=100 vec_w=0.90 fts_w=0.10
slow query: 810.7ms query=Terrorism creates a negative abusable portrayal  Acts of ter… results=100 vec_w=0.90 fts_w=0.10
slow query: 734.9ms query=Corrupt states  States or institutions created in concession… results=100 vec_w=0.90 fts_w=0.10
slow query: 478.4ms query=Exacerbation of poor conditions  Terrorism creates a perpetu… results=100 vec_w=0.90 fts_w=0.10
slow query: 1070.3ms query=Harm to others is never legitimate  Even in cases of suppres… results=100 vec_w=0.90 fts_w=0.10
slow query: 294.3ms query=Justice co-operation  Crime does not stop at national border… results=100 vec_w=0.90 fts_w=0.10
slow query: 321.7ms query=Encourages a culture of respect for human rights  Capital pu… results=100 vec_w=0.90 fts_w=0.10
slow query: 314.8ms query=Diplomatic relations  European states in particular put a pa… results=100 vec_w=0.90 fts_w=0.10
slow query: 215.9ms query=African values  Human rights are a concept that take on diff… results=100 vec_w=0.90 fts_w=0.10
slow query: 179.7ms query=Capital punishment is a comparatively small issue  Whatever … results=100 vec_w=0.90 fts_w=0.10
slow query: 191.2ms query=“Benefits” of capital punishment apply universally  The same… results=100 vec_w=0.90 fts_w=0.10
slow query: 204.6ms query=Self-determination and independence is recognition of the fa… results=100 vec_w=0.90 fts_w=0.10
slow query: 609.1ms query=Self-determination is necessary to protect minority cultures… results=100 vec_w=0.90 fts_w=0.10
slow query: 448.7ms query=Self-determination embodies the fundamental right of peoples… results=100 vec_w=0.90 fts_w=0.10
slow query: 973.5ms query=Self-determination offers a way to resolve otherwise intract… results=100 vec_w=0.90 fts_w=0.10
slow query: 328.2ms query=The rise of universal human rights makes self-determination … results=100 vec_w=0.90 fts_w=0.10
slow query: 250.5ms query=Self-determination can destabilise nation states, sometimes … results=100 vec_w=0.90 fts_w=0.10
slow query: 432.7ms query=What matters are individual democratic rights, not necessari… results=100 vec_w=0.90 fts_w=0.10
slow query: 154.9ms query=Suicide is a selfish act that causes suffering to others  Su… results=100 vec_w=0.90 fts_w=0.10
slow query: 442.8ms query=Suicide is a waste of life  Suicide is a waste of life. It i… results=100 vec_w=0.90 fts_w=0.10
slow query: 433.0ms query=Prohibiting suicide sends the message that it is not an acce… results=100 vec_w=0.90 fts_w=0.10
slow query: 131.2ms query=Suicide undermines the sanctity of the human body  Like abor… results=100 vec_w=0.90 fts_w=0.10
slow query: 278.6ms query=The right to life means a right to death  When we speak of t… results=100 vec_w=0.90 fts_w=0.10
slow query: 170.1ms query=We are all dying  Death is an inevitable fact of life. We wi… results=100 vec_w=0.90 fts_w=0.10
slow query: 113.2ms query=This is not the role of the criminal law  Criminal legislati… results=100 vec_w=0.90 fts_w=0.10
slow query: 213.6ms query=Head of state immunity  Traditionally, heads of state have h… results=100 vec_w=0.90 fts_w=0.10
slow query: 264.6ms query=A delay is necessary for national security  Kenya is at risk… results=100 vec_w=0.90 fts_w=0.10
slow query: 142.6ms query=Interferes with a democratic mandate  Unlike many of the oth… results=100 vec_w=0.90 fts_w=0.10
slow query: 239.6ms query=Kenya needs the trial now  Without justice, there cannot be … results=100 vec_w=0.90 fts_w=0.10
slow query: 232.1ms query=Just hold the trial by videolink  It has already been agreed… results=100 vec_w=0.90 fts_w=0.10
slow query: 231.9ms query=Kenya would be better off without them  Kenya does not need … results=100 vec_w=0.90 fts_w=0.10
slow query: 163.4ms query=Criminal defendants don’t get to pick and choose trial dates… results=100 vec_w=0.90 fts_w=0.10
slow query: 1293.3ms query=Coca production can be justified on cultural grounds  Coca c… results=100 vec_w=0.90 fts_w=0.10
slow query: 730.7ms query=Coca chewing is not equivalent to the consumption of hard dr… results=100 vec_w=0.90 fts_w=0.10
slow query: 1325.5ms query=Legal coca cultivation would enhance economic growth in deve… results=100 vec_w=0.90 fts_w=0.10
slow query: 735.5ms query=Legalising coca production would undemine the wider war on t… results=100 vec_w=0.90 fts_w=0.10
slow query: 315.9ms query=Coca chewing is harmful and should be proscribed  The origin… results=100 vec_w=0.90 fts_w=0.10
slow query: 885.5ms query=Unrestricted Coca production would increase the availability… results=100 vec_w=0.90 fts_w=0.10
slow query: 969.7ms query=Juries need to have all the information possible in order to… results=100 vec_w=0.90 fts_w=0.10
slow query: 201.1ms query=Occasional disclosure of convictions leads to an inconsisten… results=100 vec_w=0.90 fts_w=0.10
slow query: 2013.7ms query=The current system is unfairly weighted in favour of crimina… results=100 vec_w=0.90 fts_w=0.10
slow query: 477.5ms query=Jurors are already aware of information which might ‘bias’ t… results=100 vec_w=0.90 fts_w=0.10
slow query: 388.6ms query=Defendants who are innocent will be protected  This motion c… results=100 vec_w=0.90 fts_w=0.10
slow query: 673.4ms query=We already recognise that we cannot place complete trust in … results=100 vec_w=0.90 fts_w=0.10
slow query: 514.4ms query=Allowing this motion would lead to a miscarriage of justice.… results=100 vec_w=0.90 fts_w=0.10
slow query: 432.2ms query=The disclosure of previous convictions could falsely charact… results=100 vec_w=0.90 fts_w=0.10
slow query: 449.0ms query=The motion completely undermines the assumption of innocence… results=100 vec_w=0.90 fts_w=0.10
slow query: 449.0ms query=Witnesses might be identified and placed in danger  Televisi… results=100 vec_w=0.90 fts_w=0.10
slow query: 365.9ms query=Televising turns justice into entertainment  Broadcasting tr… results=100 vec_w=0.90 fts_w=0.10
slow query: 370.0ms query=Unruly defendants can play up to the cameras  Televising the… results=100 vec_w=0.90 fts_w=0.10
slow query: 614.1ms query=Open justice – crimes with large numbers of victims  The pri… results=100 vec_w=0.90 fts_w=0.10
slow query: 253.0ms query=Broadcasting provides a public record  Unlike many other cri… results=100 vec_w=0.90 fts_w=0.10
slow query: 161.3ms query=ICC does not have same problems as other legal systems  The … results=100 vec_w=0.90 fts_w=0.10
slow query: 447.7ms query=Handguns are uniquely dangerous when compared with other wea… results=100 vec_w=0.90 fts_w=0.10
slow query: 1552.6ms query=Individuals Should Not Have the Right to Bear Arms in DC  Un… results=100 vec_w=0.90 fts_w=0.10
slow query: 900.6ms query=A handgun ban reduces crime and deaths  Aside from the fact … results=100 vec_w=0.90 fts_w=0.10
slow query: 1822.9ms query=Handguns are Required For Symbolic Reasons As A Defence Agai… results=100 vec_w=0.90 fts_w=0.10
slow query: 1395.9ms query=The DC Handgun ban is inconsistent with other legislation in… results=100 vec_w=0.90 fts_w=0.10
slow query: 1299.9ms query=Hand Guns Are Required For Self Defence.  Under the status q… results=100 vec_w=0.90 fts_w=0.10
slow query: 1845.4ms query=Democracies have an obligation to shield these people and to… results=100 vec_w=0.90 fts_w=0.10
slow query: 770.7ms query=These people are under serious threat for their pursuit of j… results=100 vec_w=0.90 fts_w=0.10
slow query: 1355.4ms query=This offer of amnesty serves as a powerful public statement … results=100 vec_w=0.90 fts_w=0.10
slow query: 1645.2ms query=The liberal democratic paradigm is not the only legitimate m… results=100 vec_w=0.90 fts_w=0.10
slow query: 985.6ms query=Democracies should be wary of meddling in the internal affai… results=100 vec_w=0.90 fts_w=0.10
slow query: 1304.8ms query=The offer of amnesty allows home governments to discredit bl… results=100 vec_w=0.90 fts_w=0.10
slow query: 1057.7ms query=An amnesty policy will serve only to alienate regimes, shutt… results=100 vec_w=0.90 fts_w=0.10
slow query: 1221.8ms query=The Settlements commit future Israeli governments to a harde… results=100 vec_w=0.90 fts_w=0.10
slow query: 899.7ms query=The Settlements are illegal, and demonstrate the impotence o… results=100 vec_w=0.90 fts_w=0.10
slow query: 817.0ms query=The Settlements are seen by Palestinians as a sign of bad fa… results=100 vec_w=0.90 fts_w=0.10
slow query: 889.9ms query=Settlements remove Palestinians from their own land, and the… results=100 vec_w=0.90 fts_w=0.10
slow query: 443.8ms query=Settlements provide economic investment in the Occupied Terr… results=100 vec_w=0.90 fts_w=0.10
slow query: 554.6ms query=There is nothing legal or sacred about the West Bank’s borde… results=100 vec_w=0.90 fts_w=0.10
slow query: 1281.0ms query=The Palestinians were full participants in the 1948 War agai… results=100 vec_w=0.90 fts_w=0.10
slow query: 1049.2ms query=The Settlements are justified based on the expulsion of Jews… results=100 vec_w=0.90 fts_w=0.10
slow query: 930.7ms query=An ICC enforcement arm would be quicker  If international cr… results=100 vec_w=0.90 fts_w=0.10
slow query: 903.1ms query=An ICC enforcement is a necessity if there is to be internat… results=100 vec_w=0.90 fts_w=0.10
slow query: 582.6ms query=An ICC Enforcement arm would bring in a higher proportion of… results=100 vec_w=0.90 fts_w=0.10
slow query: 948.3ms query=An ICC enforcement arm would make the ICC more credible as a… results=100 vec_w=0.90 fts_w=0.10
slow query: 187.9ms query=An ICC enforcement arm would be unduly expensive  In a clima… results=100 vec_w=0.90 fts_w=0.10
slow query: 585.3ms query=ICC enforcement would create resentment  There are good reas… results=100 vec_w=0.90 fts_w=0.10
slow query: 656.8ms query=An ICC enforcement arm would be highly detrimental to the re… results=100 vec_w=0.90 fts_w=0.10
slow query: 203.4ms query=An ICC enforcement arm is unnecessary  To create an enforcem… results=100 vec_w=0.90 fts_w=0.10
slow query: 294.1ms query=Needle exchanges protect the public  Needle exchanges allow … results=100 vec_w=0.90 fts_w=0.10
slow query: 1245.4ms query=Needle exchanges prevent the transmission of disease  A need… results=100 vec_w=0.90 fts_w=0.10
slow query: 497.7ms query=Needle exchanges can help social services to locate addicts … results=100 vec_w=0.90 fts_w=0.10
slow query: 556.4ms query=Needle exchanges will increase the incidence of drug use  Be… results=100 vec_w=0.90 fts_w=0.10
slow query: 404.7ms query=Needle exchanges cause crime  Needle exchanges gather a larg… results=100 vec_w=0.90 fts_w=0.10
slow query: 358.8ms query=Creating needle exchange may normalise drug-taking behaviour… results=100 vec_w=0.90 fts_w=0.10
slow query: 401.6ms query=The rich are now also deterred  Another purpose of fines is … results=100 vec_w=0.90 fts_w=0.10
slow query: 311.4ms query=Rich and poor now face equality of impact of punishment  The… results=100 vec_w=0.90 fts_w=0.10
slow query: 2321.0ms query=Creates the perception that the rich are not immune to the c… results=100 vec_w=0.90 fts_w=0.10
slow query: 613.0ms query=The rich will resent this  The rich will feel like they are … results=100 vec_w=0.90 fts_w=0.10
slow query: 350.9ms query=Creates the perception that fines are like taxes, rather tha… results=100 vec_w=0.90 fts_w=0.10
slow query: 629.7ms query=A flat rate is more just  A fine ought to be proportionate t… results=100 vec_w=0.90 fts_w=0.10
slow query: 393.4ms query=Terrorist organisations such as Al Qaida do not respect the … results=100 vec_w=0.90 fts_w=0.10
slow query: 250.7ms query=In the event of an imminent attack it is only reasonable to … results=100 vec_w=0.90 fts_w=0.10
slow query: 330.7ms query=Time is of the essence in a crisis. When confronted with ext… results=100 vec_w=0.90 fts_w=0.10
slow query: 700.9ms query=Introducing the use of violence into the justice system mean… results=100 vec_w=0.90 fts_w=0.10
slow query: 385.4ms query=If legal principles are abandoned then there is little point… results=100 vec_w=0.90 fts_w=0.10
slow query: 352.5ms query=Allowing torture under any circumstances will allow the pros… results=100 vec_w=0.90 fts_w=0.10
slow query: 568.8ms query=Video footage of a court case would provide valuable informa… results=100 vec_w=0.90 fts_w=0.10
slow query: 611.7ms query=People should have a right of access to justice.  Given that… results=100 vec_w=0.90 fts_w=0.10
slow query: 182.8ms query=Cameras encourage efficiency and high standards.  Placing ca… results=100 vec_w=0.90 fts_w=0.10
slow query: 641.0ms query=Invoking public reaction can damage the lives of those conce… results=100 vec_w=0.90 fts_w=0.10
slow query: 846.2ms query=Witnesses and jurors could easily become involved in the med… results=100 vec_w=0.90 fts_w=0.10
slow query: 1364.3ms query=Televising court cases undermines the right to privacy for t… results=100 vec_w=0.90 fts_w=0.10
slow query: 628.9ms query=This turns court cases into entertainment, rather than legit… results=100 vec_w=0.90 fts_w=0.10
slow query: 372.3ms query=The character of every act depends upon the circumstances in… results=100 vec_w=0.90 fts_w=0.10
slow query: 261.7ms query=It may be necessary in the interests of national security  T… results=100 vec_w=0.90 fts_w=0.10
slow query: 220.3ms query=Holocaust Denial  Speech acts lead to physical acts. Thus po… results=100 vec_w=0.90 fts_w=0.10
slow query: 173.5ms query=Individual Liberty outweighs any potential harms  Whatever t… results=100 vec_w=0.90 fts_w=0.10
slow query: 271.0ms query=Free speech allows challenges to orthodox beliefs  Free spee… results=100 vec_w=0.90 fts_w=0.10
slow query: 198.4ms query=Prohibition does not work; instead, it glamorizes drugs  Tho… results=100 vec_w=0.90 fts_w=0.10
slow query: 163.3ms query=The law is hypocritical  In most countries where drugs are i… results=100 vec_w=0.90 fts_w=0.10
slow query: 317.0ms query=Drugs currently fund terrorism and regional instability  The… results=100 vec_w=0.90 fts_w=0.10
slow query: 202.2ms query=People should be free to take drugs  Individuals are soverei… results=100 vec_w=0.90 fts_w=0.10
slow query: 117.5ms query=Legal drugs would increase tax revenue  In 2009-2010, the ta… results=100 vec_w=0.90 fts_w=0.10
slow query: 136.4ms query=Drugs are safer when legal  Currently in the UK, purity of i… results=100 vec_w=0.90 fts_w=0.10
slow query: 172.8ms query=Legalisation reduces crime  The illegality of drugs fuels a … results=100 vec_w=0.90 fts_w=0.10
slow query: 352.4ms query=More people will take drugs if they are legal  Considering t… results=100 vec_w=0.90 fts_w=0.10
slow query: 385.0ms query=Drugs are dangerous, and the governement should discourage i… results=100 vec_w=0.90 fts_w=0.10
slow query: 824.8ms query=Rehabilitation Has Greater Regard For the Offender  Rehabili… results=100 vec_w=0.90 fts_w=0.10
slow query: 1059.6ms query=Rehabilitation Is A Better General Justifying Aim for Punish… results=100 vec_w=0.90 fts_w=0.10
slow query: 352.3ms query=Rehabilitation Doesn’t Actually Work  While some rehabilitat… results=100 vec_w=0.90 fts_w=0.10
slow query: 566.9ms query=Rehabilitation Constitutes an Unjustifiable Further Expense … results=100 vec_w=0.90 fts_w=0.10
slow query: 1200.6ms query=How Would One Know a System of Rehabilitation Is Really Work… results=100 vec_w=0.90 fts_w=0.10
slow query: 1032.1ms query=Rehabilitation Does Not Serve The Needs of Society  The prim… results=100 vec_w=0.90 fts_w=0.10
slow query: 278.0ms query=It blocks a significant amount of evidence  A system of just… results=100 vec_w=0.90 fts_w=0.10
slow query: 582.2ms query=Attorney client privilege need not be sacrosanct in all situ… results=100 vec_w=0.90 fts_w=0.10
slow query: 497.0ms query=It makes it more likely that attorneys will lie for their cl… results=100 vec_w=0.90 fts_w=0.10
slow query: 200.9ms query=It places excessive moral burden on solicitors  With the att… results=100 vec_w=0.90 fts_w=0.10
slow query: 294.2ms query=The principle behind attorney-client privilege is declining … results=100 vec_w=0.90 fts_w=0.10
slow query: 255.5ms query=It better enables Attorneys to advance their client's case  … results=100 vec_w=0.90 fts_w=0.10
slow query: 311.7ms query=Client-Attorney Privilege is already qualified appropriately… results=100 vec_w=0.90 fts_w=0.10
slow query: 202.1ms query=It supports the principle that everyone is entitled to a def… results=100 vec_w=0.90 fts_w=0.10
slow query: 446.2ms query=The ICC offers justice to victims of war crimes.  The ICC of… results=100 vec_w=0.90 fts_w=0.10
slow query: 1262.6ms query=The ICC allows for the prosecution of war criminals.  Law-ab… results=100 vec_w=0.90 fts_w=0.10
slow query: 703.9ms query=The deterrent effect of the Court ensures wide-spread and eq… results=100 vec_w=0.90 fts_w=0.10
slow query: 321.4ms query=It may be in the best interests of victims and their state f… results=100 vec_w=0.90 fts_w=0.10
slow query: 370.2ms query=The ICC fails to prevent atrocities.  The ICC will not deter… results=100 vec_w=0.90 fts_w=0.10
slow query: 549.4ms query=The novel crime of aggression leads to the prosecution of th… results=100 vec_w=0.90 fts_w=0.10
slow query: 637.1ms query=The ICC has too much authority.  The ICC will lead to politi… results=100 vec_w=0.90 fts_w=0.10
slow query: 993.2ms query=The ICC generates crippling expenses.  Cautious estimates su… results=100 vec_w=0.90 fts_w=0.10
slow query: 852.1ms query=A bargaining chip  In much the same way that material invest… results=100 vec_w=0.90 fts_w=0.10
slow query: 1352.4ms query=The academic tradition of the West  The growth of universiti… results=100 vec_w=0.90 fts_w=0.10
slow query: 688.3ms query=Maintaining the value of the degree  Employers and others ex… results=100 vec_w=0.90 fts_w=0.10
slow query: 1347.7ms query=‘Separation of town and gown’  There are two parties involve… results=100 vec_w=0.90 fts_w=0.10
slow query: 574.1ms query=Universities should exchange ideas not impose them  Of all p… results=100 vec_w=0.90 fts_w=0.10
slow query: 1592.2ms query=Argument One: Contact leads to the dissemination of values  … results=100 vec_w=0.90 fts_w=0.10
slow query: 538.8ms query=Online courses broadens access to education  Online courses … results=100 vec_w=0.90 fts_w=0.10
slow query: 283.1ms query=Online courses encourage sharing of academic information  On… results=100 vec_w=0.90 fts_w=0.10
slow query: 341.6ms query=Online courses are more convenient for students than traditi… results=100 vec_w=0.90 fts_w=0.10
slow query: 293.7ms query=Online courses are a way to higher academic excellence  Relo… results=100 vec_w=0.90 fts_w=0.10
slow query: 373.1ms query=Online courses would allow universities to use more resource… results=100 vec_w=0.90 fts_w=0.10
slow query: 452.1ms query=Online courses make it impossible to ensure academic honesty… results=100 vec_w=0.90 fts_w=0.10
slow query: 182.3ms query=Traditional universities are a rite of passage to independen… results=100 vec_w=0.90 fts_w=0.10
slow query: 258.1ms query=Online courses undermine society life of the university  Uni… results=100 vec_w=0.90 fts_w=0.10
slow query: 287.6ms query=Online courses undermine live communication with professors … results=100 vec_w=0.90 fts_w=0.10
slow query: 338.4ms query=Financial model of online courses is unsustainable  At the m… results=100 vec_w=0.90 fts_w=0.10
slow query: 234.2ms query=The state benefits from the skills of a university educated … results=100 vec_w=0.90 fts_w=0.10
slow query: 410.1ms query=Individuals have a right to the experience of higher educati… results=100 vec_w=0.90 fts_w=0.10
slow query: 199.2ms query=Individuals have a right to equal opportunities that free un… results=100 vec_w=0.90 fts_w=0.10
slow query: 415.6ms query=The burden of fees and loans are too great to expect young p… results=100 vec_w=0.90 fts_w=0.10
slow query: 410.9ms query=Maintaining a system of free university education leads to a… results=100 vec_w=0.90 fts_w=0.10
slow query: 274.5ms query=State control of acceptance/curriculum criteria has negative… results=100 vec_w=0.90 fts_w=0.10
slow query: 336.7ms query=Free university education unjustly benefits one subset of so… results=100 vec_w=0.90 fts_w=0.10
slow query: 496.4ms query=The quality of education suffers when university education i… results=100 vec_w=0.90 fts_w=0.10
slow query: 586.6ms query=The cost to the state is far too great to sustain universal … results=100 vec_w=0.90 fts_w=0.10
slow query: 602.9ms query=Affirmative action removes the cyclical disadvantages of dis… results=100 vec_w=0.90 fts_w=0.10
slow query: 630.3ms query=There is a moral obligation to provide affirmative action pr… results=100 vec_w=0.90 fts_w=0.10
slow query: 323.5ms query=Affirmative action reduces social prejudice  Past discrimina… results=100 vec_w=0.90 fts_w=0.10
slow query: 554.5ms query=Affirmative action creates bad workplaces for all minorities… results=100 vec_w=0.90 fts_w=0.10
slow query: 437.2ms query=Affirmative action perpetuates prejudice  Affirmative action… results=100 vec_w=0.90 fts_w=0.10
slow query: 768.2ms query=Meritocracy is the only fair system by which society should … results=100 vec_w=0.90 fts_w=0.10
slow query: 360.1ms query=A graduate tax would make university funding more sustainabl… results=100 vec_w=0.90 fts_w=0.10
slow query: 316.5ms query=Delivering funding via a graduate tax is the best way to enc… results=100 vec_w=0.90 fts_w=0.10
slow query: 388.9ms query=A graduate tax would make access to higher education fairer … results=100 vec_w=0.90 fts_w=0.10
slow query: 512.0ms query=Alternative- and more efficient- methods of funding universi… results=100 vec_w=0.90 fts_w=0.10
slow query: 186.7ms query=Graduates may move abroad to avoid tax payments  As taxes ar… results=100 vec_w=0.90 fts_w=0.10
slow query: 378.5ms query=A graduate tax would reduce teh autonomy of universities  If… results=100 vec_w=0.90 fts_w=0.10
slow query: 527.2ms query=Setting up a graduate tax system would be damagingly expensi… results=100 vec_w=0.90 fts_w=0.10
slow query: 952.7ms query=Scientific opinion often changes; evolution may be accepted … results=100 vec_w=0.90 fts_w=0.10
slow query: 969.7ms query=Communities should have a say in what is taught in schools, … results=100 vec_w=0.90 fts_w=0.10
slow query: 413.1ms query=There is a very real controversy regarding the origin and de… results=100 vec_w=0.90 fts_w=0.10
slow query: 722.5ms query=Much of the complexity of life cannot be explained by evolut… results=100 vec_w=0.90 fts_w=0.10
slow query: 1251.9ms query=Creationism is as valid a scientific theory as those of evol… results=100 vec_w=0.90 fts_w=0.10
slow query: 1162.4ms query=Education should be about truth and facts, not dogma and fai… results=100 vec_w=0.90 fts_w=0.10
slow query: 705.5ms query=Creationism is a religious, not a scientific, explanation of… results=100 vec_w=0.90 fts_w=0.10
slow query: 1678.7ms query=There is no empirical evidence supporting Creationism, where… results=100 vec_w=0.90 fts_w=0.10
slow query: 1493.9ms query=The scientific community as a whole overwhelmingly rejects C… results=100 vec_w=0.90 fts_w=0.10
slow query: 181.4ms query=Equality of opportunity between richer and poorer children  … results=100 vec_w=0.90 fts_w=0.10
slow query: 237.3ms query=Increasing parents' freedom of choice  Different parents hav… results=100 vec_w=0.90 fts_w=0.10
slow query: 362.7ms query=Only well-off families will benefit from increased freedom o… results=100 vec_w=0.90 fts_w=0.10
slow query: 372.9ms query=The state retain control of schools - freedom, in this conte… results=100 vec_w=0.90 fts_w=0.10
slow query: 207.9ms query=The most vulnerable children would be left behind by the sch… results=100 vec_w=0.90 fts_w=0.10
slow query: 639.1ms query=Most universities are publically funded so should have to be… results=100 vec_w=0.90 fts_w=0.10
slow query: 434.6ms query=Opens up education  Higher education, as with other levels o… results=100 vec_w=0.90 fts_w=0.10
slow query: 391.6ms query=Openness benefits research and the economy  Open access can … results=100 vec_w=0.90 fts_w=0.10
slow query: 596.6ms query=Students would be able to benefit from being able to use res… results=100 vec_w=0.90 fts_w=0.10
slow query: 454.6ms query=Making everything free to access will damage universities ab… results=100 vec_w=0.90 fts_w=0.10
slow query: 581.9ms query=Who will write and edit the work?  You can’t take the end re… results=100 vec_w=0.90 fts_w=0.10
slow query: 328.4ms query=Less incentive to study at university  If everything that Un… results=100 vec_w=0.90 fts_w=0.10
slow query: 483.5ms query=Universities deserve to profit from their work  Universities… results=100 vec_w=0.90 fts_w=0.10
slow query: 190.3ms query=Standardized Tests are skewed in favour of the wealthy  Stan… results=100 vec_w=0.90 fts_w=0.10
slow query: 170.9ms query=Standardized tests result in teachers “teaching the test”  T… results=100 vec_w=0.90 fts_w=0.10
slow query: 389.7ms query=Standardized tests are arbitrary  Standardized tests are inh… results=100 vec_w=0.90 fts_w=0.10
slow query: 309.1ms query=Standardized tests discriminate against minorities  Minority… results=100 vec_w=0.90 fts_w=0.10
slow query: 258.9ms query=Standardized tests exaggerate small differences in performan… results=100 vec_w=0.90 fts_w=0.10
slow query: 384.9ms query=Alternative factors that can be considered in the admissions… results=100 vec_w=0.90 fts_w=0.10
slow query: 242.7ms query=It is the only single standard that everyone ends up taking … results=100 vec_w=0.90 fts_w=0.10
slow query: 1066.8ms query=School's duty of care  Peer pressure drives most drug use am… results=100 vec_w=0.90 fts_w=0.10
slow query: 1035.6ms query=Prevent drug use  There is a clear and present problem with … results=100 vec_w=0.90 fts_w=0.10
slow query: 248.0ms query=No harm to non-drug users  Random drug tests will pose no ha… results=100 vec_w=0.90 fts_w=0.10
slow query: 752.7ms query=Keeping teenagers in education  Studies in Michigan in the U… results=100 vec_w=0.90 fts_w=0.10
slow query: 345.7ms query=Safeguarding the teacher-student relationship  Random drug t… results=100 vec_w=0.90 fts_w=0.10
slow query: 1023.3ms query=Right to privacy  Even if a right to privacy (which would pr… results=100 vec_w=0.90 fts_w=0.10
slow query: 102.2ms query=Schools are best places to ensure good nutrition  Education … results=100 vec_w=0.90 fts_w=0.10
slow query: 121.2ms query=A school breakfast gives all students an equal start to the … results=100 vec_w=0.90 fts_w=0.10
slow query: 210.0ms query=A healthy breakfast improves students concentration  Childre… results=100 vec_w=0.90 fts_w=0.10
slow query: 164.1ms query=Government should focus on the most needy  A primary respons… results=100 vec_w=0.90 fts_w=0.10
slow query: 358.2ms query=Can we be sure a school meal will be healthy?  Even if the s… results=100 vec_w=0.90 fts_w=0.10
slow query: 207.5ms query=A school breakfast for all is a greater cost on schools  Eve… results=100 vec_w=0.90 fts_w=0.10
slow query: 107.6ms query=Nutrition is the parents responsibility  Parents are respons… results=100 vec_w=0.90 fts_w=0.10
slow query: 694.0ms query=Cluster Bombs Are Inconsistent With International Law  The i… results=100 vec_w=0.90 fts_w=0.10
slow query: 655.1ms query=Cluster Bombs Cause Unacceptable Harm to Civilians  In a mod… results=100 vec_w=0.90 fts_w=0.10
slow query: 734.9ms query=Rejecting the Ban on Cluster Bombs Hurts the international i… results=100 vec_w=0.90 fts_w=0.10
slow query: 886.5ms query=The Ban is Unfeasible  The problem with the ban on cluster b… results=100 vec_w=0.90 fts_w=0.10
slow query: 520.0ms query=This House Believes That the U.S. Should Ban The Use of Clus… results=100 vec_w=0.90 fts_w=0.10
slow query: 245.3ms query=Cluster Bombs Have Significant Strategic Value  As mentioned… results=100 vec_w=0.90 fts_w=0.10
slow query: 202.1ms query=A strong leader has more benefits than harms  Putin is the s… results=100 vec_w=0.90 fts_w=0.10
slow query: 399.8ms query=Stability is more important than reform  Since the fall of c… results=100 vec_w=0.90 fts_w=0.10
slow query: 222.2ms query=A strong leader is working in the state’s best interest  Put… results=100 vec_w=0.90 fts_w=0.10
slow query: 287.4ms query=Russia as a state and Russians as a nation need strong leade… results=100 vec_w=0.90 fts_w=0.10
slow query: 1424.6ms query=Russia does not have true democracy  The status quo in Russi… results=100 vec_w=0.90 fts_w=0.10
slow query: 241.4ms query=Corruption, an essential issue in Russia, is due to the stro… results=100 vec_w=0.90 fts_w=0.10
slow query: 1114.5ms query=The status quo reveals that several powerful and influential… results=100 vec_w=0.90 fts_w=0.10
slow query: 302.3ms query=Proper democratic checks and balance are the only way to rea… results=100 vec_w=0.90 fts_w=0.10
slow query: 164.7ms query=Britain will have greater ability to respond quickly  Whatev… results=100 vec_w=0.90 fts_w=0.10
slow query: 246.7ms query=The UK would have a completely independent foreign policy  B… results=100 vec_w=0.90 fts_w=0.10
slow query: 550.6ms query=EU economic preference will no longer bind Britain  As a cus… results=100 vec_w=0.90 fts_w=0.10
slow query: 232.2ms query=UK will be disentangled from EU affairs  Leaving the EU woul… results=100 vec_w=0.90 fts_w=0.10
slow query: 365.5ms query=Power is shifting to the East  Geography has a great influen… results=100 vec_w=0.90 fts_w=0.10
slow query: 657.1ms query=Leaving the EU will mean the UK will have less regional infl… results=100 vec_w=0.90 fts_w=0.10
slow query: 872.8ms query=The EU is a force multiplier  The UK gets more bang for the … results=100 vec_w=0.90 fts_w=0.10
slow query: 271.6ms query=The UK needs to be part of a block to remain relevant  Histo… results=100 vec_w=0.90 fts_w=0.10
slow query: 569.4ms query=The present system of earmarking in Congress is wide open to… results=100 vec_w=0.90 fts_w=0.10
slow query: 3690.0ms query=The constitution should not be amended  We should always be … results=100 vec_w=0.90 fts_w=0.10
slow query: 327.9ms query=Has made little difference in the past  The precedent of the… results=100 vec_w=0.90 fts_w=0.10
slow query: 385.8ms query=A President would be able to abuse the power given to them i… results=100 vec_w=0.90 fts_w=0.10
slow query: 1238.6ms query=Nuclear weapons give states valuable agenda-setting power on… results=100 vec_w=0.90 fts_w=0.10
slow query: 437.5ms query=Public acknowledgement of the right to nuclear deterrence wi… results=100 vec_w=0.90 fts_w=0.10
slow query: 1786.3ms query=All countries have a right to defend themselves with nuclear… results=100 vec_w=0.90 fts_w=0.10
slow query: 1244.6ms query=Nuclear weapons give states valuable agenda-setting power on… results=100 vec_w=0.90 fts_w=0.10
slow query: 698.7ms query=Nuclear weapons serve to defuse international conflicts and … results=100 vec_w=0.90 fts_w=0.10
slow query: 922.6ms query=The threat of nuclear weapons falling into the hands of rogu… results=100 vec_w=0.90 fts_w=0.10
slow query: 1151.5ms query=The threat of a state developing nuclear weapons could insti… results=100 vec_w=0.90 fts_w=0.10
slow query: 628.7ms query=Possessing nuclear weapons will be counter to the peaceful i… results=100 vec_w=0.90 fts_w=0.10
slow query: 482.3ms query=Humanitarian intervention becomes impossible in states that … results=100 vec_w=0.90 fts_w=0.10
slow query: 2725.6ms query=The right of self-defence must be exercised in accordance wi… results=100 vec_w=0.90 fts_w=0.10
slow query: 554.3ms query=The people are interested in the health of their leader  The… results=100 vec_w=0.90 fts_w=0.10
slow query: 161.6ms query=The head of state/government must be accountable to the peop… results=100 vec_w=0.90 fts_w=0.10
slow query: 406.0ms query=Transparency allows citizens to choose for a healthy leader … results=100 vec_w=0.90 fts_w=0.10
slow query: 351.3ms query=A lack of transparency can endanger the leader  A person is … results=100 vec_w=0.90 fts_w=0.10
slow query: 489.7ms query=Rivals could misuse the opportunity  While the leader suffer… results=100 vec_w=0.90 fts_w=0.10
slow query: 328.5ms query=Damages diplomacy to be too open  Diplomacy can be very pers… results=100 vec_w=0.90 fts_w=0.10
slow query: 707.1ms query=Markets like stability  Business and the markets prize polit… results=100 vec_w=0.90 fts_w=0.10
slow query: 562.8ms query=Denial of privacy to the leaders  The leaders of states dese… results=100 vec_w=0.90 fts_w=0.10
slow query: 835.8ms query=Constitutional imperative  The Constitution of the United St… results=100 vec_w=0.90 fts_w=0.10
slow query: 426.9ms query=Checks and balances  By having both parties in charge of dif… results=100 vec_w=0.90 fts_w=0.10
slow query: 512.9ms query=How Congress Works  Congress is a bicameral body, with its c… results=100 vec_w=0.90 fts_w=0.10
slow query: 572.6ms query=Effect on the structure of the main political parties  Divid… results=100 vec_w=0.90 fts_w=0.10
slow query: 469.9ms query=Existing checks and balances  Proposition have made out so f… results=100 vec_w=0.90 fts_w=0.10
slow query: 508.9ms query=Parties as coalitions  The two political parties are ideolog… results=100 vec_w=0.90 fts_w=0.10
slow query: 651.1ms query=Growing partisanship  The current political climate makes di… results=100 vec_w=0.90 fts_w=0.10
slow query: 475.8ms query=Effect on democratic participation  Divided Government under… results=100 vec_w=0.90 fts_w=0.10
slow query: 529.1ms query=Providing attention simply encourages the regime  North Kore… results=100 vec_w=0.90 fts_w=0.10
slow query: 648.5ms query=South Korea can handle the situation itself  The two Koreas … results=100 vec_w=0.90 fts_w=0.10
slow query: 985.4ms query=Rounds of sanctions and engagement does not bring a solution… results=100 vec_w=0.90 fts_w=0.10
slow query: 1218.3ms query=North Korea is an unresolved conflict it can’t simply be ign… results=100 vec_w=0.90 fts_w=0.10
slow query: 670.0ms query=Ignoring North Korea wont resolve the situation  While the g… results=100 vec_w=0.90 fts_w=0.10
slow query: 469.0ms query=North Korea is an irrational regime that is a strategic thre… results=100 vec_w=0.90 fts_w=0.10
slow query: 695.1ms query=This is an unjust use of unelected power  Politicians want e… results=100 vec_w=0.90 fts_w=0.10
slow query: 1346.6ms query=Personality politics is harmful to the democratic process  C… results=100 vec_w=0.90 fts_w=0.10
slow query: 1043.4ms query=People will have less information about politicians’ manifes… results=100 vec_w=0.90 fts_w=0.10
slow query: 443.9ms query=Celebrity involvement counters financial power to the benefi… results=100 vec_w=0.90 fts_w=0.10
slow query: 506.0ms query=Celebrity involvement can highlight minority interests  Ther… results=100 vec_w=0.90 fts_w=0.10
slow query: 894.5ms query=Celebrity involvement can act as a ‘gateway’ to get more peo… results=100 vec_w=0.90 fts_w=0.10
slow query: 557.3ms query=Britain may not like losing the Queen's head on banknotes bu… results=100 vec_w=0.90 fts_w=0.10
slow query: 400.3ms query=Britain will lose economically if she stays out of the Euro … results=100 vec_w=0.90 fts_w=0.10
slow query: 228.4ms query=Amid all the Euroscepticism (sic) and xenophobic scaremonger… results=100 vec_w=0.90 fts_w=0.10
slow query: 302.8ms query=Joining the Euro would reduce the cost of travel in Europe. … results=100 vec_w=0.90 fts_w=0.10
slow query: 502.0ms query=In joining the single currency, Britain would have to surren… results=100 vec_w=0.90 fts_w=0.10
slow query: 889.8ms query=Losing the Queen's head on banknotes is NOT a minor issue, i… results=100 vec_w=0.90 fts_w=0.10
slow query: 439.2ms query=For Britain to join the single currency is simply unthinkabl… results=100 vec_w=0.90 fts_w=0.10
slow query: 1405.8ms query=Defaulting would be the quickest route to economic recovery … results=100 vec_w=0.90 fts_w=0.10
slow query: 1349.4ms query=The current austerity measures are not working  The Austerit… results=100 vec_w=0.90 fts_w=0.10
slow query: 414.5ms query=A Greek default would increase stability for the rest of the… results=100 vec_w=0.90 fts_w=0.10
slow query: 681.9ms query=Defaulting would not solve Greece’s problems  The propositio… results=100 vec_w=0.90 fts_w=0.10
slow query: 743.9ms query=Leaving the Eurozone would be detrimental for Greece in the … results=100 vec_w=0.90 fts_w=0.10
slow query: 547.0ms query=A Greek default would have a negative domino-effect on other… results=100 vec_w=0.90 fts_w=0.10
slow query: 1004.3ms query=Defaulting would cause chaos in Greece  There is no good sol… results=100 vec_w=0.90 fts_w=0.10
slow query: 497.6ms query=Compulsory voting broadens representation of disadvantaged g… results=100 vec_w=0.90 fts_w=0.10
slow query: 623.9ms query=It will reduce the power of special interest groups  A benef… results=100 vec_w=0.90 fts_w=0.10
slow query: 241.8ms query=Voting is a civic duty  Other civic duties also exist “which… results=100 vec_w=0.90 fts_w=0.10
slow query: 392.2ms query=It will cause more people to become interested in politics  … results=100 vec_w=0.90 fts_w=0.10
slow query: 340.1ms query=Compulsory voting has been implemented successfully.  Austra… results=100 vec_w=0.90 fts_w=0.10
slow query: 695.7ms query=Policing and financing the system is unmanageable  If a larg… results=100 vec_w=0.90 fts_w=0.10
slow query: 287.8ms query=There are alternatives that tackle the real causes of voter … results=100 vec_w=0.90 fts_w=0.10
slow query: 840.0ms query=Persuasion is more effective than coercion  Forcing people i… results=100 vec_w=0.90 fts_w=0.10
slow query: 491.2ms query=Aid can ensure better treatment of migrants  Migrants in dev… results=100 vec_w=0.90 fts_w=0.10
slow query: 295.0ms query=It is just to redistribute migrants  It is an accident of ge… results=100 vec_w=0.90 fts_w=0.10
slow query: 390.2ms query=Migrants can benefit developing countries  Migrants can brin… results=100 vec_w=0.90 fts_w=0.10
slow query: 617.6ms query=Large influxes of migrants will create conflict in unprepare… results=100 vec_w=0.90 fts_w=0.10
slow query: 360.6ms query=Migrants will simply return to the countries they have been … results=100 vec_w=0.90 fts_w=0.10
slow query: 440.5ms query=Developed countries have a greater responsibility to take in… results=100 vec_w=0.90 fts_w=0.10
slow query: 1198.3ms query=Collective bargaining leades to pay crises in the public sec… results=100 vec_w=0.90 fts_w=0.10
slow query: 1972.3ms query=Collective bargaining is not a right  Whilst the freedom of … results=100 vec_w=0.90 fts_w=0.10
slow query: 572.3ms query=Collective bargaining undermines the democractic process  Th… results=100 vec_w=0.90 fts_w=0.10
slow query: 565.0ms query=Collective bargaining is a counter to the creation of natura… results=100 vec_w=0.90 fts_w=0.10
slow query: 803.9ms query=Collective bargaining has been recognised as an enforcable r… results=100 vec_w=0.90 fts_w=0.10
slow query: 935.1ms query=Collective bargaining is a necessary aspect of democracy  Co… results=100 vec_w=0.90 fts_w=0.10
slow query: 3726.6ms query=The New START treaty will help against Iran’s nuclear progra… results=100 vec_w=0.90 fts_w=0.10
slow query: 3773.7ms query=The New START treaty will make for a safer world.  Reducing … results=100 vec_w=0.90 fts_w=0.10
slow query: 3289.9ms query=The New START treaty maintains US nuclear and missile defenc… results=100 vec_w=0.90 fts_w=0.10
slow query: 2493.5ms query=The New START treaty helps Russia more than the US  Not only… results=100 vec_w=0.90 fts_w=0.10
slow query: 769.2ms query=Problems with Verification.  Verification is vital in any ag… results=100 vec_w=0.90 fts_w=0.10
slow query: 3364.8ms query=The New START treaty sets a bad approach for a changing worl… results=100 vec_w=0.90 fts_w=0.10
slow query: 4239.9ms query=The New START treaty harms US nuclear capabilities  As David… results=100 vec_w=0.90 fts_w=0.10
slow query: 356.4ms query=Religious symbols cause problems in schools.  As well as div… results=100 vec_w=0.90 fts_w=0.10
slow query: 486.5ms query=Western societies are secularly focused  Many societies are … results=100 vec_w=0.90 fts_w=0.10
slow query: 386.7ms query=Many symbols are seen as a symbol of oppression on women.  R… results=100 vec_w=0.90 fts_w=0.10
slow query: 407.4ms query=Religious symbols cause division within Western society.  Re… results=100 vec_w=0.90 fts_w=0.10
slow query: 316.2ms query=A ban would be simple to enforce.  A ban would be simple to … results=100 vec_w=0.90 fts_w=0.10
slow query: 231.7ms query=Religious symbols are personal, therefore, they should not m… results=100 vec_w=0.90 fts_w=0.10
slow query: 274.9ms query=It is their culture and religion.  Religions themselves tend… results=100 vec_w=0.90 fts_w=0.10
slow query: 500.3ms query=If you ban one thing, you have to ban lots of things.  Every… results=100 vec_w=0.90 fts_w=0.10
slow query: 208.0ms query=Banning religious symbols is just a way of unfairly targetin… results=100 vec_w=0.90 fts_w=0.10
slow query: 301.7ms query=PMCs give value for money  Mercenaries are a cost efficient … results=100 vec_w=0.90 fts_w=0.10
slow query: 279.7ms query=PMCs can be made much more legitimate by regulation  Current… results=100 vec_w=0.90 fts_w=0.10
slow query: 341.9ms query=PMCs provide a service that may be otherwise unavailable.  M… results=100 vec_w=0.90 fts_w=0.10
slow query: 110.8ms query=PMCs are a valuable resource  PMCs are a flexible and effici… results=100 vec_w=0.90 fts_w=0.10
slow query: 418.3ms query=PMCs have an equally strong incentive to perform.  PMCs must… results=100 vec_w=0.90 fts_w=0.10
slow query: 170.4ms query=PMCs attract less attention and suspicion and can carry out … results=100 vec_w=0.90 fts_w=0.10
slow query: 311.6ms query=PMCs are untrustworthy  The possibility of mercenaries pulli… results=100 vec_w=0.90 fts_w=0.10
slow query: 272.6ms query=The role of PMCs has had a negative effect on traditional mi… results=100 vec_w=0.90 fts_w=0.10
slow query: 150.1ms query=PMCs violate human rights and International agreements in pu… results=100 vec_w=0.90 fts_w=0.10
slow query: 433.1ms query=PMCs have an interest in conflict.  ncreased reliance on mer… results=100 vec_w=0.90 fts_w=0.10
slow query: 226.0ms query=The legal ownership of guns by ordinary citizens inevitably … results=100 vec_w=0.90 fts_w=0.10
slow query: 204.8ms query=The only function of a gun is to kill  The only function of … results=100 vec_w=0.90 fts_w=0.10
slow query: 163.2ms query=Sports shooting desensitizes people to the lethal nature of … results=100 vec_w=0.90 fts_w=0.10
slow query: 135.5ms query=Gun ownership increases the risk of suicide  There is a corr… results=100 vec_w=0.90 fts_w=0.10
slow query: 414.9ms query=Gun ownership increases national security within democratic … results=100 vec_w=0.90 fts_w=0.10
slow query: 407.8ms query=Effective gun control is not achievable in democratic states… results=100 vec_w=0.90 fts_w=0.10
slow query: 152.6ms query=Gun ownership is an integral aspect of the right to self def… results=100 vec_w=0.90 fts_w=0.10
slow query: 1811.4ms query=Politicians should be able to make difficult decisions witho… results=100 vec_w=0.90 fts_w=0.10
slow query: 193.1ms query=Prosecutions of politicians are often motivated by partisan … results=100 vec_w=0.90 fts_w=0.10
slow query: 798.2ms query=Giving politicians’ immunity from prosecution allows them to… results=100 vec_w=0.90 fts_w=0.10
slow query: 1040.1ms query=In the event of major abuses of power it should be the publi… results=100 vec_w=0.90 fts_w=0.10
slow query: 393.9ms query=Seeing a politician put on trial hurts the integrity of thei… results=100 vec_w=0.90 fts_w=0.10
slow query: 150.4ms query=Politicians who commit crimes are likely unfit to serve.  Th… results=100 vec_w=0.90 fts_w=0.10
slow query: 229.4ms query=Immunity creates a perverse incentive to hang on to their of… results=100 vec_w=0.90 fts_w=0.10
slow query: 220.2ms query=Immunity for politicians hurts the image of their office  Fa… results=100 vec_w=0.90 fts_w=0.10
slow query: 245.2ms query=Immunity for politicians is an unjust double standard  Every… results=100 vec_w=0.90 fts_w=0.10
slow query: 283.3ms query=The ability to prosecute politicians is the ultimate protect… results=100 vec_w=0.90 fts_w=0.10
slow query: 671.1ms query=Quebec has the right to self-determination.  All people have… results=100 vec_w=0.90 fts_w=0.10
slow query: 911.9ms query=Quebec needs to be independent to retain its distinct langua… results=100 vec_w=0.90 fts_w=0.10
slow query: 530.1ms query=International Law Mandates Quebec be allowed Independence  I… results=100 vec_w=0.90 fts_w=0.10
slow query: 499.5ms query=This is not the will of the people of Quebec.  Secession fro… results=100 vec_w=0.90 fts_w=0.10
slow query: 713.4ms query=Quebec would not be able to be economically viable on its ow… results=100 vec_w=0.90 fts_w=0.10
slow query: 715.0ms query=Avoids the costs and uncertainty of elections  It is hard to… results=100 vec_w=0.90 fts_w=0.10
slow query: 638.1ms query=Having no elections is honest  Holding sham elections is fun… results=100 vec_w=0.90 fts_w=0.10
slow query: 339.9ms query=Allows the ruler to make necessary but unpopular decisions  … results=100 vec_w=0.90 fts_w=0.10
slow query: 523.5ms query=Forces the ruler to find another way to placate the people  … results=100 vec_w=0.90 fts_w=0.10
slow query: 871.8ms query=Elections of any sort force rulers to meet their people  Ele… results=100 vec_w=0.90 fts_w=0.10
slow query: 642.6ms query=Sham elections do not mean the elections have no influence o… results=100 vec_w=0.90 fts_w=0.10
slow query: 526.9ms query=Even a sham election demonstrates what the people want  In a… results=100 vec_w=0.90 fts_w=0.10
slow query: 929.5ms query=Some kind of election is more likely to lead to real democra… results=100 vec_w=0.90 fts_w=0.10
slow query: 708.4ms query=Mayors would be more accountable than a council  Electing ma… results=100 vec_w=0.90 fts_w=0.10
slow query: 277.6ms query=Electing a Mayor will revitalise local democracy  An elected… results=100 vec_w=0.90 fts_w=0.10
slow query: 400.6ms query=Elected Mayors would attract the best candidates to run for … results=100 vec_w=0.90 fts_w=0.10
slow query: 391.2ms query=Mayors would raise the profile of the city they represent  E… results=100 vec_w=0.90 fts_w=0.10
slow query: 645.7ms query=Directly elected mayors provide opportunities for populists.… results=100 vec_w=0.90 fts_w=0.10
slow query: 175.3ms query=Mayors could split economic regions  The value of a mayor is… results=100 vec_w=0.90 fts_w=0.10
slow query: 223.4ms query=Mayors will come at a cost  Having Mayors is costly. First o… results=100 vec_w=0.90 fts_w=0.10
slow query: 456.7ms query=Mayors would result in too much centralisation of power.  An… results=100 vec_w=0.90 fts_w=0.10
slow query: 296.3ms query=Imposing democracy can be a way to support individuals unabl… results=100 vec_w=0.90 fts_w=0.10
slow query: 248.1ms query=Interventions can be successful given the right conditions. … results=100 vec_w=0.90 fts_w=0.10
slow query: 261.7ms query=Promoting democracy promotes peace.  By most accounts, there… results=100 vec_w=0.90 fts_w=0.10
slow query: 530.4ms query=Because democracy is the best form of government, it is not … results=100 vec_w=0.90 fts_w=0.10
slow query: 314.9ms query=Unilateral action is burdensome, and dangerous.  POINT  The … results=100 vec_w=0.90 fts_w=0.10
slow query: 529.3ms query=Attempting to impose democracy may escalate conflict.  Inter… results=100 vec_w=0.90 fts_w=0.10
slow query: 304.2ms query=The imposition of democracy violates national sovereignty  C… results=100 vec_w=0.90 fts_w=0.10
slow query: 557.3ms query=The desire for, and fight for, democracy must come from with… results=100 vec_w=0.90 fts_w=0.10
slow query: 286.0ms query=Democracy by its very nature cannot be imposed.  Democratic … results=100 vec_w=0.90 fts_w=0.10
slow query: 409.9ms query=The House of Lords has an inbuilt conservative majority.  Th… results=100 vec_w=0.90 fts_w=0.10
slow query: 201.3ms query=The House of Lords is out of touch with the electorate.  The… results=100 vec_w=0.90 fts_w=0.10
slow query: 346.4ms query=Reform would strengthen the House of Lords  Reform of the Ho… results=100 vec_w=0.90 fts_w=0.10
slow query: 321.1ms query=The current House of Lords is undemocratic  The House of Lor… results=100 vec_w=0.90 fts_w=0.10
slow query: 420.4ms query=Reform would make the House of Lords simply a mirror of the … results=100 vec_w=0.90 fts_w=0.10
slow query: 371.2ms query=The public is apathetic to reform.  Whether or not reform of… results=100 vec_w=0.90 fts_w=0.10
slow query: 1020.9ms query=Democracy should not be the end-point aspiration of governme… results=100 vec_w=0.90 fts_w=0.10
slow query: 175.2ms query=The House of Lords allows a number of experts to influence g… results=100 vec_w=0.90 fts_w=0.10
slow query: 698.5ms query=Citizens have a right to know what is done in their name  Th… results=100 vec_w=0.90 fts_w=0.10
slow query: 888.8ms query=Transparency prevents public relations disasters  Transparen… results=100 vec_w=0.90 fts_w=0.10
slow query: 1081.5ms query=Transparency is a good in and of itself  The most essential … results=100 vec_w=0.90 fts_w=0.10
slow query: 549.0ms query=Transparency helps reduce international tension  Transparenc… results=100 vec_w=0.90 fts_w=0.10
slow query: 413.6ms query=Transparency prevents, or corrects, mistakes  Transparency i… results=100 vec_w=0.90 fts_w=0.10
slow query: 442.8ms query=Provides information to competitors  Where there is internat… results=100 vec_w=0.90 fts_w=0.10
slow query: 769.3ms query=In security too much transparency endangers lives  Transpare… results=100 vec_w=0.90 fts_w=0.10
slow query: 1797.4ms query=Transparency can lead to conflict  The idea that transparenc… results=100 vec_w=0.90 fts_w=0.10
slow query: 1352.1ms query=Don’t panic!  The role of the security services is in part t… results=100 vec_w=0.90 fts_w=0.10
slow query: 525.1ms query=Transparency can result in normalisation  While something is… results=100 vec_w=0.90 fts_w=0.10
slow query: 721.5ms query=The fact that it is a Representative highlights the fact tha… results=100 vec_w=0.90 fts_w=0.10
slow query: 461.9ms query=The EU has already been unifying on multiple fronts, this is… results=100 vec_w=0.90 fts_w=0.10
slow query: 668.9ms query=The creation of the post of a High Representative marked an … results=100 vec_w=0.90 fts_w=0.10
slow query: 605.3ms query=The High Representative will be a catalyst and a facilitator… results=100 vec_w=0.90 fts_w=0.10
slow query: 482.1ms query=The previous arrangement of having two foreign policy center… results=100 vec_w=0.90 fts_w=0.10
slow query: 515.9ms query=There have been tests on the EU's ability to create a common… results=100 vec_w=0.90 fts_w=0.10
slow query: 367.5ms query=The post of a High Representative is merely a shadow of what… results=100 vec_w=0.90 fts_w=0.10
slow query: 485.0ms query=Devolution has demonstrated the ability of Scots to govern t… results=100 vec_w=0.90 fts_w=0.10
slow query: 280.3ms query=Scotland has a proud history and has demonstrated since devo… results=100 vec_w=0.90 fts_w=0.10
slow query: 369.7ms query=An independent Scotland has enormous economic potential to j… results=100 vec_w=0.90 fts_w=0.10
slow query: 275.9ms query=The union has worked for over three hundred years and most p… results=100 vec_w=0.90 fts_w=0.10
slow query: 363.2ms query=Scotland needs English economic muscle as through the Barnet… results=100 vec_w=0.90 fts_w=0.10
slow query: 365.6ms query=Deliberately turning away from the international clout the U… results=100 vec_w=0.90 fts_w=0.10
slow query: 525.5ms query=They fuel colourism in society  Allowing the use of racial o… results=100 vec_w=0.90 fts_w=0.10
slow query: 134.7ms query=These products are dangerous  Skin whitening creams often co… results=100 vec_w=0.90 fts_w=0.10
slow query: 227.4ms query=Monetizing colonialism  Skin whitening can be seen as an att… results=100 vec_w=0.90 fts_w=0.10
slow query: 289.2ms query=Prohibition is counterproductive  As tempting as it is to fe… results=100 vec_w=0.90 fts_w=0.10
slow query: 240.3ms query=Run education campaigns instead  Education is an alternative… results=100 vec_w=0.90 fts_w=0.10
slow query: 228.4ms query=Banning these is papering over the issue  It would be all to… results=100 vec_w=0.90 fts_w=0.10
slow query: 110.3ms query=Personal autonomy  Like many other debates, this simply boil… results=100 vec_w=0.90 fts_w=0.10
slow query: 384.5ms query=People are given too much choice, which makes them less happ… results=100 vec_w=0.90 fts_w=0.10
slow query: 123.2ms query=Advertisements tell children that they should have everythin… results=100 vec_w=0.90 fts_w=0.10
slow query: 242.1ms query=There are too many advertisements in everyday life.  The she… results=100 vec_w=0.90 fts_w=0.10
slow query: 201.4ms query=Advertisements are an attempt to brainwash customers.  Peopl… results=100 vec_w=0.90 fts_w=0.10
slow query: 286.4ms query=Advertisements try to make people feel bad about not having … results=100 vec_w=0.90 fts_w=0.10
slow query: 170.1ms query=Advertising helps us choose between different goods.  Advert… results=100 vec_w=0.90 fts_w=0.10
slow query: 235.8ms query=Advertising is only as annoying as you want it to be.  No-on… results=100 vec_w=0.90 fts_w=0.10
slow query: 224.6ms query=Advertisements promote healthy products and lifestyles.  Adv… results=100 vec_w=0.90 fts_w=0.10
slow query: 128.7ms query=Small businesses need advertisements to make their products … results=100 vec_w=0.90 fts_w=0.10
slow query: 933.3ms query=We have a duty to protect individuals from the worst reactio… results=100 vec_w=0.90 fts_w=0.10
slow query: 334.0ms query=Just shock-tactics, at the cost of better art  Sometimes art… results=100 vec_w=0.90 fts_w=0.10
slow query: 514.7ms query=The power of the visual  Art differs from other forms of med… results=100 vec_w=0.90 fts_w=0.10
slow query: 353.2ms query=Freedom of speech  Artists ought to be allowed to express th… results=100 vec_w=0.90 fts_w=0.10
slow query: 444.2ms query=Restriction based on social disgust prevents socially libera… results=100 vec_w=0.90 fts_w=0.10
slow query: 709.0ms query=Social disgust can be central to artwork  Some forms of art … results=100 vec_w=0.90 fts_w=0.10
slow query: 1659.5ms query=The default of total copyright is harmful to the spreading o… results=100 vec_w=0.90 fts_w=0.10
slow query: 1803.5ms query=Intellectual property is a legal fiction created for conveni… results=100 vec_w=0.90 fts_w=0.10
slow query: 1006.4ms query=The creative commons is a more effective means for artists t… results=100 vec_w=0.90 fts_w=0.10
slow query: 1570.9ms query=The costs of monitoring copyright by states, artists, and la… results=100 vec_w=0.90 fts_w=0.10
slow query: 1781.7ms query=Artists should retain the right to control their work’s inte… results=100 vec_w=0.90 fts_w=0.10
slow query: 327.4ms query=Artists often rely on copyright protection to financially su… results=100 vec_w=0.90 fts_w=0.10
slow query: 733.2ms query=The lack of control over, and profit from, art will serve as… results=100 vec_w=0.90 fts_w=0.10
slow query: 1917.9ms query=Artists have a fundamental property right over their creativ… results=100 vec_w=0.90 fts_w=0.10
slow query: 167.6ms query=Women have a right to be free of stereotyping.  Women's righ… results=100 vec_w=0.90 fts_w=0.10
slow query: 321.2ms query=Sexist advertising is harmful to society, especially women. … results=100 vec_w=0.90 fts_w=0.10
slow query: 211.5ms query=Since advertising is pervasive in mediated messages, it has … results=100 vec_w=0.90 fts_w=0.10
slow query: 359.7ms query=Policies should be established which ban the promotion of se… results=100 vec_w=0.90 fts_w=0.10
slow query: 321.7ms query=Sexist advertising is subjective so would be too difficult t… results=100 vec_w=0.90 fts_w=0.10
slow query: 422.3ms query=Individuals have a choice and right to respond to ads and th… results=100 vec_w=0.90 fts_w=0.10
slow query: 269.2ms query=Any changes in advertising should come from businesses thems… results=100 vec_w=0.90 fts_w=0.10
slow query: 228.5ms query=Sexist advertising is profitable  Business has a compelling … results=100 vec_w=0.90 fts_w=0.10
slow query: 9565.9ms query=The failure of rule of law  As the anthropologist and lawyer… results=100 vec_w=0.90 fts_w=0.10
slow query: 1557.3ms query=Cultural relativism and adapting to conflict  The issues und… results=100 vec_w=0.90 fts_w=0.10
slow query: 7422.7ms query=Removing barriers to demobilisation, disarmament and rehabil… results=100 vec_w=0.90 fts_w=0.10
slow query: 2540.5ms query=The cultural construction of armed conflict  The jurisdictio… results=100 vec_w=0.90 fts_w=0.10
slow query: 2384.1ms query=Punishing objectively harmful conduct  Of the tens of thousa… results=100 vec_w=0.90 fts_w=0.10
slow query: 1700.6ms query=Universal rights and collective compromises  Cultural relati… results=100 vec_w=0.90 fts_w=0.10
slow query: 1057.1ms query=Making children military targets  The purpose of the ban on … results=100 vec_w=0.90 fts_w=0.10
slow query: 243.2ms query=performers are at risk of exploitation  Children are general… results=100 vec_w=0.90 fts_w=0.10
slow query: 209.0ms query=Just as the state creates laws to protect child performers i… results=100 vec_w=0.90 fts_w=0.10
slow query: 257.3ms query=Allowing children to perform pushes them to grow up too soon… results=100 vec_w=0.90 fts_w=0.10
slow query: 160.4ms query=Being a performer limits a child’s formal education  Spendin… results=100 vec_w=0.90 fts_w=0.10
slow query: 422.7ms query=It is unethical to expose children to the pressures of perfo… results=100 vec_w=0.90 fts_w=0.10
slow query: 467.0ms query=Being a performer can make the child physically vulnerable  … results=100 vec_w=0.90 fts_w=0.10
slow query: 598.3ms query=If child performers were banned, many children would find a … results=100 vec_w=0.90 fts_w=0.10
slow query: 393.6ms query=The government has no right to prevent children from doing w… results=100 vec_w=0.90 fts_w=0.10
slow query: 261.4ms query=Child performers are necessary for roles in some films, tele… results=100 vec_w=0.90 fts_w=0.10
slow query: 815.3ms query=Bilingual Education is expensive and encourages balkanizatio… results=100 vec_w=0.90 fts_w=0.10
slow query: 455.8ms query=The Identity and History of the United States are intrinsica… results=100 vec_w=0.90 fts_w=0.10
slow query: 607.4ms query=Avoids self-segregation  In a time when the US has begun to … results=100 vec_w=0.90 fts_w=0.10
slow query: 470.1ms query=Bilingual education hurts students  Bilingual education segr… results=100 vec_w=0.90 fts_w=0.10
slow query: 527.6ms query=It specifically denies a rich cultural heritage which is uni… results=100 vec_w=0.90 fts_w=0.10
slow query: 468.8ms query=The US has a long tradition of multiple languages  There is … results=100 vec_w=0.90 fts_w=0.10
slow query: 253.6ms query=Even within the United States people speak English different… results=100 vec_w=0.90 fts_w=0.10
slow query: 838.5ms query=In the current environment, moves to make English the offici… results=100 vec_w=0.90 fts_w=0.10
slow query: 2119.2ms query=Cultural appropriation is parallel to stolen intellectual pr… results=100 vec_w=0.90 fts_w=0.10
slow query: 473.7ms query=Compensation rights a wrong  Compensation is a basic princip… results=100 vec_w=0.90 fts_w=0.10
slow query: 951.2ms query=Compensation is important to give the communities credit the… results=100 vec_w=0.90 fts_w=0.10
slow query: 574.8ms query=Compensation has the potential to reverse damaged caused by … results=100 vec_w=0.90 fts_w=0.10
slow query: 328.6ms query=Reparations and the use of the term 'cultural appropriation'… results=100 vec_w=0.90 fts_w=0.10
slow query: 946.4ms query=No feasible system of which grounds of compensation can occu… results=100 vec_w=0.90 fts_w=0.10
slow query: 1655.1ms query=globalisation and multiculturalism.  Cultural appropriation … results=100 vec_w=0.90 fts_w=0.10
slow query: 969.4ms query=Consumers tend to feel alienated by spreading of their perso… results=100 vec_w=0.90 fts_w=0.10
slow query: 1662.2ms query=Collecting and selling personal information is a major viola… results=100 vec_w=0.90 fts_w=0.10
slow query: 1173.3ms query=Data breaches can result in huge amounts of personal data fa… results=100 vec_w=0.90 fts_w=0.10
slow query: 1891.6ms query=The sort of information being kept and sold is legitimate fo… results=100 vec_w=0.90 fts_w=0.10
slow query: 1638.5ms query=The storing and sale of personal data aids companies by maki… results=100 vec_w=0.90 fts_w=0.10
slow query: 965.6ms query=The sale of personal data makes for better advertising that … results=100 vec_w=0.90 fts_w=0.10
slow query: 472.7ms query=Government contracts can change the software industry for th… results=100 vec_w=0.90 fts_w=0.10
slow query: 1254.6ms query=Open source software is more adaptable to government needs. … results=100 vec_w=0.90 fts_w=0.10
slow query: 653.8ms query=Governments can re-define industry standards by choosing ope… results=100 vec_w=0.90 fts_w=0.10
slow query: 814.7ms query=Open source software undermines national security.  Even if … results=100 vec_w=0.90 fts_w=0.10
slow query: 1169.7ms query=Closed source software is better at meeting consumer needs. … results=100 vec_w=0.90 fts_w=0.10
slow query: 541.2ms query=Open source software is more expensive for governments in th… results=100 vec_w=0.90 fts_w=0.10
slow query: 820.6ms query=Non violent methods of disrupting riots must be tried before… results=100 vec_w=0.90 fts_w=0.10
slow query: 795.0ms query=Free speech is not useful in this context, as riot is never … results=100 vec_w=0.90 fts_w=0.10
slow query: 307.8ms query=Would stop riots from spreading  The police must try to stop… results=100 vec_w=0.90 fts_w=0.10
slow query: 411.7ms query=Social networks serve as a powerful signalling device for th… results=100 vec_w=0.90 fts_w=0.10
slow query: 946.5ms query=Blocking social networks denies people the ability to mobili… results=100 vec_w=0.90 fts_w=0.10
slow query: 866.7ms query=It is better to monitor riots through the social media riote… results=100 vec_w=0.90 fts_w=0.10
slow query: 1112.4ms query=The state can use blocking Twitter and its ilk as precedent … results=100 vec_w=0.90 fts_w=0.10
slow query: 937.0ms query=Police should not block the communications and freedom of ex… results=100 vec_w=0.90 fts_w=0.10
slow query: 511.3ms query=Blocking social networks will not work  How are the police t… results=100 vec_w=0.90 fts_w=0.10
slow query: 402.9ms query=Internet regjulation is a euphemism for censorship  Governme… results=100 vec_w=0.90 fts_w=0.10
slow query: 608.8ms query=Regulating the Internet is a means for governments to spy on… results=100 vec_w=0.90 fts_w=0.10
slow query: 470.5ms query=Internet regulation is an attempt by big interest groups to … results=100 vec_w=0.90 fts_w=0.10
slow query: 484.8ms query=Internet governance is necessary to combat heinous crimes co… results=100 vec_w=0.90 fts_w=0.10
slow query: 620.1ms query=Internet regulation is necessary to ensure a working economy… results=100 vec_w=0.90 fts_w=0.10
slow query: 668.7ms query=Internet regulation is necessary to ensure a safe internet  … results=100 vec_w=0.90 fts_w=0.10
slow query: 187.7ms query=Not censoring helps Google’s business proposition and corpor… results=100 vec_w=0.90 fts_w=0.10
slow query: 199.9ms query=Not censoring its search results is a victory for human righ… results=100 vec_w=0.90 fts_w=0.10
slow query: 292.2ms query=Not censoring puts global pressure on China to change its fr… results=100 vec_w=0.90 fts_w=0.10
slow query: 341.6ms query=Google will help Chinese internet freedom more by staying  A… results=100 vec_w=0.90 fts_w=0.10
slow query: 221.9ms query=As a business, Google shouldn’t interfere with domestic poli… results=100 vec_w=0.90 fts_w=0.10
slow query: 279.7ms query=Google can’t afford to abandon the Chinese market  In 2010, … results=100 vec_w=0.90 fts_w=0.10
slow query: 347.5ms query=A graduated response will be an effective deterrent  Researc… results=100 vec_w=0.90 fts_w=0.10
slow query: 270.9ms query=The unauthorised downloading of copyrighted material should … results=100 vec_w=0.90 fts_w=0.10
slow query: 321.0ms query=A graduated response is the fairest way to enforce copyright… results=100 vec_w=0.90 fts_w=0.10
slow query: 256.3ms query=ISP will not cooperate with a graduated response policy  The… results=100 vec_w=0.90 fts_w=0.10
slow query: 479.0ms query=The graduated response is a violation of the basic right to … results=100 vec_w=0.90 fts_w=0.10
slow query: 521.6ms query=The graduate response policy constitutes an invasion of priv… results=100 vec_w=0.90 fts_w=0.10
slow query: 1563.1ms query=The right to internet access fills a gap in traditional huma… results=100 vec_w=0.90 fts_w=0.10
slow query: 1064.4ms query=Internet access as a new human right.  Access to the interne… results=100 vec_w=0.90 fts_w=0.10
slow query: 796.5ms query=Internet access is a necessary part of the right to freedom … results=100 vec_w=0.90 fts_w=0.10
slow query: 437.9ms query=Internet access is a commodity not a human right.  If a huma… results=100 vec_w=0.90 fts_w=0.10
slow query: 279.3ms query=Internet access cannot be a human right when it is not avail… results=100 vec_w=0.90 fts_w=0.10
slow query: 1223.4ms query=Internet access is an enabler of rights not a right in itsel… results=100 vec_w=0.90 fts_w=0.10
slow query: 418.5ms query=Human rights are dependent upon the state  There is clearly … results=100 vec_w=0.90 fts_w=0.10
slow query: 438.7ms query=You are not going to be arrested because the government has … results=100 vec_w=0.90 fts_w=0.10
slow query: 264.9ms query=There is no physical risk  In terms of physical risk it is a… results=100 vec_w=0.90 fts_w=0.10
slow query: 227.3ms query=There are safeguards to prevent misuse  In democracies there… results=100 vec_w=0.90 fts_w=0.10
slow query: 203.0ms query=No one will ever actually look at the information  If the co… results=100 vec_w=0.90 fts_w=0.10
slow query: 494.7ms query=Lack of trust  The problem is that when it comes to privacy … results=100 vec_w=0.90 fts_w=0.10
slow query: 360.7ms query=Loss of Privacy  It is wrong to state that we only have anyt… results=100 vec_w=0.90 fts_w=0.10
slow query: 930.7ms query=The use of meta data causes unintentional harm  The other po… results=100 vec_w=0.90 fts_w=0.10
slow query: 584.9ms query=Abuse of information and power by intelligence agencies  Eve… results=100 vec_w=0.90 fts_w=0.10
slow query: 870.1ms query=A threat to democracy  Yes the NSA is unlikely to look at in… results=100 vec_w=0.90 fts_w=0.10
slow query: 349.9ms query=Risk of a two-tier Internet  As things stand there are relat… results=100 vec_w=0.90 fts_w=0.10
slow query: 547.3ms query=Privacy  This was the clinching argument in the Dutch exampl… results=100 vec_w=0.90 fts_w=0.10
slow query: 658.8ms query=Threats to Freeware, Shareware and Objectivity  There are ve… results=100 vec_w=0.90 fts_w=0.10
slow query: 342.4ms query=Allow ISPs to monitor and remove illegal or unwanted data  M… results=100 vec_w=0.90 fts_w=0.10
slow query: 632.6ms query=Realistic costs for users and providers of bandwidth and pho… results=100 vec_w=0.90 fts_w=0.10
slow query: 646.6ms query=Incentivise ISPs to provide more data capacity  If the ISPs … results=100 vec_w=0.90 fts_w=0.10
slow query: 119.8ms query=The Null Hypothesis  With regards to any proposition the onl… results=100 vec_w=0.90 fts_w=0.10
slow query: 333.4ms query=The God hypothesis is unnecessary  Science provides us with … results=100 vec_w=0.90 fts_w=0.10
slow query: 326.6ms query=Religions have no true claim to special moral knowledge  Rel… results=100 vec_w=0.90 fts_w=0.10
slow query: 170.9ms query=The Prime Mover  The universe follows rules of causality – c… results=100 vec_w=0.90 fts_w=0.10
slow query: 153.5ms query=The rareness of Life  Life requires an extremely fine set of… results=100 vec_w=0.90 fts_w=0.10
slow query: 487.7ms query=If there is a benevolent deity, then there should not be the… results=100 vec_w=0.90 fts_w=0.10
slow query: 802.2ms query=entirely natural theories can adequately explain belief in G… results=100 vec_w=0.90 fts_w=0.10
slow query: 773.8ms query=In reality there are only two theological positions, atheism… results=100 vec_w=0.90 fts_w=0.10
slow query: 1601.2ms query=Entirely natural theories can adequately explain the existen… results=100 vec_w=0.90 fts_w=0.10
slow query: 350.4ms query=Even if atheism was wrong and God did exist His seeming lack… results=100 vec_w=0.90 fts_w=0.10
slow query: 995.4ms query=If there were a God there would be irrefutable evidence of H… results=100 vec_w=0.90 fts_w=0.10
slow query: 425.7ms query=The nature of God as it is conventionally described is logic… results=100 vec_w=0.90 fts_w=0.10
slow query: 799.7ms query=The complexity of the universe and of life cannot be explain… results=100 vec_w=0.90 fts_w=0.10
slow query: 358.8ms query=Everything that begins to exist must have a cause. Since the… results=100 vec_w=0.90 fts_w=0.10
slow query: 636.7ms query=In the absence of positive evidence for the existence of God… results=100 vec_w=0.90 fts_w=0.10
slow query: 279.6ms query=There is always a risk associated with surgery and taking su… results=100 vec_w=0.90 fts_w=0.10
slow query: 1914.7ms query=Cutting off bit of children’s bodies for no apparent reason … results=100 vec_w=0.90 fts_w=0.10
slow query: 386.5ms query=In any other situation involving minors a precautionary prin… results=100 vec_w=0.90 fts_w=0.10
slow query: 246.0ms query=A practice that is thousands of years old and has not been f… results=100 vec_w=0.90 fts_w=0.10
slow query: 381.3ms query=Parents have the right to use their best judgment, in the li… results=100 vec_w=0.90 fts_w=0.10
slow query: 975.4ms query=There is no proven cause of harm and parents routinely make … results=100 vec_w=0.90 fts_w=0.10
slow query: 479.9ms query=Poor families would be helped far more by investment in educ… results=100 vec_w=0.90 fts_w=0.10
slow query: 1165.6ms query=The appropriate setting for sexual relations is within marri… results=100 vec_w=0.90 fts_w=0.10
slow query: 1192.2ms query=The bill violates the Philippine values of harmony and respe… results=100 vec_w=0.90 fts_w=0.10
slow query: 838.6ms query=There are clear and proven benefits to the health of the Fil… results=100 vec_w=0.90 fts_w=0.10
slow query: 2151.1ms query=Any body of values that claims to respect the rights of the … results=100 vec_w=0.90 fts_w=0.10
slow query: 721.9ms query=This is a victory for democracy – a precious Filipino value … results=100 vec_w=0.90 fts_w=0.10
slow query: 358.5ms query=Religious symbols cause problems in schools.  As well as div… results=100 vec_w=0.90 fts_w=0.10
slow query: 486.6ms query=Western societies are secularly focused  Many societies are … results=100 vec_w=0.90 fts_w=0.10
slow query: 387.2ms query=Many symbols are seen as a symbol of oppression on women.  R… results=100 vec_w=0.90 fts_w=0.10
slow query: 405.8ms query=Religious symbols cause division within Western society.  Re… results=100 vec_w=0.90 fts_w=0.10
slow query: 318.9ms query=A ban would be simple to enforce.  A ban would be simple to … results=100 vec_w=0.90 fts_w=0.10
slow query: 232.3ms query=Religious symbols are personal, therefore, they should not m… results=100 vec_w=0.90 fts_w=0.10
slow query: 272.3ms query=It is their culture and religion.  Religions themselves tend… results=100 vec_w=0.90 fts_w=0.10
slow query: 504.2ms query=If you ban one thing, you have to ban lots of things.  Every… results=100 vec_w=0.90 fts_w=0.10
slow query: 207.7ms query=Banning religious symbols is just a way of unfairly targetin… results=100 vec_w=0.90 fts_w=0.10
slow query: 718.7ms query=Integration and the acceptance of Western values are importa… results=100 vec_w=0.90 fts_w=0.10
slow query: 468.8ms query=Individual Freedom  Even if marriages are not made absolutel… results=100 vec_w=0.90 fts_w=0.10
slow query: 648.6ms query=Women in arranged marriages in Europe are disproportionately… results=100 vec_w=0.90 fts_w=0.10
slow query: 305.1ms query=It will cause resentment and make certain communities feel t… results=100 vec_w=0.90 fts_w=0.10
slow query: 493.5ms query=The state should not be allowed to intrude in such personal … results=100 vec_w=0.90 fts_w=0.10
slow query: 653.3ms query=It’s impossible to police such a law.  There is simply no fe… results=100 vec_w=0.90 fts_w=0.10
slow query: 438.1ms query=The government here may legitimately limit ‘free speech’.  W… results=100 vec_w=0.90 fts_w=0.10
slow query: 951.3ms query=Governments have a moral duty to protect its citizens from h… results=100 vec_w=0.90 fts_w=0.10
slow query: 876.3ms query=Even sites that appeared innocent have had a devastating eff… results=100 vec_w=0.90 fts_w=0.10
slow query: 469.2ms query=As an extensive form of media, the Internet should be subjec… results=100 vec_w=0.90 fts_w=0.10
slow query: 673.8ms query=The Internet is a free domain and cannot becontrolled by the… results=100 vec_w=0.90 fts_w=0.10
slow query: 389.6ms query=People often react poorly to being censored by their governm… results=100 vec_w=0.90 fts_w=0.10
slow query: 391.5ms query=Censorship is fundamentally incompatible with the notion of … results=100 vec_w=0.90 fts_w=0.10
slow query: 259.7ms query=Animal research causes severe harm to the animals involved  … results=100 vec_w=0.90 fts_w=0.10
slow query: 294.1ms query=Animals shouldn’t be harmed  The difference between us and o… results=100 vec_w=0.90 fts_w=0.10
slow query: 165.0ms query=It isn’t necessary  We don’t know how we will be able to dev… results=100 vec_w=0.90 fts_w=0.10
slow query: 130.7ms query=Research animals are well treated  Animals used in research … results=100 vec_w=0.90 fts_w=0.10
slow query: 137.4ms query=Animal research is only used when it’s needed  EU member sta… results=100 vec_w=0.90 fts_w=0.10
slow query: 169.7ms query=Testing is needed for really new drugs  The real benefit of … results=100 vec_w=0.90 fts_w=0.10
slow query: 106.1ms query=Animals don’t have human rights  Humans have large brains, f… results=100 vec_w=0.90 fts_w=0.10
slow query: 1161.4ms query=Facebook provides an information point  Undoubtedly, one of … results=100 vec_w=0.90 fts_w=0.10
slow query: 1000.3ms query=Facebook encourages socialisation  One of the most crucial e… results=100 vec_w=0.90 fts_w=0.10
slow query: 1825.4ms query=Facebook is good for democracy  Social networks aid our soci… results=100 vec_w=0.90 fts_w=0.10
slow query: 1312.1ms query=Facebook has some dangerous consequences  Facebook is becomi… results=100 vec_w=0.90 fts_w=0.10
slow query: 362.8ms query=Facebook has a negative impact on learning  For many student… results=100 vec_w=0.90 fts_w=0.10
slow query: 944.0ms query=Facebook is bad for life satisfaction  Every single day, the… results=100 vec_w=0.90 fts_w=0.10
slow query: 584.2ms query=Cyber attacks can do serious damage to the state  Large scal… results=100 vec_w=0.90 fts_w=0.10
slow query: 501.3ms query=Cyber attacks are no different from traditional attacks  The… results=100 vec_w=0.90 fts_w=0.10
slow query: 400.1ms query=Currently there is no way to legally respond to cyber attack… results=100 vec_w=0.90 fts_w=0.10
slow query: 367.6ms query=Cyber attacks are difficult to trace  Cyber attacks are very… results=100 vec_w=0.90 fts_w=0.10
slow query: 612.9ms query=Definition of a large scale cyber attack is extremely vague … results=100 vec_w=0.90 fts_w=0.10
slow query: 401.1ms query=Cyber attacks are often carried out by non-state actors  Cyb… results=100 vec_w=0.90 fts_w=0.10
slow query: 242.5ms query=Electronic communication facilitates sexual misconduct.  Soc… results=100 vec_w=0.90 fts_w=0.10
slow query: 397.6ms query=A teacher-student relationship is not one between friends or… results=100 vec_w=0.90 fts_w=0.10
slow query: 215.8ms query=Acting as a warning signal for children at risk.  It is very… results=100 vec_w=0.90 fts_w=0.10
slow query: 303.1ms query=Teacher’s personal life might undermine educational message.… results=100 vec_w=0.90 fts_w=0.10
slow query: 240.4ms query=The law would violate freedom of speech and association.  Un… results=100 vec_w=0.90 fts_w=0.10
slow query: 201.2ms query=The law would be hard to enforce.  It would be difficult to … results=100 vec_w=0.90 fts_w=0.10
slow query: 235.5ms query=Teachers can be essential in supervising cyberspace.  Social… results=100 vec_w=0.90 fts_w=0.10
slow query: 605.2ms query=Social media can be powerful educational resources.  Many te… results=100 vec_w=0.90 fts_w=0.10
slow query: 1055.2ms query=A strategic missile defense shield will be an effective defe… results=100 vec_w=0.90 fts_w=0.10
slow query: 878.1ms query=As a matter of principle, every country, including the Unite… results=100 vec_w=0.90 fts_w=0.10
slow query: 708.8ms query=A robust missile defense shield will provide the protection … results=100 vec_w=0.90 fts_w=0.10
slow query: 419.2ms query=Strategic missile defense technology is substantially more a… results=100 vec_w=0.90 fts_w=0.10
slow query: 1289.8ms query=The political consequences of the system make the world less… results=100 vec_w=0.90 fts_w=0.10
slow query: 400.0ms query=The system is an incredibly expensive venture that may not e… results=100 vec_w=0.90 fts_w=0.10
slow query: 1302.7ms query=Mutually Assured Destruction breaks down when national missi… results=100 vec_w=0.90 fts_w=0.10
slow query: 1676.9ms query=The default of total copyright is harmful to the spreading o… results=100 vec_w=0.90 fts_w=0.10
slow query: 1801.5ms query=Intellectual property is a legal fiction created for conveni… results=100 vec_w=0.90 fts_w=0.10
slow query: 1003.7ms query=The creative commons is a more effective means for artists t… results=100 vec_w=0.90 fts_w=0.10
slow query: 1566.6ms query=The costs of monitoring copyright by states, artists, and la… results=100 vec_w=0.90 fts_w=0.10
slow query: 1768.6ms query=Artists should retain the right to control their work’s inte… results=100 vec_w=0.90 fts_w=0.10
slow query: 325.2ms query=Artists often rely on copyright protection to financially su… results=100 vec_w=0.90 fts_w=0.10
slow query: 733.2ms query=The lack of control over, and profit from, art will serve as… results=100 vec_w=0.90 fts_w=0.10
slow query: 1925.3ms query=Artists have a fundamental property right over their creativ… results=100 vec_w=0.90 fts_w=0.10
slow query: 952.8ms query=Genetically modified food is a danger to eco-systems.  GM fo… results=100 vec_w=0.90 fts_w=0.10
slow query: 1437.2ms query=Genetically modified food is too new and little researched t… results=100 vec_w=0.90 fts_w=0.10
slow query: 1801.8ms query=GMOs would create too much dependency on biotechnology compa… results=100 vec_w=0.90 fts_w=0.10
slow query: 627.5ms query=Genetically modified organisms can solve the problem of food… results=100 vec_w=0.90 fts_w=0.10
slow query: 1314.4ms query=Genetically modified organisms will prevent starvation due t… results=100 vec_w=0.90 fts_w=0.10
slow query: 298.2ms query=Genetically modified food is no different from any other sci… results=100 vec_w=0.90 fts_w=0.10
slow query: 416.4ms query=Profiling would have caught many of the perpetrators of terr… results=100 vec_w=0.90 fts_w=0.10
slow query: 394.3ms query=When you know terrorists are likely to be members of particu… results=100 vec_w=0.90 fts_w=0.10
slow query: 340.1ms query=The experience of Israel proves that profiling works  Israel… results=100 vec_w=0.90 fts_w=0.10
slow query: 615.2ms query=Randomly checking passengers’ identities is much safer than … results=100 vec_w=0.90 fts_w=0.10
slow query: 187.5ms query=Profiling exacerbates terrorism as it reinforces the percept… results=100 vec_w=0.90 fts_w=0.10
slow query: 247.2ms query=Profiling is simply institutionalizing racism an reduces min… results=100 vec_w=0.90 fts_w=0.10
slow query: 1172.6ms query=Facebook provides an information point  Undoubtedly, one of … results=100 vec_w=0.90 fts_w=0.10
slow query: 1010.5ms query=Facebook encourages socialisation  One of the most crucial e… results=100 vec_w=0.90 fts_w=0.10
slow query: 1826.0ms query=Facebook is good for democracy  Social networks aid our soci… results=100 vec_w=0.90 fts_w=0.10
slow query: 1312.4ms query=Facebook has some dangerous consequences  Facebook is becomi… results=100 vec_w=0.90 fts_w=0.10
slow query: 353.7ms query=Facebook has a negative impact on learning  For many student… results=100 vec_w=0.90 fts_w=0.10
slow query: 938.0ms query=Facebook is bad for life satisfaction  Every single day, the… results=100 vec_w=0.90 fts_w=0.10
slow query: 1473.7ms query=More women in the labour market leads to higher GDP  By intr… results=100 vec_w=0.90 fts_w=0.10
slow query: 388.9ms query=Gender equality is based on fundamental human rights endorse… results=100 vec_w=0.90 fts_w=0.10
slow query: 683.0ms query=Quotas encourage women to pursue education and professional … results=100 vec_w=0.90 fts_w=0.10
slow query: 1585.3ms query=Quota-led gender equality in executive boards will help shap… results=100 vec_w=0.90 fts_w=0.10
slow query: 661.3ms query=Public and private institutions should hire people based on … results=100 vec_w=0.90 fts_w=0.10
slow query: 1115.8ms query=There are other policy options that are less distortive and … results=100 vec_w=0.90 fts_w=0.10
slow query: 546.3ms query=There is no clear link between gender quota and economic gro… results=100 vec_w=0.90 fts_w=0.10
slow query: 182.7ms query=Porn is inherently dehumanising  Pornography necessarily obj… results=100 vec_w=0.90 fts_w=0.10
slow query: 515.2ms query=The feminist movement should not allow women to sell themsel… results=100 vec_w=0.90 fts_w=0.10
slow query: 336.6ms query=Pornography fuels unreachable ideals  Pornography presents a… results=100 vec_w=0.90 fts_w=0.10
slow query: 673.4ms query=Pornography eroticises violence  Many forms of media are oft… results=100 vec_w=0.90 fts_w=0.10
slow query: 795.9ms query=Pornography liberates women  Pornography is massively produc… results=100 vec_w=0.90 fts_w=0.10
slow query: 361.4ms query=The feminist movement cannot afford to alienate itself from … results=100 vec_w=0.90 fts_w=0.10
slow query: 706.2ms query=Attempting to ban it would only cause further problems  Ther… results=100 vec_w=0.90 fts_w=0.10
slow query: 400.5ms query=Freedom of expression is essential for women  Social movemen… results=100 vec_w=0.90 fts_w=0.10
slow query: 318.0ms query=The effects of unemployment  Unemployment has been linked to… results=100 vec_w=0.90 fts_w=0.10
slow query: 329.6ms query=The importance of jobs in livelihoods - money  Jobs are empo… results=100 vec_w=0.90 fts_w=0.10
slow query: 295.6ms query=Labour participation and rights  Labour participation enable… results=100 vec_w=0.90 fts_w=0.10
slow query: 408.1ms query=Women need alternatives for empowerment  Empowerment cannot … results=100 vec_w=0.90 fts_w=0.10
slow query: 198.1ms query=Where are the men?  Is the feminisation of labour emerging w… results=100 vec_w=0.90 fts_w=0.10
slow query: 202.0ms query=Who are the women?  Women are a diverse group, and the femin… results=100 vec_w=0.90 fts_w=0.10
slow query: 220.5ms query=The double burden  Despite a feminising labour market there … results=100 vec_w=0.90 fts_w=0.10
slow query: 999.4ms query=Patenting enables knowledge sharing  Patents are typically g… results=100 vec_w=0.90 fts_w=0.10
slow query: 319.3ms query=Genes are intellectual property thus patentable  The patenti… results=100 vec_w=0.90 fts_w=0.10
slow query: 780.3ms query=Patenting inhibits research and therapeutics  The prevailing… results=100 vec_w=0.90 fts_w=0.10
slow query: 1833.2ms query=A liability regime not patents.  There are alternatives to t… results=100 vec_w=0.90 fts_w=0.10
slow query: 768.7ms query=Immoral to own a human life  Patenting genes and DNA fragmen… results=100 vec_w=0.90 fts_w=0.10
slow query: 660.6ms query=Patenting drives up the cost of therapies and renders them u… results=100 vec_w=0.90 fts_w=0.10
slow query: 377.8ms query=States must be responsible to their own citizens first  Ther… results=100 vec_w=0.90 fts_w=0.10
slow query: 429.7ms query=The Whole System is broken  It is not clear that the system … results=100 vec_w=0.90 fts_w=0.10
slow query: 305.9ms query=The system is open to abuse  It is extremely difficult to te… results=100 vec_w=0.90 fts_w=0.10
slow query: 302.8ms query=The rights of refugees are a cornerstone of international la… results=100 vec_w=0.90 fts_w=0.10
slow query: 369.9ms query=We must practice what we preach  Democratic nations preach t… results=100 vec_w=0.90 fts_w=0.10
slow query: 412.4ms query=We have a duty to help the persecuted  The principles which … results=100 vec_w=0.90 fts_w=0.10
slow query: 9561.4ms query=The failure of rule of law  As the anthropologist and lawyer… results=100 vec_w=0.90 fts_w=0.10
slow query: 1556.8ms query=Cultural relativism and adapting to conflict  The issues und… results=100 vec_w=0.90 fts_w=0.10
slow query: 7417.9ms query=Removing barriers to demobilisation, disarmament and rehabil… results=100 vec_w=0.90 fts_w=0.10
slow query: 2544.2ms query=The cultural construction of armed conflict  The jurisdictio… results=100 vec_w=0.90 fts_w=0.10
slow query: 2389.4ms query=Punishing objectively harmful conduct  Of the tens of thousa… results=100 vec_w=0.90 fts_w=0.10
slow query: 1701.2ms query=Universal rights and collective compromises  Cultural relati… results=100 vec_w=0.90 fts_w=0.10
slow query: 1060.0ms query=Making children military targets  The purpose of the ban on … results=100 vec_w=0.90 fts_w=0.10
slow query: 570.2ms query=Restrictions on migration would benefit people in the cities… results=100 vec_w=0.90 fts_w=0.10
slow query: 726.9ms query=The government has a right to make decisions in the best int… results=100 vec_w=0.90 fts_w=0.10
slow query: 817.8ms query=Restrictions would benefit rural areas  Unlimited rural-urba… results=100 vec_w=0.90 fts_w=0.10
slow query: 661.4ms query=Poor, uneducated people are lured into cities  The cause of … results=100 vec_w=0.90 fts_w=0.10
slow query: 730.4ms query=It is practically impossible to control people's movement  O… results=100 vec_w=0.90 fts_w=0.10
slow query: 333.9ms query=Restrictions cause an incredible loss of potential  One of t… results=100 vec_w=0.90 fts_w=0.10
slow query: 303.5ms query=Rural life is miserable and has higher mortality rates than … results=100 vec_w=0.90 fts_w=0.10
slow query: 501.5ms query=Freedom of movement is an intrinsic human right  Every human… results=100 vec_w=0.90 fts_w=0.10
    NDCG@10=0.4148  p50=470.47ms  ingest=0.86s  fit=9.37s

### Absolute NDCG@10 (real BEIR corpora, full production pipeline)

| Dataset | BM25 | ColBERTv2 | sqlite-vec | snapvec | snapvec-ivfpq |
|---|---|---|---|---|---|
| scifact | 0.665 | 0.693 | 0.7721 | 0.7856 | 0.7507 |
| nfcorpus | 0.325 | 0.344 | 0.3775 | 0.3832 | 0.3493 |
| scidocs | 0.158 | 0.154 | 0.1955 | 0.2072 | 0.1826 |
| fiqa | 0.236 | 0.356 | 0.4652 | 0.4892 | 0.4242 |
| arguana | 0.315 | 0.463 | 0.4316 | 0.4330 | 0.4148 |
| **macro** | - | - | **0.4484** | **0.4596** | **0.4243** |

### Wins vs ColBERTv2 per backend

| Backend | wins / total | datasets won |
|---|---|---|
| sqlite-vec | 4 / 5 | scifact, nfcorpus, scidocs, fiqa |
| snapvec | 4 / 5 | scifact, nfcorpus, scidocs, fiqa |
| snapvec-ivfpq | 4 / 5 | scifact, nfcorpus, scidocs, fiqa |

### Recall@100 per (backend, dataset) -- candidate-set health

| Dataset | sqlite-vec | snapvec | snapvec-ivfpq |
|---|---|---|---|
| scifact | 0.9583 | 0.9967 | 0.9517 |
| nfcorpus | 0.3051 | 0.3551 | 0.2677 |
| scidocs | 0.3928 | 0.4843 | 0.3642 |
| fiqa | 0.7226 | 0.8514 | 0.6317 |
| arguana | 0.9893 | 0.9893 | 0.9723 |

### Full metrics per (backend, dataset)

| Dataset | Backend | NDCG@10 | NDCG@3 | Recall@10 | Recall@100 | p50 ms | mean ms | ingest s | fit s |
|---|---|---|---|---|---|---|---|---|---|
| scifact | sqlite-vec | 0.7721 | 0.7253 | 0.8942 | 0.9583 | 15.92 | 16.70 | 0.61 | - |
| scifact | snapvec | 0.7856 | 0.7271 | 0.9233 | 0.9967 | 13.30 | 14.41 | 0.99 | - |
| scifact | snapvec-ivfpq | 0.7507 | 0.7019 | 0.8637 | 0.9517 | 10.30 | 11.21 | 0.57 | 6.14 |
| nfcorpus | sqlite-vec | 0.3775 | 0.4493 | 0.1772 | 0.3051 | 7.11 | 8.42 | 0.37 | - |
| nfcorpus | snapvec | 0.3832 | 0.4455 | 0.1844 | 0.3551 | 5.46 | 6.75 | 0.63 | - |
| nfcorpus | snapvec-ivfpq | 0.3493 | 0.4233 | 0.1624 | 0.2677 | 2.75 | 3.65 | 0.46 | 4.72 |
| scidocs | sqlite-vec | 0.1955 | 0.1921 | 0.2017 | 0.3928 | 50.68 | 50.84 | 2.61 | - |
| scidocs | snapvec | 0.2072 | 0.1930 | 0.2212 | 0.4843 | 31.25 | 31.76 | 5.52 | - |
| scidocs | snapvec-ivfpq | 0.1826 | 0.1836 | 0.1835 | 0.3642 | 29.24 | 29.54 | 2.74 | 25.83 |
| fiqa | sqlite-vec | 0.4652 | 0.4379 | 0.5345 | 0.7226 | 109.66 | 110.80 | 5.27 | - |
| fiqa | snapvec | 0.4892 | 0.4425 | 0.5766 | 0.8514 | 63.74 | 64.98 | 15.47 | - |
| fiqa | snapvec-ivfpq | 0.4242 | 0.4135 | 0.4576 | 0.6317 | 60.74 | 62.35 | 5.48 | 52.22 |
| arguana | sqlite-vec | 0.4316 | 0.3135 | 0.8478 | 0.9893 | 481.76 | 689.84 | 0.82 | - |
| arguana | snapvec | 0.4330 | 0.3115 | 0.8542 | 0.9893 | 474.82 | 680.49 | 1.51 | - |
| arguana | snapvec-ivfpq | 0.4148 | 0.3020 | 0.8193 | 0.9723 | 470.47 | 677.60 | 0.86 | 9.37 |

wrote experiments/results/beir_snapvec_h2h.json
